<COLLADA xmlns="http://www.collada.org/2005/11/COLLADASchema" version="1.4.1">
  <asset>
    <created>2026-04-01T16:17:35.804075</created>
    <modified>2026-04-01T16:17:35.804075</modified>
    <up_axis>Y_UP</up_axis>
  </asset>
  <library_geometries>
    <geometry id="geometry0" name="SModel">
      <mesh>
        <source id="verts-array">
          <float_array count="60000" id="verts-array-array">0.9550842 1 1 1 0.9536533 1 1 1 0.003872379 1 1 1.231743 0.7181145 1 3 1 1 2.445724 0.423297 0 3 1 0 2.486103 1 1 3.311239 0.2042846 0 4 0 0.4306771 4 0 0 3.747171 1 0 3.508276 0.6758342 0 5 0 0.530641 5 0.5159346 1 6 0 0.5078265 6 0 0 5.378785 0 1 5.357526 0.03844434 0 7 0 0.5337793 7 0 0 6.960622 0 1 6.964373 1 1 7.560214 1 0 7.799648 0 1 7.039768 0.6693226 1 9 0.5 0 9 0 0 8.5 0 1 8.437052 0.2833617 0 10 0 0.4534041 10 0 1 9.677197 0.345903 0 11 0 0.345903 11 0.4684472 1 12 1 0.2238961 12 1 1 11.57031 0 0 11.40923 0 0 12.55324 1 0 12.17855 0 1 12.44412 0.2797266 1 14 1 1 13.60545 0 0.3374944 14 0 0 13.82704 1 0 13.58091 1 0.5 15 0.5 0 15 1 0 14.41909 0 1 14.20197 1 0.510269 16 1 1 15.51027 0.4857941 0 16 0 0 15.51421 1 0 15.5 0 1 15.5 1 1 16.64943 0 0 16.48579 0 1 16.67107 0.7977456 1 18 1 0.8137204 18 1 1 17.69354 0.4820661 0 18 0 0.5075841 18 0 0 17.51793 1 0 18.56621 0 1 18.92073 1 0.551341 20 0.3562522 0 20 1 0 19.43379 1 0 20.68507 1 1 21.46376 0 0 21.07391 1 0 21.3831 0 1 21.01842 0.3872037 1 23 1 0.5 23 1 1 22.5 0.6325657 2 1 1 1.000183 0 0 1.60758 0 0 2 0.4513939 0.5 2 2 1 1.134877 2 0.187202 2 3 1 1.655302 3 1 2 2.907457 0 1.954603 3 0 2 2.977051 0.5 2 4 1 1.300227 4 1 2 3.092543 0 2 3.022949 1 2 4.5 0.4863278 2 6 0 2 5.600645 0.2134584 2 7 1 1.597938 7 1 2 6.510857 0 2 6.784643 0 2 7.734474 0.3927284 2 9 0 2 8.143706 0.28898 2 10 0 1.539771 10 0 2 10.35146 0.6932305 2 12 1 2 11.66718 0.7350271 2 13 0 1.453874 13 1 1.394551 14 0 2 13.69022 1 2 14.72292 0 2 14.39975 1 2 15.36356 0 2 15.4026 1 2 16.69326 0 2 16.5 1 1.265547 18 0.4689509 2 19 1 2 18.38769 0 1.080909 19 1 1.448659 20 1 2 19.5 0 1.466572 20 0.7034758 2 21 1 1.672321 21 0 2 20.36754 0.8423374 2 22 0 1.5 22 0.5 2 23 1 2 22.15766 0 2 22.5 1 3 0.5 1 2.5 0 0.4552315 3 0 0 2.838111 1 0 2.676119 2 1 3 2.110837 0 2.0594 3 0 3 2.56293 1 3 3.5 0 2.822481 4 0 3 3.632786 1 2.644549 5 0 2.5 5 1 2.587498 6 1 2.402062 7 1 3 6.330244 0 3 6.5 0.5 3 8 1 2.5 8 0 3 7.5 1 2.93815 9 0 3 8.819964 0.5 3 10 1 2.5 10 0 2.28898 10 0 3 9.180036 1 2.559112 11 0 2.477346 11 0 3 10.5491 0.6929342 3 12 0 3 11.52855 0.1839281 3 13 1 2.264973 13 1 3 12.24505 0 2.816072 13 0 3 12.7647 1 2.5 14 0 2.309783 14 0 3 13.18393 0.5 3 16 1 2.401533 16 0 3 15.5 0.4759331 3 17 1 2.230698 17 1 3 16.50253 0 3 16.52659 0.4705581 3 18 1 3 17.55547 0 2.586821 18 0 3 17.56079 0.8911013 3 19 1 2.891101 19 0 2.468951 19 0 3 19.5 1 2.296524 21 1 3 20.5 0 3 20.63697 1 3 21.73478 0 2.5 22 0 3 21.36303 1 2.5 23 1 3.5 1 1 4 0.2077539 1 3.792246 0 0.1431482 4 0 0 3.950185 0 0 3.131661 1 1 4 1.86744 0 4 1.570003 0.8301742 4 3 1 3.868028 3 0 4 2.503727 0.561272 4 4 1 3.561272 4 1 4 3.162831 0 4 3.426346 1 4 4.438728 0.5603604 4 6 1 3.411858 6 1 4 5.58681 0 4 6.472984 0.9044687 4 8 0 4 7.620473 1 3.04001 9 1 4 8.06296 0 3.180036 9 1 4 9.490196 0 3.945047 10 0 4 9.945047 1 3.716595 11 1 4 10.7833 0 3.643481 11 0 4 10.11332 0.3065885 4 12 1 3.666382 12 0 3.910671 12 0 4 11.86362 1 3.616031 13 1 4 12.2068 0.5104963 4 14 1 3.510496 14 0 4 13.47785 0.1297751 4 15 1 3.593934 15 1 4 15.50639 0 3.556196 16 0.2284912 4 17 1 4 16.39991 1 4 17.5 0 3.89167 18 0 3.650375 19 0.511322 4 21 1 4 20.51132 0 3.363031 21 0.5 4 22 1 3.265222 22 0.3741954 4 23 1 4 22.5 0 3.625805 23 0 4 22.6258 1 4.207754 0 0.4547012 5 0 0 4.049916 0 0 5 0.4547012 0.5579353 5 2 1 5 1.557935 0 4.429997 2 0 4.426346 3 0 5 2.5 0.4548868 5 4 1 5 3.188023 1 4.66452 5 0 4.00183 5 0 5 4.587305 0.5 5 6 1 4.41319 6 1 5 5.33548 0 4.472984 6 0.5 5 7 1 5 6.5 0 4.5 7 0 5 6.5 0.2334869 5 8 1 5 8.710888 0.6194395 5 10 1 5 9.335951 0 4.054953 10 1 5 10.38056 0 4.085544 12 0.5961771 5 13 1 4.479219 13 0 5 12.43441 0.6296293 5 14 1 5 13.53521 0 5 13.5 0.7522561 5 15 1 4.674899 15 1 5 14.64108 0 4.092524 15 0 5 14.5 1 4.509008 16 1 5 15.33876 0 4.443804 16 0.6146412 5 17 0 5 16.5 1 4.577821 18 0 4.104911 18 0 5 17.57809 0.4084551 5 19 1 5 18.42218 0 4.437742 19 0 5 19.40852 0.9892648 5 21 1 4.991955 21 0 4.583345 21 0 5 20.58328 1 5 21.39379 0 4.936041 22 0.04748625 5 23 1 4.507627 23 0 4.925181 23 0 5 22.58559 0.5 6 1 1 5.5 1 1 5.790023 0 0 6 0.5 1 5.442065 2 1 6 1.5 1 6 2.920356 0 6 2.63941 1 5.5 4 1 5.365085 5 0 5.369636 5 5.373998e-05 6 6 1 5.5 6 1 6 5.46751 0 5.999946 6 0.4942885 6 7 1 5.5 7 1 6 6.5 0 5.505711 7 0 6 6.000055 0.7074069 6 8 1 5.648845 8 0 5.188837 8 0 6 8.745833 0.357393 6 10 1 6 9.699888 0.915956 6 11 1 6 10.85109 0 5.074374 11 0 6 10.2258 1 5.918867 12 1 6 11.85437 0 5.434409 12 1 5.403823 13 0 5.987035 14 0.5 6 15 1 5.247744 15 0 5.5 15 0 6 14.01297 0.6453936 6 16 1 5.539165 16 1 6 15.64539 0 6 15.5 1 6 16.77544 0 5.5 17 0.780362 6 19 1 5.780362 19 0 5.408455 19 0 6 18.29615 0.3967733 6 20 1 6 19.21964 0 5.603163 20 0 6 19.60323 0.4865636 6 21 1 5.007691 21 1 6 20.5 0 5.429776 21 0 6 20.40971 1 5.011791 22 1 6 21.5 0 5.063959 22 0.3924067 6 23 1 6 22.5 0.1607173 7 1 1 6.5 1 1 6.222182 0 0 6.910071 0 0 6.839283 1 0 7 0.3403803 0 7 1.219402 1 7 2.280388 0 7 2.405224 0.6739602 7 4 0 6.18934 4 0 7 3.5 0.6093122 7 5 0 6.612652 5 1 7 5.999913 0 6.000063 6 0.3570786 7 7 1 6.5 7 0 6.637659 7 0 7 6.60442 1 6.768344 8 0 7 7.357079 0.9310311 7 9 1 6.971735 9 0 7 8.724976 0.667094 7 10 1 7 10.49089 0 6.62959 11 0.5 7 12 1 7 11.21316 0 6.5 12 1 6.725994 13 1 7 12.72599 0 6.947629 13 0.7046994 7 14 1 6.704699 14 0 7 13.02744 0.5545046 7 15 1 7 14.34279 0 7 14.5 1 7 15.5256 0 6.637454 16 1 6.15802 17 0 6.669683 17 0.3674825 7 18 1 6.55129 18 0 7 17.51054 0.03602531 7 19 1 6.219638 19 0 6.963975 19 0 6.695835 20 0 7 19.11503 1 6.5 21 1 6.5 22 1 7 21.5 0 6.983911 22 0 7 21.92209 0.5 7 23 0 7 22.01609 0.6113112 8 1 1 7.611311 1 1 7.534372 0 0.5522523 8 0 0 7.160717 1 0.1958266 8 2 1 7.207871 2 0.6377606 8 3 1 7.542494 3 1 8 2.637761 0 8 2.195827 1 8 3.53902 0 7.836341 4 1 7.476412 5 1 8 4.521591 0 8 4.220522 1 7.000035 6 1 8 5.308216 0 7.459054 6 0 8 5.408873 1 8 6.566698 0 7.529311 7 0 8 6.669394 0.0743076 8 8 1 7.110878 8 1 8 7.433302 1 8 8.50218 0 7.336889 9 0 7.343584 10 1 8 10.66929 0 8 10.53022 1 8 11.39356 0 7.5 12 0 8 11.46978 1 8 12.83859 0 8 12.56838 0.4767317 8 14 1 7.339209 14 1 8 13.1522 0 7.573488 14 0.1317179 8 15 1 8 15.95402 0.3763146 8 17 1 7.663596 17 1 8 16.10084 0.5 8 18 1 7.44871 18 0 7.321058 18 1 7.667782 19 0 8 18.5 1 7.454722 20 0 7.223311 20 1 8 20.77144 0 8 20.5 0.7258205 8 22 1 8 21.76509 0 7.063589 22 1 7.541861 23 1 8 22.09714 1 8.98323 1 1 9 0.9892717 0 8.999229 0 0 9 0.00112477 1 9 1.015382 0 8.195827 2 0 9 1.406526 0.435171 9 3 1 8.362239 3 0 8.564829 3 0 9 2.564829 0.9685957 9 4 1 8.972831 4 1 9 3.986615 0 9 3.648052 0.2643169 9 5 0 8.745938 5 0.4546353 9 6 1 9 5.396028 0 8.545365 6 0 9 5.220332 1 8.433302 7 0 8.941494 7 0 9 6.964491 0.4585693 9 8 1 8.5 8 1 9 7.5 0 8.086572 8 0.3425995 9 9 0 8.731566 9 0.5 9 10 0 8.5 10 0.6603221 9 11 1 8.489936 11 0 9 11.60403 0.8888723 9 13 1 9 12.84371 0 8.431617 13 0.2104361 9 14 1 9 13.11113 0 9 13.78956 0.9814076 9 15 1 8.981408 15 1 9 14.98141 0 8.131718 15 0 9 14.21044 0.6326003 9 16 1 8.076631 16 1 9 15.03159 0 9 15.5 0.4862901 9 17 0.6460256 9 18 1 8.646026 18 1 9 17.64603 0 8.5 18 0 9 17.48629 1 8.332218 19 0 8.5 19 0 9 18.5 0.5 9 20 1 8.5 20 0 9 19.5 1 8.228557 21 1 9 20.5 0 8.502561 21 1 8.08338 22 1 9 21.5 0 9 21.91065 1 8.458139 23 1 9 22.5 0 8.461511 23 0 9 22.17403 1 10 0.4000897 0 10 0.2569109 0.6457596 10 2 1 9.55859 2 0 10 1.5 1 9.683616 3 0 10 2.576808 0 9.294989 4 0.5 10 5 1 9.396028 5 1 10 4.5 0 9.190665 5 0.2685276 10 6 1 9.605175 6 1 10 5.605175 0 9.776818 6 0 10 5.806773 1 9.5 7 0 9.029777 7 0 10 6.193227 0 9.672532 8 0.8178366 10 9 0 10 8.291985 1 9.519263 10 1 10 9.193931 1 9.5319 11 0.2319785 10 12 1 9.402944 12 0 10 11.76802 1 9.111128 13 1 10 12.5 0.839058 10 14 0 10 13.46445 1 9.042428 15 0 10 14.56384 0.7515798 10 16 0 10 15.43616 0.9895688 10 17 1 9.993384 17 1 10 16.98025 0 9.599733 17 0 10 16.61283 0 9.550801 18 0 10 17.43652 0.5 10 19 1 9.5 19 1 10 18.3271 1 10 19.5 0 9.910359 20 0.2541809 10 21 1 9.5 21 0 10 20.22416 0 10 21.25418 0.7461486 10 23 1 9.746149 23 0 10 22.5 1 10.40009 0 0.5 11 0 0 11 0.9736757 0 10.5 2 0.09586421 11 3 1 10.41178 3 1 11 2.380367 0.2832313 11 4 1 11 3.397998 0 10.71677 4 0 11 3.150668 1 11 4.5 0 10.84833 5 1 10.4075 6 0.5003229 11 7 1 11 6.487136 0 10.5 7 1 10.5 8 1 11 7.499677 0 10.29199 8 1 11 8.713969 0 10.5 9 0 11 8.5 1 11 9.772452 0 11 9.551675 0.8549695 11 11 1 10.72743 11 1 11 10.41028 0.230383 11 12 1 10.5 12 0 10.50224 12 0 11 12.23038 0.4221867 11 14 0 11 13.68699 0.5591862 11 15 1 10.7471 15 1 11 14.81161 0 11 14.71277 0.5804371 11 16 1 10.37587 16 0 10.56841 16 0 10.43306 17 0 11 16.47863 1 10.3271 18 1 11 17.5 0 10.89169 18 0 11 17.89304 0.5 11 19 0 11 18.09013 0.5 11 20 1 11 19.5 0 10.08964 20 0 11 19.5 0.5374037 11 21 1 10.76111 21 1 11 20.76111 0 10.48311 21 0 11 20.7328 1 11 21.23889 0 10.5 23 0.6367819 12 0 0 12 0.5094839 0.5 12 2 0 11.5 2 0 12 1.490516 0.9283477 12 3 1 12 2.928348 0 12 2.5 1 11.5 4 0 12 3.527514 1 11.48681 6 1 12 5.422525 0 11.33307 6 0 12 5.123194 1 11.49968 7 1 12 6.5 0 12 6.570654 0.05489916 12 8 0 11.96936 8 0 12 7.957702 1 12 8.35238 0.9922269 12 10 1 12 9.992227 0 11.44832 10 1 11.50032 11 0 12 10.5 1 12 11.14487 0 11.99901 12 0 12 11.9997 0 11.45589 14 1 11.88627 15 1 12 15.04133 0 11.43159 16 0 12 15.2164 0.3928196 12 18 1 11.5 18 0 12 17.6015 0.06627081 12 19 1 12 18.5 0 12 18.90114 0.2661683 12 20 1 11.86285 20 0 11.94549 20 0.6712611 12 21 1 11.39058 21 1 12 20.24504 0 11.2672 21 0 12 20.05451 1 11.53254 22 1 12 21.35811 0 11.5 22 0.1828163 12 23 1 11.5 23 0 12 22.81718 1 12.5 1 1 13 0.5 0 12.5 0 0 12.63438 1 0 13 0.6431386 1 13 1.817251 0 12.84672 2 0 13 1.75401 0.1304776 13 3 1 13 2.262572 0.8517934 13 4 0 12.59344 4 1 12.42253 5 1 13 4.096467 0 12.30418 5 1 12.5 7 0 12.45066 7 1 12.87897 8 0.2076837 13 9 1 12.50459 9 1 13 8.070902 1 12.02247 10 1 13 9.742288 1 13 10.25422 0 13 10.78513 0.9996654 13 12 1 13 11.99971 0 12.00034 12 0 13 12.5183 0.5 13 14 0 12.35224 14 0 13 13.44927 1 12.03254 15 1 13 14.64424 0 12.31317 15 0.4067233 13 16 1 12.37669 16 1 13 15.43649 1 12.42632 17 0 12.49406 17 0 13 16.32829 1 13 17.29677 0 12.39282 18 0 13 17.5 0.263122 13 19 1 13 18.5 0.6407172 13 20 1 12.22086 20 1 13 19.64072 0 12.05451 20 0 13 19.26312 0.5 13 21 1 12.32874 21 1 13 20.35928 0 12.5 21 0 13 20.5 0.4426666 13 22 0 12.55733 22 0.5888627 13 23 1 12.71677 23 1 13 22.71677 0 12.2833 23 0 13 22.58392 0.5138848 14 1 1 13.51388 1 0 14 0.5 1 13.18275 2 1 14 1.486115 0 13.15328 2 1 13.67352 3 1 14 2.76662 0 14 2.5 0.1853146 14 4 1 13.09647 4 0 13.72956 4 0 14 3.814685 0.5770336 14 5 1 13.57703 5 1 14 4.577034 0 14 4.185315 0.6755731 14 6 1 14 5.709492 0 13.40675 6 0 14 5.61539 0.04860961 14 7 1 13.5 7 1 14 6.230848 0 14 6.924427 1 14 7.539299 1 13.84675 9 1 13.25422 10 1 14 9.150881 0 13.92476 10 0 14 9.790485 0.8428871 14 12 1 13.00157 12 0 13.46745 12 0 14 11.10763 0.5735724 14 13 1 14 12.22968 0 13.49242 13 0 14 12.54321 0 13.5 14 0 14 13.45679 0.6704535 14 15 1 14 14.67045 0 13.3772 15 0.4972195 14 16 1 13.4162 16 0 13.33075 16 1 14 16.5 0.4350828 14 18 1 14 17.5 0 13.56492 18 0.6340955 14 19 1 14 18.6341 0 14 18.43508 0.2195151 14 20 1 13.3609 20 0 13.78169 20 1 13.5 21 1 14 20.49824 0.5 14 22 1 14 21.5 1 13.44746 23 0 14 22.5 0.9942414 15 1 1 14.99391 1 1 14.62108 0 0.8204326 15 0 0 14.5 1 0 15 1.858125 0.6831653 15 3 1 14.39628 3 0 15 2.141875 1 15 3.327718 0 14.29024 4 1 15 4.487544 0 14.80359 5 0 15 4.694732 1 15 5.5 0 14.4068 6 0 15 5.21147 1 14.5 7 0.5 15 8 1 14.4607 8 1 15 7.5 1 14.15088 9 0 14.31353 9 0 15 8.598033 0.3997285 15 10 1 14.5238 10 1 15 9.523796 0.8191664 15 11 1 14.85382 11 1 15 11.14618 0 14.72385 12 1 14.38468 13 0.282224 15 14 1 15 13.5 0 14.71778 14 0.4470895 15 15 1 15 14.71562 0 15 14.55028 0.2069618 15 16 1 14.5 16 1 15 15.28438 0 14.79121 16 0 15 15.55183 0.5176995 15 17 0 14.3313 17 0.5282521 15 18 1 15 17.51057 0 15 17.5 1 15 18.47175 0 14.77763 19 0 14.23937 20 0.4304048 15 21 1 14.71956 21 0 15 20.75084 1 14.5 22 1 15 21.28044 0.5457764 15 23 1 15 22.61581 0 14.57155 23 1 15.00576 1 1 15.34308 0 1 15.45239 2 0 15.23535 2 0.1231511 16 3 1 16 2.390282 0.7995197 16 4 1 15.8145 4 0 16 4.507881 0.5 16 6 1 16 5.5 0 15.47682 6 1 15.93507 7 1 16 6.935073 0 15.5 7 0.5 16 8 0 16 7.5 0.3778779 16 9 0 15.5253 9 1 16 9.606281 0 15.632 10 0 15.43679 11 1 15.68495 12 0 15.41884 12 1 15.74345 13 0 15.07004 13 0.5593434 16 14 0 16 13.14882 1 16 14.35803 0 15.24319 15 0.2538867 16 16 1 16 15.47638 0.5304798 16 17 1 15.58692 17 1 16 16.58583 0 15.57445 17 0 16 16.29874 0.4924549 16 18 0.2207131 16 19 1 15.5 19 0.8632074 16 20 1 15.95716 20 1 15.33405 21 0 16 20.26454 1 15.65147 22 1 16 21.59222 0 15.45908 22 0 16 21.52869 0 15.73193 23 1 17 0.1866716 1 16.64614 0 0.8080859 17 0 0.5 17 2 1 16.39028 2 1 17 1.5 0.5 17 3 1 16.5 3 1 17 2.5 0 16.12315 3 0 17 2.5 1 16.17809 4 0 17 3.5 0.5 17 5 1 16.5 5 0 17 4.5 0.9748074 17 6 0.04462492 17 7 1 17 6.016086 0 16.95538 7 0 17 6.931241 0.5 17 8 0.6288415 17 9 0.8065959 17 10 1 17 9.711112 0 16.26064 10 0 17 9.5 0.3510073 17 11 0 16.64899 11 1 16.31505 12 1 17 11.5 0 16.34612 12 1 17 12.5 0 17 12.64932 0.4200301 17 14 1 16.36501 14 1 17 13.54987 0 16.50187 14 0 17 14.3722 1 17 15.69378 0 16.23988 16 0 17 15.5 1 16.39602 17 1 16.5 18 0.8820156 17 19 1 16.90553 19 0 16.2664 19 0 17 18.41227 0.5 17 20 1 17 19.09447 0 17 19.43817 0 17 20.82803 1 16.59395 22 0 16.55203 22 1 16.5 23 0 16.34354 23 1 18 0.4977112 0.01761937 18 0 1 18 1.600621 0 17.5 2 0 18 1.5 1 18 2.990077 0 17.5 3 0 18 2.5 0.4677616 18 5 1 17.5 5 1 18 4.485443 0 17.53224 5 1 17.0175 6 0 18 5.76411 0 17.04462 7 0.933535 18 8 1 17.93354 8 1 18 7.810182 0 17.5 8 1 17.85713 9 0 18 8.5 0 17.67746 10 0 17.35101 11 0.3918476 18 12 1 17.5 12 0 18 11.60815 0.5 18 13 1 17.5 13 1 18 12.5 0 18 12.39185 0.4601652 18 14 0 18 14.63777 1 17.28499 16 0 17.96253 16 1 17.50672 17 0 17.5 17 1 17.5 18 0 17.99985 18 0.5 18 19 1 18 18.5 1 17.54995 20 0 18 19.59152 1 18 20.45005 0 18 20.59289 0.5213613 18 23 0 17.3441 23 0 18 22.03176 0.1930672 19 1 1 18.75612 0 0 18.80693 1 0 19 0.8069328 1 18.74824 2 0 18.83366 2 0 19 1.545282 1 19 4.5 0 18.46776 5 0 19 4.5 1 18.5519 6 1 19 5.572995 0 18.45849 6 0 19 5.757321 0.6280514 19 7 1 19 6.602926 0 18.54683 7 0.4914421 19 8 1 19 7.329212 0 19 7.461663 1 18.08957 9 1 19 8.5 0 18.68446 9 0.8296034 19 10 1 18.8296 10 0 19 9.315545 1 19 10.1704 1 18.93805 12 1 19 11.93805 0 19 11.85125 0 18.73215 13 0.3604136 19 14 1 18.42238 14 1 19 13.27515 0 18.5252 14 0.5601885 19 15 1 18.56019 15 0.718715 19 16 1 18.71872 16 1 18.63387 17 0 18.5 17 0 19 16.5 0.9995955 19 18 1 18.99964 18 0 19 17.52597 0.5804599 19 19 1 18.58046 19 1 19 18.0005 0 18.5 19 0 19 18.47403 1 18.78343 20 0 18.58693 20 0 19 19.67295 1 18.58439 21 1 19 20.24133 0 18.32688 21 0 19 20.33232 1 18.64744 22 0 18.03176 22 1 19 22.76105 0 18.5 23 0 19 22.5 1 19.50734 1 1 20 0.507338 0 20 0.7358414 1 19.29044 2 0 19.16634 2 1 20 2.287723 0 20 2.688159 0.3027668 20 5 1 20 4.5 0 19.69723 5 1 20 5.741219 1 19.32921 7 0 19.51393 8 1 20 8.295052 0 20 8.477521 0.5 20 10 1 19.1704 10 1 20 9.5 0 19.5 10 0 20 10.55565 0.6059695 20 12 1 19.09219 12 0 20 11.44435 1 20 12.50634 0.3292269 20 14 1 20 13.54452 0 19.5238 15 0 20 14.22257 0.5 20 16 0 20 15.4762 1 19.35991 17 1 20 16.5 0 19.65476 17 0.5 20 18 1 20 17.5 0.6163437 20 19 1 19.53728 19 0 19.5 19 1 19.29329 20 0 19.37523 20 0 20 19.55273 0.4689467 20 21 0 19.52511 21 0 20 20.47818 0 20 21.94477 0.8196291 20 23 1 19.44141 23 0 20 22.04995 0.4077555 21 1 1 20.79018 1 1 21 0.765507 1 20.54296 0 0 20.53676 0 0.7337028 21 2 1 21 1.415349 0 20.5 2 0 21 1.150762 1 20.61559 3 0 20.46508 3 0 21 2.657378 1 20.89955 4 0 20.36211 4 0.9992626 21 5 0 21 4.166542 1 20.35346 6 0 20.05051 6 0 21 5.695991 1 21 6.389725 0 21 6.304009 0.5202964 21 9 1 21 8.616407 0 20.59703 9 1 20.5 10 0 21 9.465216 1 21 10.64907 0 21 10.47765 0 20.79631 12 1 20.38799 13 0 20.2003 13 0 20.37773 14 0.5733604 21 15 1 20.33432 15 1 21 14.20864 1 20.98376 16 0 21 15.62352 1 20.5804 17 1 21 16.02232 0 20.35374 17 0 21 16.38325 0.2440769 21 18 1 20.58041 18 1 21 17.50001 0 20.81075 18 0.6814842 21 19 1 21 18.60734 0 21 18.18925 0.3411599 21 20 1 20.3528 20 1 21 19.31852 0 21 19.65884 0.09869025 21 21 1 21 20.78812 0 21 20.94621 1 20.51484 22 1 21 21.22197 0 20.78349 22 1 20.17769 23 1 21.87183 0 0.8017966 22 0 0 21.15076 1 0 22 0.3335941 1 21.2663 2 0.03406894 22 3 1 21.53443 3 0 22 2.185168 1 21.10045 4 0 21.30821 4 0 22 3.041025 1 22 4.969417 0 21.5 5 0 22 4.309636 1 21.52524 7 0 21.5 7 0.8869168 22 8 1 21.88692 8 0 22 7.5 0 21.58763 9 0 22 8.678587 0.873575 22 10 1 21.87358 10 1 22 9.873575 0 22 10.95083 0.4487518 22 12 0 21.42785 12 0 22 11.13133 0.1654681 22 13 1 21.60152 13 1 22 12.38812 0 22 12.72255 0.5 22 14 1 22 13.39848 0 21.3001 14 0 22 13.1161 1 21.76593 15 0 22 14.83536 0.5578006 22 16 1 21.0204 16 0 22 15.16464 1 21.83768 17 1 22 16.84983 0 21.58907 17 0.1646977 22 18 1 21.41959 18 1 22 17.12287 0 21.5421 18 0 21.64464 19 0 22 18.26345 0.3886659 22 20 1 22 19.67889 0.6225543 22 21 1 21.41502 21 0 21.04498 21 0.300988 22 22 0 21.03679 22 0 22 22.27194 0.9203026 23 1 0.6660442 23 0 0 22.63823 1 0.8667219 23 2 1 22.86672 2 1 23 1.241974 0 23 1.361767 0.687561 23 3 1 22.55244 3 0 22.0194 3 0.6215159 23 4 1 22.69304 4 1 22.08057 5 1 23 4.55164 0 22.5 5 1 23 5.327298 0 23 5.883538 1 22.47476 7 1 23 6.425251 0 22.86422 7 0 23 6.456214 1 23 7.685542 0 22.5 8 0 23 7.135782 1 22.12642 10 0.3941589 23 11 1 22.5 11 0 23 10.52632 0.6674749 23 12 1 23 11.66747 0 23 11.39416 0.5987073 23 13 1 22.57446 13 0 22.15211 13 0.06646792 23 14 1 22.5 14 1 23 13.32919 0 22.93353 14 0 23 13.91137 0.2693791 23 15 1 22.19599 15 0.5860431 23 16 1 22.6162 16 0 22.58857 16 1 22.62338 17 1 23 16.85367 0 22.46495 17 0.6177714 23 18 0 23 17.43608 1 22.47167 19 1 23 18.38223 0 22.35536 19 1 22.31643 20 1 23 19.52296 0 23 19.80664 0.9031742 23 21 1 23 20.89483 0.3692588 23 22 0.6199866 23 23 0 22.50989 23 2 1 0.4661599 1.792701 0 1 2 0 0.01398891 2 1 1.186632 2 0 1.29122 2 0.9984309 3 2 1 2.998175 1.438126 0 3 1.300227 1 4 2 0.5 4 2 1 4.776117 1.449519 1 6 2 0.3692561 6 2 1 5.223883 1.662017 1 7 1.9544 0 7 2 0 6.930108 1.439786 1 8 2 1 7.337983 1.187449 0 8 2 0 7.042138 1.442983 1 9 1.818274 0 9 2 1 9.383183 2 0 9.181726 2 0.5 11 1.5 0 11 2 0 10.5 2 0.2497958 12 2 1 11.5 2 0 11.7502 2 0.1333569 13 1.866643 0 13 1.463347 1 14 1.631902 0 14 2 0 13.26802 1.5 1 15 2 0.5 15 1.5 0 15 2 0 14.2959 1.646866 0 16 2 0 15.64687 2 1 16.5 2 0 16.40253 2 1 17.5 1.706827 0 18 2 0 17.66143 1.524687 1 19 2 1 18.52469 1.433786 0 19 2 0 18.29317 2 1 19.60728 1.95105 0 20 2 0 19.95105 1.463763 1 21 2 0.1476711 21 2 1 20.36941 1.5 1 22 2 1 21.5 1.633366 0 22 1.5 1 23 2 1 22.5 2 0 22.29997 1.313168 2 1 2 1.129751 1 1.999164 2 0 2 1.406104 2 2 2 1.512752 2 1.001187 3 2 2 2.487248 1.696961 2 4 2 1.696961 4 1.533054 2 6 2 2 5.370597 1.734343 2 8 2 2 7.193599 1.378051 2 9 2 2 9.5 2 2 11.5 1.264973 2 13 2 1.5 13 2 2 12.5 1.5 2 14 2 1.430124 14 1.277077 2 15 2 2 14.5 2 2 16.52123 1.405795 2 18 2 2 17.41283 1.5 2 19 2 2 18.48109 2 1.369414 20 1.776143 2 21 2 1.891604 21 2 2 20.8916 1.282266 2 22 2 1.5 23 1.803776 3 1 2 3 0.8037761 2 2.000836 0 1.5 3 0 2 3 1.97715 2 3 2.811071 2 2.330209 4 2 3 3.001506 2 2.278289 5 2 2.23875 7 2 3 6.783133 1.565681 3 8 2 2.320273 8 2 3 7.265073 1.03853 3 9 2 2.5 9 2 2.70848 10 2 3 9.70848 1.699337 3 11 2 3 10.57774 1.245048 3 12 2 2.5 12 1.532351 3 13 2 2.532351 13 2 3 12.53235 1.631173 3 14 2 2.631173 14 1.640521 3 15 1.788183 3 16 2 2.394623 17 2 2.648528 18 2 3 17.66557 1.985373 3 21 2 2.891187 21 1.473513 3 22 2 3 21.03567 2 2.52588 23 2 3 22.30803 2 3.5 0 1.207754 4 0 2 4 1.125723 1.852783 4 3 2 4 2.974425 2 3.468634 4 2 4 4.610409 1.41319 4 6 1.548793 4 7 2 3.251953 7 2 3.434319 8 2 4 7.451207 1.853238 4 9 2 3.858081 9 1.509451 4 10 2 3.29939 10 2 4 9.146586 1.228015 4 11 2 3.243044 11 2 4 10.50691 1.617762 4 12 2 3.908639 12 1.594751 4 13 2 3.674101 13 2 4 12.19143 1.489504 4 14 2 3.368827 14 1.765657 4 15 2 3.728411 15 2 3.485288 16 1.96986 4 17 2 3.96986 17 1.5 4 18 2 3.334426 18 2 4 17.03014 1.580615 4 19 2 3.548883 19 1.52084 4 20 2 3.289189 20 1.601592 4 21 2 4 20.59242 1.623634 4 22 2 3.399403 22 1.442065 5 2 2 4.5 2 1.188023 5 3 1.5 5 4 2 4.5 4 2 5 3.5 2 4.675555 5 2 5 4.765389 2 5 5.346297 1.648506 5 7 2 5 7.351494 1.352801 5 9 1.38056 5 10 2 5 9.363129 2 4.651594 11 1.20429 5 12 2 5 11.47887 2 5 12.90238 1.370371 5 14 1.247744 5 15 2 4.173045 15 2 5 14.5 2 4.278114 16 2 4.03014 17 1.5 5 19 1.249872 5 20 1.019885 5 21 2 4.623598 21 1.011791 5 22 2 5 21.27643 2 4.365704 23 2 5 22.51459 2 5.877115 1 2 5.131522 0 1.5 6 2 2 5.5 2 1.114551 6 3 2 6 2.599197 1.5 6 4 2 5.5 4 1.46751 6 5 2 5.366538 6 2 6 6.663615 1.292593 6 8 2 6 7.336385 1.491385 6 9 1.359137 6 10 2 6 9.57496 1.012529 6 12 2 5.358853 12 1.971699 6 13 2 5.5 14 2 6 13.0283 1.606434 6 15 2 5.606434 15 2 6 14.60643 2 5.425239 16 1.751349 6 17 2 5.949977 17 2 6 17.05002 1.370898 6 19 2 5.676867 19 2 6 18.67687 2 5.621795 20 2 6 20.67526 2 6 21.49754 1.5563 6 23 2 5.541849 23 2 6.165995 1 2 7 0.5868849 1.48199 7 0 2 6.554549 2 1.619263 7 3 2 6.5 4 2 7 3.292827 1.288456 7 5 2 7 4.5 2 6.336385 7 1.110878 7 8 2 6.5 8 2 7 7.5 2 7 8.64727 1.20711 7 10 2 7 9.35273 1.50741 7 11 2 6.791771 11 2 7 10.79177 1.678417 7 12 2 7 11.35683 1.274006 7 13 2 6.028301 13 2 7 12.32158 1.295301 7 14 1.445495 7 15 2 7 14.5 1.420345 7 16 2 6.5 16 2 7 15.5 1.742052 7 17 2 6.151589 17 1.645398 7 18 2 7 18.30901 1.673637 7 21 2 7 20.67364 1.636683 7 22 2 7 21.45917 1.576669 7 23 2 7.413115 1 2 8 0.5 2 7.5 0 1.447748 8 0 2 7.445451 2 2 8 2.515479 1.514458 8 4 2 7.685659 4 1.523138 8 5 2 7.711174 5 2 8 4.53026 2 7.999145 6 2 8 6.000135 2 8 7.977581 1.756529 8 9 2 7.630743 9 2 7.595771 10 2 8 9.319822 1.612947 8 11 2 7.321583 12 1.261964 8 13 2 7.811024 15 1.732279 8 16 1.356669 8 17 2 7.27545 17 2 8 16.02223 2 8 17.86646 1.64309 8 19 2 8 18.30202 1.74391 8 20 2 7.326363 21 2 7.365726 22 2 8 21.5026 2 8 22.4974 2 8.593438 1 2 9 0.4136641 2 8.674154 0 1.409748 9 2 2 8.5 2 1.70081 9 3 2 8.288826 5 2 9 5.5 1.5 9 7 2 9 6.5 1.869415 9 8 2 9 7.869415 1.344582 9 9 2 9 9.5 1.578451 9 11 2 8.454238 11 2 9 10.72734 2 9 11.3157 2 8.901439 13 2 9 12.94737 2 9 13.04319 1.038081 9 15 1.3674 9 16 2 8.017316 16 2 9 15.32365 2 8.934496 17 2 9 16.94846 2 8.20234 18 2 9 17.10344 1.576985 9 19 2 8.273575 19 2 9 18.39114 2 9 19.42301 2 8.831281 21 2 9 20.83128 1.5 9 22 1.5 9 23 2 9 22.5 1.954611 10 1 2 9.935102 1 2 10 0.9245329 2 9.453487 0 1.533787 10 0 1.585474 10 2 2 9.720257 2 2 10 2.338578 1.986469 10 4 2 9.986469 4 2 10 3.982243 1.812925 10 5 2 10 4.056252 1.394825 10 6 2 10 5.187075 2 10 6.53912 2 9.130585 8 1.182163 10 9 2 10 8.5 2 9.5 10 1.477394 10 11 2 9.430667 11 2 10 10.66863 2 9.486256 12 2 10 11.36599 2 9.055602 13 2 10 12.52822 1.364559 10 14 2 9.749436 14 2 10 13.69636 2 10 14.33893 1.535273 10 16 2 10 15.69441 2 9.051539 17 1.780629 10 19 2 9.722907 19 1.5 10 21 2 10 20.34195 2 9.741783 22 2 10 21.74178 1.253851 10 23 2 9.5 23 2 10 22.25822 2 10.18584 1 2 11 0.5729751 2 10.67576 0 1.781561 11 0 2 10.69114 2 2 10.43141 3 2 11 2.147898 2 10.01353 4 2 11 3.5 1.713851 11 5 1.705683 11 6 2 10.71652 6 1.816494 11 8 1.555051 11 9 2 11 8.411703 1.181868 11 10 2 10.65322 10 2 11 9.376922 1.263513 11 11 2 10.51108 11 2 11 10.52825 2 10.55489 12 2 11 11.40773 1.5 11 13 2 10.43399 13 2 11 12.40782 2 10.86092 14 2 11 13.94876 1.126437 11 15 1.354358 11 16 2 10.22298 16 2 11 16.85865 2 10.63033 18 2 11 17.21917 1.587471 11 19 2 11 18.45509 1.5 11 20 2 10.34195 20 2 11 19.41253 1.238894 11 21 2 10.5 21 2 11 20.5 2 10.5 23 2 12 0.2113405 1.680363 12 0 1.503809 12 2 2 11.14983 2 2 12 1.503809 1.5 12 4 2 12 3.5 2 11.28615 5 2 12 4.5 2 12 5.5 1.523684 12 7 2 11.18351 8 2 12 7.476316 1.651726 12 9 2 11.34678 10 1.527725 12 12 2 11.43488 12 1.835767 12 13 1.842677 12 14 2 11.22439 14 2 12 14.21821 1.301109 12 16 2 12 16.81584 2 11.65692 18 1.550674 12 19 2 12 19.89463 2 12 20.27867 1.467461 12 22 2 11.60189 23 2 12 22.60189 1.82488 13 1 2 13 0.7496236 1.611391 13 0 2 12.49619 2 1.623364 13 3 2 12.72493 3 1.096467 13 4 2 12.50761 5 1.5 13 7 2 12.47632 7 2 13 6.5 1.132359 13 8 1.254217 13 10 1.774247 13 11 2 12.72766 11 2 13 10.77425 1.001081 13 12 2 13 11.51793 1.761732 13 13 2 12.15732 14 2 13 13.21759 1.355763 13 15 1.416199 13 16 2 12.5 16 2 13 15.5 2 12.18416 17 2 13 16.5 1.515329 13 18 2 12.24566 18 1.564942 13 19 2 13 18.54981 2 12.08768 20 2 12.19921 21 2 13 20.5 1.5 13 22 2 13 21.5 2 12.39811 23 1.681507 14 1 2 13.32442 1 2 14 0.4202636 2 13.66481 0 2 13.91774 2 1.289718 14 3 2 13.33705 3 1.820653 14 4 2 13.82065 4 1.422966 14 5 2 14 4.179347 2 14 6.559673 2 13.64212 8 2 14 7.741874 1.51114 14 9 2 14 8.616971 1.560499 14 10 2 13.5605 10 2 14 9.178127 2 13.92977 11 2 14 10.97268 1.998902 14 12 2 13.99925 12 2 14 11.99078 2 13.21759 13 1.335759 14 15 1.718508 14 16 2 13.71851 16 1.708834 14 17 2 13.70883 17 2 14 16.48817 2 13.8489 18 2 13.53986 19 2 14 18.20321 1.760245 14 20 2 14 19.67701 2 13.5 21 2 13.87963 22 2 14 21.87963 1.327939 14 23 2 14 22.12037 1.005759 15 1 2 14.30656 1 2 15 0.2483266 2 14.4924 0 1.718872 15 2 2 14.30237 2 1.316835 15 3 2 14.42738 3 1.687921 15 4 2 15 3.698518 2 14.50629 5 1.723744 15 6 2 14.72374 6 2 14.9673 7 2 15 6.934868 1.5 15 8 2 15 8.887233 1.633684 15 10 2 14.59872 10 1.197132 15 11 2 14.00025 12 2 14.63221 13 1.684718 15 14 2 14.48761 14 1.284383 15 15 2 15 14.31528 2 14.77277 17 2 15 17.10777 2 15 18.5 2 14.59234 20 2 14.98685 21 1.539272 15 22 2 14.7582 23 2 15.43323 0 2 15.90109 3 2 16 2.778229 1.51144 16 5 2 15.50515 5 2 16 4.51144 2 15.27626 6 1.077767 16 7 1.5 16 8 2 16 8.8011 1.595507 16 10 1.599349 16 11 1.935269 16 12 1.256551 16 13 2 15.62019 14 2 16 13.78004 2 15.5 15 2 16 14.21996 1.48117 16 16 2 15.4095 16 1.438331 16 17 2 16 16.54343 2 16 17.94327 1.772536 16 19 2 16 18.14647 2 15.1773 20 2 16 19.22746 2 15.0184 21 1.484873 16 22 2 15.60051 22 2 16 22.57391 1.5 17 1 2 16.37244 1 2 17 0.3731785 1.278246 17 0 1.614163 17 2 2 17 1.614163 2 16.156 3 1.609972 17 4 2 17 3.481535 1.778163 17 5 2 16.77016 5 2 17 5.387153 2 16.45159 7 2 17 6.310947 1.5 17 8 2 17 7.5 1.473768 17 9 2 16.27469 9 1.193404 17 10 2 17 9.395985 1.673835 17 11 1.604631 17 12 2 16.04642 12 2 17 11.42537 1.509674 17 13 2 17 12.40466 2 16.21996 14 1.474516 17 15 2 16.5 15 2 17 14.5 1.284988 17 16 2 17 15.5 1.549979 17 17 2 16.50661 17 1.5 17 18 1.094471 17 19 2 16.22746 19 1.520494 17 20 2 16.52049 20 2 17 19.52049 2 17 20.74093 1.267794 17 22 2 16.36239 22 2 17 21.24364 2 16.3504 23 2 17 22.56107 2 17.5 1 2 18 0.4536446 2 17.4176 0 2 17.5773 2 2 18 1.684931 1.004901 18 3 2 17.3726 3 1.981013 18 4 1.522387 18 5 2 17.23769 5 2 18 4.01958 1.478585 18 6 2 18 6.5 2 18 7.735301 1.101414 18 9 2 17.42924 9 2 18 8.292265 2 17.5 10 2 18 9.465734 2 17.32617 11 1.916667 18 13 2 17.91366 13 1.982623 18 14 2 17.98723 14 1.784507 18 15 2 18 15.21549 1.493281 18 17 2 17.45002 17 2 18 16.5 2 18 17.5 1.5 18 19 1.538051 18 20 2 17.56733 20 1.525149 18 21 2 17.26266 21 2 18 20.43726 2 17.71385 22 2 18 21.69285 1.5 19 1 2 18.5 1 2 19 0.5 2 18.45364 0 1.141886 19 2 2 18.70164 3 2 19 2.701643 1.5 19 4 2 19 3.298357 1.890909 19 5 2 19 4.890909 1.899552 19 6 2 18.92318 6 2 19 5.595386 1.668508 19 7 2 18.80427 7 2 19 6.254806 1.5 19 9 2 18.46573 9 1.170397 19 10 1.654157 19 11 2 18.65416 11 2 19 10.65416 2 18.26253 12 2 18.08333 13 2 19 13.54782 1.281285 19 16 2 19 15.23541 1.410347 19 17 2 18.5531 17 1.001561 19 18 2 19 20.98494 2 18.28615 22 1.205676 19 23 2 18.09813 23 1.492662 20 1 2 19.5 1 2 20 1.709879 1.585165 20 3 2 19.37493 3 2 19.5885 4 2 20 3.50344 2 19.10909 5 2 20 4.411499 1.415965 20 6 2 20 6.39356 2 19.5 9 2 20 8.081212 1.5 20 10 2 19.5 10 2 19.34584 11 2 20 10.5 1.478271 20 12 2 20 11.58502 1.748319 20 13 2 19.82425 13 2 20 12.76888 2 19.65137 16 2 20 16.48968 1.999887 20 18 1.385766 20 19 2 19.15913 20 2 20 19.56093 1.622129 20 21 2 19.00368 21 2 20 20.56088 1.501398 20 22 2 19.5014 22 1.37582 20 23 2 19.64758 23 1.953085 21 0 1.544792 21 2 2 20.57404 2 1.973865 21 3 2 20.97691 3 2 20.4115 4 2 21 3.016482 1.845294 21 7 2 20.80496 7 2 21 7.154706 1.383593 21 9 2 20.5 9 1.5 21 10 2 20.5 10 1.534476 21 11 2 20.67985 11 2 21 10.67985 1.058614 21 12 1.583647 21 13 2 20.23011 13 2 21 13.41635 2 20.50584 15 2 21 14.7551 2 20.34863 16 2 20.35806 17 2 21 16.5 2 21 17.67645 2 20.49777 19 2 21 18.32355 1.624434 21 20 1.394917 21 21 2 21 20.59351 1.556801 21 22 2 20.57003 22 2 21 21.35449 1.5 21 23 2 20.2641 23 2 22 0.4633504 2 21.04579 0 1.125354 22 0 1.35233 22 3 2 21.01648 3 2 22 2.5 2 21.5 4 2 22 3.5 1.070774 22 5 2 21.6726 5 1.234181 22 6 2 21.61662 6 1.606126 22 7 2 21.23757 7 2 21.5 8 2 22 7.37003 2 21.52651 9 2 22 9.746203 1.883919 22 11 2 22 10.69962 2 21.84144 12 2 22 11.4107 2 22 12.28149 2 22 13.35252 2 21.44426 15 2 21.61543 16 1.122873 22 17 1.5 22 18 2 22 17.5 1.471669 22 19 2 21.5 19 1.296893 22 20 2 22 19.5 1.338653 22 21 2 21.35758 21 2 21.4286 22 2 22 21.4253 2 21.64121 23 2 23 0.02740643 1.939391 23 0 1.221089 23 2 1.305904 23 3 2 22.5 3 2 22.5 4 2 23 3.5 1.457107 23 5 2 22.49208 5 1.425251 23 6 2 23 5.299497 2 23 7.5 1.5 23 10 2 23 9.5 1.72368 23 11 2 22.25592 11 1.332525 23 12 2 22.15856 12 2 23 11.27632 2 22.32477 13 2 23 12.5 1.5 23 14 1.811501 23 15 1.506848 23 16 2 22.5 18 1.5 23 19 2 22.5 19 1.734299 23 20 2 22.75184 20 2 23 19.75184 1.510987 23 21 2 23 20.76287 2 23 21.09305 3 0.9791926 1 3 0.5 0 2.115196 1 0 2.201951 0 1 3 0.3532382 2 3 1 1.020807 2.530004 0 2 3 0 1.646762 2.003148 1 3 3 0.7266438 3 2.430502 0 3 3 0.6495344 4 3 1 3.522582 3 0 3.610891 2.223883 1 5 3 0.5 5 2.921619 1 6 3 0.7206119 6 3 1 5.921619 2.727434 0 6 3 0 5.820104 3 1 6.472161 3 0.1494474 8 3 1 7.086821 2.850553 0 8 3 0 8.848252 2.532176 1 10 3 0.1352776 10 3 0 9.186042 3 0.5675407 11 3 1 10.53567 3 0 10.1209 3 0.6060391 12 3 1 11.53963 3 0 11.5 2.133357 0 13 3 0 12.5 3 0.5 14 2.2959 0 14 3 0 13.5 3 0.5234765 15 3 0.1147696 16 2.857066 0 16 2.74854 1 17 3 0.7413387 17 2.5 1 18 3 0.4209134 18 3 1 17.25146 3 0 17.56982 2.475313 1 19 3 0.1106062 19 3 1 18.5 3 0 18.8539 2.795803 1 20 3 0.8417444 20 3 1 19.86932 3 0 19.13461 2.195285 0 21 3 0 20.52828 2.5 1 22 2.404857 0 22 2.5 1 23 3 1 22.5 2.720168 0 23 3 0 22.61848 2.831375 2 1 2.000836 2 0 3 1.5 2 2.50465 2 3 3 1.277066 3 2.555188 2 4 3 1.51698 5 3 2 4.271589 3 1.249125 6 3 2 5.784709 2.265657 2 8 3 1.5 8 3 2 8.808 2.691769 2 10 3 2 10.32911 3 2 11.6637 3 1.179474 13 3 2 12.31518 2.5 2 14 3 2 13.5 2.653813 2 16 3 1.651422 16 3 2 15.72687 3 1.361485 17 2.8863 2 18 2.895986 2 19 3 2 18.50606 3 2 19.10401 2.470269 2 21 2.370017 2 22 2.504386 2 23 3 1.504386 23 2.196224 3 1 2.006238 3 3 2.7941 3 5 3 3 4.709826 3 3 5.249497 3 2.402536 7 3 3 6.478923 2.812766 3 8 3 2.849711 8 2.759497 3 9 2.231203 3 11 3 2.475972 11 2.695704 3 12 2.590606 3 13 3 3 12.41803 2.368827 3 14 3 2.5 14 3 3 14.5 3 2.27313 16 2.584404 3 17 3 3 16.5844 2.866436 3 19 3 3 18.74872 3 3 19.11931 3 2.521983 22 3 3 21.37458 3 3 22.42597 2.229596 4 1 2.873691 4 0 2.97386 4 2 3 3.97386 2 3 4 1.947305 3 3.75784 3 2.5 4 4 3 4 3.063399 2.736829 4 5 3 4 4.814358 3 4 5.185642 2.459846 4 7 3 4 6.508707 2.968229 4 8 3 3.843511 8 3 4 7.96714 2.141919 4 9 3 3.240503 9 3 3.469343 10 2.595042 4 11 3 3.610714 11 2.496066 4 12 3 3.810685 12 2.832549 4 13 3 3.876978 13 3 4 12.54458 3 4 13.0787 2.173045 4 15 3 4 14.5 3 3.5 16 3 4 15.5 3 3.287586 18 3 4 17.22347 3 3.5 20 3 4 20.55285 2.741313 4 22 3 4 21.79341 3 4 22.20205 2.5 5 1 3 5 0.4296014 3 4.161039 0 3 5 1.5 3 5 3.5 3 5 4.5 2.403321 5 6 3 4.538785 6 2.351494 5 7 2.51908 5 8 3 5 7.51908 2.434793 5 9 2.532967 5 10 3 4.532967 10 3 5 9.458241 3 5 10.46703 2.789036 5 12 3 4.101035 13 2.5 5 14 3 4.5 14 3 5 13.43183 2.604705 5 16 3 5 15.41688 2.5 5 17 3 5 17.77826 2.5 5 19 3 4.426709 19 3 5 18.22174 2.5 5 20 3 4.5 20 2.290835 5 21 2.995454 5 22 3 5 21.99512 3 4.454053 23 3 6 0.3688321 2.621247 6 0 3 5.677287 2 2.485523 6 3 3 5.58521 3 3 5.642623 4 3 6 3.560346 2.336385 6 7 2.567116 6 8 3 6 7.567116 3 5.425683 9 3 6 8.432884 3 5.467033 10 3 6 9.5 2.569484 6 12 3 5.165243 12 3 6 11.57599 2.080441 6 13 3 5.695379 13 2.568195 6 14 3 5.568195 14 3 6 13.30464 2.393566 6 15 3 6 14.43181 2.522796 6 16 3 5.34634 16 2.261548 6 17 3 5.870571 17 2.5 6 18 3 5.221736 18 3 6 17.12943 2.676784 6 19 3 5.814337 19 3 6 18.81434 2.385251 6 20 3 5.507463 20 2.226312 6 21 3 6 20.49254 2.228038 6 22 3 6 21.5 3 5.893697 23 3 6 22.8937 3 6.828355 1 2.5 7 0 2.445451 7 2 3 7 1.171645 3 6.41479 3 3 7 2.5 3 6.357377 4 3 7 3.5 2.5 7 5 3 6.451285 5 3 7 5.5 2.5 7 7 3 6.5 7 3 7 6.5 2.5 7 8 3 6.432884 8 3 7 7.5 3 7 9.682233 3 6.552234 11 3 7 10.36485 3 6.838733 12 3 7 11.85138 2.5 7 13 3 6.24978 13 3 6.891047 14 3 7 13.91498 2.569731 7 15 2.227627 7 17 3 6.129429 17 3 7 16.5 2.42875 7 18 2.856318 7 19 3 7 18.78027 2.5 7 20 2.470884 7 21 3 7 20.6475 3 6.5 22 2.482194 7 23 3 6.131106 23 3 7 22.55919 2.5 8 1 3 8 0.4320558 3 7.567944 0 2.567944 8 0 2.5 8 2 3 7.5 2 2.484521 8 3 3 7.5 3 3 8 2.5 3 7.572601 4 3 8 3.572601 3 8 4.664877 2.000135 8 6 3 8 5.273373 2.589418 8 7 3 8 6.589418 2.06347 8 8 3 8 7.673049 3 7.545592 9 3 8 8.288909 3 7.745494 10 3 8 9.839687 2.237813 8 11 3 7.447766 11 3 8 10.1372 2.555379 8 12 2.292229 8 13 2.345254 8 14 3 7.102262 14 2.440093 8 15 3 7.718117 15 2.043157 8 16 3 7.719066 16 3 7.373367 18 3 8 17.5 3 7.54321 19 3 8 18.87635 2.25609 8 20 3 8 19.12365 3 8 20.75089 3 7.5 22 3 8 21.24911 2.614493 8 23 2.784844 9 1 3 8.841884 1 2.695338 9 2 3 8.695338 2 2.380954 9 3 3 9 3.477561 2.5 9 5 3 9 4.431475 2.999709 9 6 3 9 5.999709 3 8.410582 7 2.148253 9 8 2.5353 9 9 3 8.489641 9 3 9 10.2907 2.448298 9 12 2.060616 9 13 3 8.588371 13 3 9 12.58837 3 8.533104 14 3 8.41487 15 3 9 15.29483 3 8.5 17 3 9 16.5 2.320182 9 18 3 8.177725 19 2.700479 9 20 2.168719 9 21 3 9 20.29952 3 9 21.82751 2.827524 9 23 2.457467 10 0 2.703599 10 3 2.013531 10 4 3 10 3.242211 3 9.536221 5 2.5 10 6 2.46088 10 7 3 9.5 7 3 10 6.5 3 10 7.609414 2.5 10 9 3 9.878145 10 3 10 9.94619 3 9.5 11 3 10 10.05381 3 10 11.5 2.433993 10 13 3 9.411629 13 3 9.47801 14 3 10 14.43826 3 10 15.5 3 9.5 17 3 9.524766 18 2.249432 10 19 3 10 18.51713 3 9.339511 20 3 10 19.5041 2.774242 10 21 3 9.415521 22 3 10 22.26614 2.17239 11 1 3 11 0.1001985 3 10.86118 0 2.71509 11 0 3 10.59822 2 3 11 1.618816 3 11 2.381184 2.780002 11 4 3 10.78 4 2.286149 11 5 3 10.46378 5 2.28348 11 6 3 10.5 6 2.423998 11 7 2.188943 11 8 3 10.39916 8 2.243085 11 9 3 11 8.491031 2.353362 11 10 3 11 9.507227 3 10.96544 11 2.701768 11 12 2.5 11 13 3 10.5 13 3 11 12.22641 2.051244 11 14 3 11 13.5 2.753877 11 15 3 10.75388 15 2.573332 11 16 2.141347 11 17 3 10.5 17 3 11 16.42667 2.369669 11 18 3 11 17.5 2.412529 11 19 3 11 18.5 3 10.4541 20 2.5 11 21 3 10.22576 21 3 11 21.98672 3 10.9594 23 3 11.75949 1 2.552136 12 0 2.769965 12 2 3 12 2.553523 3 11.4539 4 3 12 3.411564 2.5 12 5 3 11.5 5 2.641661 12 6 3 12 5.641661 3 11.5 7 3 12 6.358339 2.522987 12 8 3 11.51403 8 3 11.80499 9 3 12 8.79014 2.437909 12 11 3 11.03456 11 3 12 10.5 3 12 11.5 3 11.5 13 2.400794 12 15 3 11.67507 16 3 12 15.73627 2.187195 12 17 3 12 17.49498 3 11.51742 19 2.122833 12 20 3 11.59301 20 2.822492 12 21 3 12 20.92745 3 12 21.05095 2.645949 12 23 2.388609 13 0 2.767418 13 2 3 12.49261 2 3 13 1.767418 2.296225 13 3 3 13 3.584414 2.678872 13 6 3 13 5.465079 2.605703 13 7 3 13 6.420845 2.329376 13 8 3 13 8.630004 2.5 13 10 3 12.5 10 3 13 9.369996 2.213458 13 12 3 12.5 12 2.401158 13 13 3 12.70664 13 2.683784 13 14 3 13 13.47305 3 12.51786 15 3 13 14.33187 2.544021 13 16 3 12.94581 18 2.805719 13 19 3 12.83396 19 2.5 13 20 3 12.40699 20 2.563777 13 22 3 12.56378 22 2.591969 13 23 3 12.34467 23 2.613287 14 1 3 14 0.6723721 3 13.6361 0 2.359053 14 0 2.402876 14 2 3 13.69525 2 2.565424 14 3 3 13.61113 3 2.285503 14 4 2.855972 14 5 3 13.70966 5 3 14 4.764728 2.5 14 6 2.583808 14 7 3 14 6.640667 3 14 8.042221 3 14 9.531626 2.021549 14 11 2.000439 14 12 3 13.68201 12 3 14 11.68201 3 14 12.83795 3 13.36791 14 2.766425 14 15 3 13.75855 15 3 14 14.72834 3 14 15.252 2.291166 14 17 2.216936 14 18 2.50392 14 19 3 13.22322 19 3 14 18.48324 3 13.63624 20 2.726437 14 21 3 14 20.60289 2.120371 14 22 3 13.43622 22 3 14 21.27356 3 13.40803 23 2.582773 15 1 3 14.28025 1 3 15 0.5827728 3 14.3639 0 2.248327 15 0 2.1802 15 2 3 14.12373 2 3 15 2.624143 2.301482 15 4 2.493712 15 5 3 14.14403 5 3 15 5.756183 3 15 6.267923 2.543736 15 8 3 14.04991 8 3 15 7.512176 3 14.46837 10 3 14.68311 11 2.832598 15 13 3 15 12.00237 2.555959 15 14 3 14.29789 15 3 14.37666 18 3 15 17.04865 3 14.39253 19 3 15 18.5 2.382243 15 20 3 15 19.74167 2.013153 15 21 3 14.27356 21 2.460728 15 22 2.241804 15 23 2.372444 16 1 3 16 0.5 2.278086 16 2 3 15.47895 3 2.5 16 4 3 16 3.381317 2.530524 16 5 3 15.54191 5 3 16 4.541906 2.851055 16 6 2.659658 16 7 3 15.67466 7 2.5 16 8 2.33592 16 11 3 15.31689 11 3 16 10.5 3 16 11.61899 2.513403 16 13 3 16 12.39373 2.219962 16 14 3 15.26888 14 3 16 13.4866 2.636154 16 15 3 16 14.63615 3 15.27265 16 3 16 15.36385 3 16 16.97544 3 16 17.0324 3 16 18.8954 3 16 19.10906 2.547398 16 22 3 15.6803 22 3 16 21.6803 3 15.54959 23 2.5 17 1 3 16.5 1 3 17 0.4915131 3 16.50849 0 2.381154 17 0 2.823293 17 2 3 17 1.881181 3 16.38132 3 3 17 2.118819 3 16.77525 4 3 17 3.775248 2.375307 17 6 3 16.5 8 3 17 7.4515 2.395985 17 9 3 17 8.5 2.542045 17 11 3 17 10.70975 3 16.38101 12 2.584494 17 13 3 17 13.51449 3 17 14.39224 3 17 15.5 2.738584 17 17 3 17 16.77543 3 17 17.35273 2.5 17 19 3 17 18.34702 3 16.41777 20 2.453241 17 21 3 16.72016 21 2.5 17 22 3 16.3197 22 3 17 21.27984 3 16.45041 23 2.5 18 1 3 17.5 1 2.315069 18 2 3 17.11882 2 3 18 1.5 2.5 18 3 2.017932 18 4 3 17.22475 4 2.628169 18 5 3 18 4.648847 2.522474 18 6 3 18 7.696924 2.465734 18 9 3 17.5 9 2.879375 18 10 3 18 9.879375 3 18 10.12062 2.098742 18 14 3 18 13.89443 3 18 14.72426 2.552541 18 16 3 17.55254 16 3 18 17.5 3 17.5 19 2.653692 18 20 3 18 19.72875 3 18 21.5 2.5 19 0 3 18.5 2 3 19 2.5 2.5 19 4 3 18.35115 5 2.076822 19 6 3 18.47753 6 2.19573 19 7 3 19 6.5 3 19 7.675984 2.602224 19 10 3 19 9.113775 3 18.83818 11 2.781938 19 12 3 19 11.40908 3 18.5 13 3 19 12.21806 3 18.63864 14 3 19 13.9374 2.235406 19 15 3 18.043 15 3 19 14.0626 2.688101 19 16 3 19 15.6881 3 18.58384 17 3 19 16.38872 2.128022 19 20 3 19 19.5 2.02259 19 21 3 18.91144 21 3 19 20.91144 2.544719 19 22 2.425448 19 23 2.625191 20 1 3 20 0.6251908 3 19.5 0 3 19.62097 3 2.411499 20 4 3 19.5 4 3 19.50154 5 3 19.86454 6 3 19.60717 7 3 20 6.194968 2.132522 20 8 3 19.45308 8 3 20 7.527901 2.5 20 9 3 20 8.366525 2.5 20 10 3 19.39778 10 3 19.83599 11 2.608098 20 12 2.708263 20 13 3 20 12.83884 2.035534 20 14 3 19.0626 14 3 19.78749 15 3 20 14.78749 2.348626 20 16 3 19.3119 16 3 20 15.21251 3 20 19.13025 2.377871 20 21 3 19.08856 21 3 20 21.5 2.2641 20 23 3 19.47106 23 3 20 22.5 2.40433 21 1 3 21 0.493698 3 20.28809 2 3 21 1.5 3 20.37903 3 3 21 3.70258 2.738502 21 5 3 20.76736 5 3 21 4.584193 2.5 21 6 3 20.13546 6 3 20.54324 7 3 21 6.64767 3 20.36652 8 3 21 7.35233 2.5 21 9 3 20.5 9 3 21 8.5 2.576488 21 10 3 20.57649 10 2.575217 21 11 3 21 10.67872 2.5 21 12 3 21 12.996 3 20.58477 14 3 21 13.00562 2.480612 21 15 3 21 15.25953 2.5 21 17 3 20.18882 19 3 21 18.00048 2.991464 21 21 2.488507 21 22 3 21 21.0045 2.713871 21 23 3 20.71387 23 3 21.5 1 3 22 0.5 3 21.4937 0 2.774564 22 2 3 21.77456 2 3 22 1.774564 3 21.81242 3 3 21.29742 4 3 22 3.18758 2.455793 22 5 3 21.37859 5 3 22 4.669097 3 22 5.731546 3 21.7633 7 3 21.64709 8 3 22 7.236241 2.425231 22 10 3 21.25803 11 2.240755 22 12 3 21.62726 12 2.324775 22 13 3 21.004 13 3 22 12.37274 2.864318 22 14 3 21.8366 14 3 22 13.87821 2.363585 22 15 3 21.33045 15 2.384568 22 16 3 21.88469 17 3 22 16.88469 3 22 17.11531 3 21.39149 19 3 22 19.69071 2.557695 22 21 3 21.00601 21 3 22 20.43276 2.5 22 22 3 21.43989 22 3 22 21.36985 3 22 22.5 2.550985 23 1 3 22.55099 1 3 23 0.5509852 3 22.5 0 2.027406 23 0 3 22.23317 2 3 23 1.459861 2.904745 23 3 3 23 2.900907 3 22.77817 4 2.75101 23 6 3 22.35375 6 2.5 23 7 3 22.14434 7 2.861618 23 8 3 22.77251 8 3 23 7.861618 3 23 8.239291 2.5 23 10 2.576965 23 11 2.938173 23 13 3 22.93817 13 3 22.62438 14 3 23 13.4413 3 22.99475 15 2.400062 23 16 3 23 15.00517 2.406891 23 17 3 22.11531 17 2.5 23 18 2.688429 23 19 2.248158 23 20 3 23 19.31157 3 22.53285 21 3 22.5 22 3 23 21.33974 3.039849 1 1 4 1 0.4932543 3.586426 0 0 4 0 0.5840722 3.370597 0 2 3.5 0 3 4 1 3.773786 3.512862 0 4 4 0 3.623051 3.858311 0 5 4 0.4881903 6 4 1 5.5 3.201152 1 7 3.331494 0 7 4 0 6.48819 3.149447 0 8 4 0.8460411 9 3.030475 0 9 4 0 8.5 4 0.5 10 3.432459 1 11 4 0.4083004 11 3.5917 0 11 3.585548 1 12 4 0.1700234 12 4 1 11.68488 3.913863 0 12 4 0 11.87982 4 0.5 13 4 1 12.31512 3.5 0 13 4 0 12.08614 4 0.5 14 3.483083 1 15 4 1 14.66338 4 1 15.33662 3.083446 0 16 4 0 15.39477 3.25146 1 17 4 0.5 17 4 1 16.5 3.490526 0 17 4 0.05912956 18 3.680152 1 19 4 0.6801518 19 3.110606 0 19 3.130675 1 20 4 1 19.31985 3.5 1 21 4 0.5 21 4 0 20.41606 4 0.5 22 4 1 21.5 3.386468 0 22 4 0 21.5 3.892497 1 23 4 0.892497 23 4 1.509003 1 4 2 0.6414507 4 1.360629 0 3.530905 2 0 4 1.479885 2 3.49535 2 3 4 2 2.5 4 2 3.5 4 1.739619 5 4 2 4.739619 3.204034 2 6 4 1.274089 7 4 2 6.5 3.586421 2 8 4 2 7.586421 3.960219 2 9 4 1.948678 9 4 2 8.986233 4 2 9.00993 4 1.86476 11 4 2 10.86257 3.315179 2 12 3.694583 2 13 4 2 12.69458 3.750427 2 14 4 1.750427 14 4 2 13.56936 4 1.336618 15 4 2 14.24957 4 1.5 16 4 2 15.5 4 1.479918 19 4 2 18.57851 4 1.513332 20 4 2 19.34961 3.120451 2 21 4 2 20.48667 3.810983 2 22 4 1.841141 22 3.495614 2 23 4 1.107503 23 4 2.473215 0 4 2.785452 3 4 3 4.5 4 2.5 6 4 3 5.5 4 2.5 7 4 3 6.5 3.150289 3 8 4 2.413579 8 4 3 7.5 3.240503 3 9 3.651092 3 10 4 2.67437 10 3.921422 3 11 4 2.820147 12 4 3 11.27999 4 2.399568 13 4 3 12.24918 3.638227 3 14 4 2.369767 14 4 3 13.53825 4 2.558433 16 4 3 16.55194 3.357257 3 18 4 2.490604 18 4 3 17.46918 3.162096 3 19 4 2.421196 19 4 3 18.5091 4 2.600739 21 4 3 21.59591 4 2.5 23 4 3 22.31067 3.374581 4 1 4 3.553817 1 4 4 0.002513555 4 3.453701 2 3.081349 4 3 4 4 2.501204 3.477756 4 5 4 3.80052 5 3.5 4 6 4 3.5 6 4 4 5.19948 4 4 7.231615 3.389286 4 11 4 3.078578 11 4 4 10.5 3.222135 4 12 3.093348 4 13 4 4 12.30125 4 3.464309 14 4 4 14.3954 3.5 4 16 3.261407 4 17 4 3.441173 17 4 3.411871 19 3.503291 4 20 4 4 19.50329 3.488759 4 21 4 3.439957 21 4 4 20.53844 3.173961 4 22 4 3.310669 22 4 4 21.4583 3.454053 4 23 4 3.5 23 4 4 22.5 3.5 5 1 4 4.002026 0 3.942431 5 2 4 4.926331 2 4 5 1.942431 3.681452 5 3 3.94956 5 5 3.461215 5 6 4 4.5 6 3.561865 5 7 4 4.278788 7 4 4.5 10 4 5 9.093343 3.70796 5 11 3.207664 5 12 3.538907 5 13 4 4.560598 13 3.897098 5 14 4 5 13.85006 4 5 14.52108 4 4.5 16 4 5 15.09537 4 4.448459 17 3.221736 5 18 4 4.191093 18 3.81163 5 19 4 5 18.81163 4 5 19.28971 4 4.716991 21 3.006936 5 22 3.522306 5 23 4 4.522306 23 4 5.789269 1 4 5.537136 0 3.404099 6 0 3.322713 6 2 4 5.057569 2 4 6 1.210731 4 6 2.5 3.357377 6 4 4 5.784991 5 4 6 4.985659 3.909554 6 6 4 6 5.244296 3.5 6 7 3.615764 6 8 4 5.677368 8 4 6 7.677368 3.59505 6 9 4 6 8.41173 3.541251 6 10 4 6 9.445344 3.5 6 11 3.489847 6 12 4 5.420365 12 4 6 11.56604 3.24978 6 13 4 5.394045 13 3.600777 6 14 4 5.185097 14 4 6 13.66445 3.533755 6 15 4 5.107692 15 4 6 14.36634 4 5.5 16 4 6 15.46625 4 5.5 17 4 6 17.56428 4 6 18.51828 3.492537 6 20 4 6 19.41783 4 5.645511 22 4 6 21.73581 4 6 22.26702 3.363936 7 1 3.5 7 0 3.807184 7 2 4 7 1.602556 4 6.5 3 3.861676 7 4 4 6.861676 4 4 6.014341 5 4 7 4.138324 3.663271 7 6 3.5 7 7 4 6.5 7 4 7 6.336729 3.5 7 9 4 7 8.246035 3.317767 7 10 4 7 9.5 3.158146 7 12 4 6.504339 12 4 7 12.4297 3.085023 7 14 4 6.335549 14 4 6.677162 15 4 7 14.70599 3.5 7 17 3.373367 7 18 4 6.43572 18 4 6.821478 20 3.636731 7 21 4 6.763016 21 4 6.26419 22 4 7 21.23698 4 6.62697 23 4 7 22.63036 4 7.559494 1 4 8 0.7781294 3.5 8 2 4 7.192816 2 4 8 1.221871 3.565881 8 3 4 8 2.565881 3.427399 8 4 4 7.138324 4 4 8 3.434119 3.273373 8 5 4 7.5 5 4 8 4.5 4 7.336729 6 4 7.769469 7 4 8 6.769469 3.319388 8 8 4 7.311548 8 3.265497 8 10 4 7.694488 10 3.5 8 11 4 8 10.30551 4 7.653557 12 4 8 11.71459 3.819542 8 13 4 7.819542 13 4 8 12.64462 4 8 13.26804 4 7.367361 15 3.280934 8 16 4 8 15.41765 3.5 8 17 3.189914 8 19 3.5 8 20 4 7.178522 20 4 8 19.37572 3.304202 8 21 4 8 20.56857 3.5 8 22 4 8 21.43143 4 8 22.90551 3.158116 9 1 4 8.595799 0 3.59091 9 0 4 9 1.5 3.620111 9 3 4 9 2.701756 3.656867 9 4 4 9 3.517374 4 8.727301 5 3.000291 9 6 4 8.5 6 4 8.304982 7 4 9 6.594266 3.995898 9 8 4 9 7.994821 3.767455 9 9 4 8.305512 10 4 9 9.208262 3.827542 9 11 3.5 9 12 4 8.285409 12 4 8.375508 14 3.294834 9 15 4 9 14.5 4 8.5 16 4 9 16.98331 4 8.5 20 4 8.53575 21 4 9 20.6033 4 8.943488 22 4 9 21.91651 4 9.645536 1 4 10 0.2479496 3.79235 10 0 4 9.868 3 4 9.440177 4 4 10 3.113618 3.463779 10 5 4 10 4.3352 3.999709 10 6 3.5 10 7 4 10 6.000291 3.390586 10 8 4 10 7.5 4 9.208262 9 4 10 8.5 3.280002 10 10 3.694551 10 11 4 9.321513 11 4 10 10.24954 3.708265 10 12 4 10 11.51637 3.681431 10 13 3.641568 10 14 3.5 10 15 4 10 14.30356 3.5 10 16 4 9.5 16 4 10 15.5 4 9.124431 17 4 10 16.89331 4 9.55871 18 4 10 18.0204 3.454103 10 20 4 10 20.74165 3.226731 10 22 4 10 21.25835 3.447058 10 23 4 9.5 23 4 10 22.5 4 10.78603 0 3.693211 11 0 4 10.10054 2 4 11 1.435197 3.563249 11 3 4 10.07694 3 3.219998 11 4 4 11 4.5 3.640256 11 6 4 10.00052 6 4 11 5.640256 4 10.5 7 4 11 6.359744 3.912922 11 9 4 10.91292 9 4 10.12758 10 4 10.29173 12 4 11 12.75971 4 10.92131 14 4 11 13.89469 3.311905 11 15 4 10.58131 15 4 11 14.04915 3.426668 11 16 3.704346 11 17 4 11 16.70435 3.882295 11 18 4 10.13503 18 4 11 17.75883 4 10.29197 21 3.01328 11 22 4 11 22.5 3.410437 12 1 4 12 0.4762104 4 11.10648 0 3.227348 12 2 4 11.46942 2 3.549869 12 3 4 12 2.837317 3.740659 12 5 4 12 4.740659 4 11.35974 6 4 11.94961 7 4 12 6.949608 3.477013 12 8 4 12 7.050392 3.902879 12 10 4 11.90288 10 4 12 9.89529 4 11.97368 11 4 12 11.02632 4 11.87325 13 3.260657 12 14 4 11.04376 14 4 12 13.05341 4 11.65701 15 4 12 14.68391 4 12 15.3656 3.59485 12 17 4 12 16.49428 4 11.32115 18 4 11.11634 19 3.493261 12 20 4 12 19.53464 3.050953 12 21 4 11.45792 21 4 12 20.41351 3.633558 12 22 4 12 21.63356 3.278453 12 23 4 11.51562 23 4 12.31266 1 3.3302 13 2 4 12.61928 2 3.474099 13 3 3.291418 13 5 4 13 4.361231 3.863975 13 7 4 12.34114 7 4 12.62249 8 4 13 7.144567 3.369996 13 9 4 12.47909 9 4 12.5 12 4 12.21697 13 3.316216 13 14 3.855784 13 15 4 13 14.86438 3.455979 13 16 4 12.39484 16 4 12.94534 17 4 13 16.96283 3.137096 13 18 4 13 17.09668 3.156609 13 19 4 13 19.81368 3.055691 13 21 4 13 20.18632 3.934434 13 22 4 12.91419 22 3.418867 13 23 4 12.49555 23 3.217992 14 1 4 13.5 1 4 13.45185 0 3.118368 14 2 4 13.38322 2 4 14 2.581158 3.353554 14 4 4 13.36123 4 4 14 3.416262 3.839206 14 6 4 13.19286 6 4 14 5.839206 3.481301 14 7 4 14 6.240689 3.053891 14 8 4 13.43934 8 3.5 14 9 4 14 8.436274 3.5 14 11 4 13.40547 11 4 14 10.5 4 13.94094 12 3.087277 14 13 4 13.14944 13 4 14 13.7125 3.616586 14 15 4 13.45986 15 4 13.5 16 4 13.26506 18 3.759345 14 19 4 13.83002 19 3.848826 14 20 4 13.8036 21 3.5 14 22 4 13.0515 22 3.552914 14 23 4 13.54184 23 3.868303 15 1 4 14.90205 1 4 14.71832 0 3.56092 15 2 4 14.5733 2 3.834202 15 3 4 14.86363 3 4 15 2.867379 4 14.5 4 4 15 3.101205 4 14.5 5 4 14.20688 6 4 15 5.576513 4 14.60333 7 4 15 6.648926 4 15 7.284389 3.636701 15 9 4 15 8.728477 3.654244 15 10 3.567935 15 11 4 14.73914 11 4 15 11.26086 4 14.59795 13 4 15 12.61198 3.485722 15 14 4 14.49423 14 4 15 13.61953 4 15 14.55065 3.272647 15 16 4 14.5 16 4 15 15.24113 3.04865 15 17 4 14.49035 17 4 14.78282 18 4 15 18.46492 4 14.19462 20 4 15 19.4311 3.67171 15 21 4 15 20.46299 4 14.73738 22 4 15 21.57847 3.5 15 23 4 15 22.26262 4 15.12936 1 4 16 0.1955166 3.5 16 2 4 16 1.422234 4 16 2.5 3.575844 16 4 4 15.57584 4 4 15.72908 5 3.148945 16 6 4 15.42349 6 4 16 5.270923 4 15.32665 7 4 16 6.549695 3.877351 16 8 4 15.87735 8 4 16 7.854227 4 15.68754 9 4 16 8.452144 3.841856 16 10 4 16 9.474158 3.5 16 11 4 15.26086 11 4 16 10.15814 3.99902 16 12 4 15.9994 12 4 16 11.9994 3.486597 16 13 4 15.38802 13 4 16 12.0006 4 16 14.79278 4 16 15.78256 3.024555 16 17 3.70213 16 18 4 15.46519 18 4 16 17.75817 4 16 19.5 3.859007 16 21 4 16 20.85901 4 15.26262 22 3.625347 17 1 4 17 0.6253469 3.491513 17 0 3.118819 17 2 4 17 1.374653 4 16.5 3 3.323596 17 4 4 16.54863 4 3.644335 17 5 4 16.40234 5 3.488781 17 6 3.789418 17 7 4 16.78861 7 3.610285 17 8 4 16.1796 8 4 17 7.255875 3.983191 17 9 4 16.90832 9 4 17 8.973925 3.600087 17 10 4 16.53148 11 3.746918 17 13 4 17 12.64433 4 17 14.32441 4 17 15.50709 4 16.65849 17 4 17 16.65208 3.825788 17 18 3.5 17 20 4 17 19.41677 3.279838 17 21 4 16.14099 21 3.5 17 22 4 17 21.5 3.606378 17 23 4 18 0.6216701 3.291603 18 0 3.5 18 2 4 17.5 2 3.931542 18 3 4 17.93154 3 3.949469 18 4 4 17.91927 4 4 17.35567 5 4 17.67834 6 3.613642 18 7 4 18 6.430655 4 17.38971 8 3.737286 18 9 4 17.04578 9 4 18 8.737286 4 17.39991 10 4 18 10.63447 3.431257 18 12 4 17.29568 12 4 18 11.36553 3.504663 18 13 3.043004 18 15 4 17.5 15 3.447459 18 16 3.856729 18 17 4 17.75618 17 4 17.14012 18 3.769876 18 19 4 18 18.69714 4 17.5 20 4 17.78378 21 4 17.5 22 4 18 21.21622 3.5 18 23 4 18 22.5 3.5 19 1 4 18.37833 1 3.5 19 0 3.574333 19 2 4 18.57433 2 4 18.06846 3 4 18.05053 4 4 18.82763 5 3.948835 19 6 4 19 5.794329 3.882373 19 7 4 19 6.288007 4 18.26271 9 3.399481 19 10 4 18.50178 10 4 18.52485 11 4 19 10.65561 3.218062 19 12 3.5 19 13 4 18.49534 13 4 19 12.5 3.460156 19 14 4 19 13.92734 4 18.60496 16 4 19 15.49195 3.512763 19 17 4 18.19801 17 3.739852 19 18 4 18.6618 18 3.988274 19 19 4 18.93006 21 4 19 20.97855 4 18.62307 23 3.448748 20 1 4 20 0.4139162 4 19.65785 0 3.657846 20 0 3.288092 20 2 3.779735 20 3 4 19.5 4 4 20 3.147065 4 19.18519 5 4 20 6.297704 3.768191 20 8 3.757376 20 9 4 19.75738 9 4 20 8.35276 3.573204 20 10 4 19.57146 10 3.036492 20 11 3.754075 20 12 3.080735 20 13 4 20 12.12974 3.895743 20 14 4 19.40233 14 4 19.41131 15 4 19.82554 16 4 20 15.86769 3.5 20 17 4 20 16.12126 3.743043 20 18 3.130252 20 19 3.5 20 20 4 19.48622 20 4 20 19.5 4 19.02032 21 4 20 20.5 3.5 20 22 4 19.5 22 3.5 20 23 4 20 22.5 3.900454 21 1 4 20.39314 0 3.830958 21 3 4 20.45875 3 4 21 2.830958 3.29742 21 4 4 20.5 4 4 21 3.169042 3.4023 21 5 4 21 4.690773 3.535861 21 6 3.605174 21 7 4 21 6.709343 3.702394 21 8 4 20.29182 8 4 21 7.455825 3.533135 21 11 4 20.87406 12 4 21 11.93411 3.029117 21 13 3.259529 21 15 4 20.47506 15 4 21 14.5 3.83532 21 16 4 20.41175 16 4 21 15.83532 3.5 21 17 3.000311 21 18 3.964995 21 19 4 20.97719 19 4 21 18.97719 4 20.65321 20 4 21 19.04211 3.003671 21 21 4 20.50953 21 4 21 20.35548 3.439893 21 22 4 21 21.49047 3.323275 21 23 4 20.54376 23 3.730878 22 1 4 21.23091 1 4 21.67572 0 4 21.5 2 4 22 3.846618 4 22 4.13726 4 21.51752 6 4 22 5.553248 3.144344 22 7 4 21.26194 7 4 22 6.446752 3.35291 22 8 4 21.29761 8 4 22 7.5 4 22 8.62371 3.547069 22 10 4 21.745 10 4 22 9.638019 4 22 10.48801 3.372743 22 12 4 22 11.26423 3.94464 22 14 3.574679 22 15 4 21.65549 15 3.581119 22 16 3.999294 22 18 4 22 18.00071 4 22 19.81089 3.420423 22 21 4 21.54331 21 3.512554 22 23 4 23 0.3205554 4 22.44955 0 3.489064 23 2 3.131557 23 3 4 22.55822 3 4 23 2.589969 4 22.13726 4 4 23 3.410031 4 22.64314 6 3.611711 23 7 4 22.61171 7 4 23 6.413794 4 23 8.413535 3.5 23 10 4 23 9.5 3.268501 23 11 4 22.32012 11 4 22.82577 12 4 23 11.78331 3.061827 23 13 4 23 12.17423 3.003733 23 15 4 22.34451 15 4 23 14.16912 4 22.41888 16 3.620347 23 17 4 23 16.62035 4 22.00071 18 4 23 17.37965 3.5 23 20 4 22.18911 20 3.363909 23 21 4 22.47357 21 3.5 23 22 4 23 21.47353 4 22.57627 23 4 23 22.58849 5 0.5073414 1 5 0.7499765 0 4.611968 1 0 4.334317 0 1 4.479885 1 2 5 1 1.492659 4.481214 0 2 5 1 2.684943 5 0 2.5 4.232679 1 4 5 0.5091415 4 5 0 3.5 4.514992 1 5 5 0.3755324 5 4.493608 0 6 5 0 5.366593 5 0.2486163 7 4.751384 0 7 5 0 6.747312 4.523273 1 8 5 0.4794786 8 5 1 7.586224 5 0 7.337267 5 0.8447212 9 5 1 8.793378 5 0 8.394005 5 0.5102574 10 4.5 1 11 5 0.2570215 11 5 1 10.48974 4.666081 0 11 5 0 10.74298 4.918219 1 12 5 1 11.96063 5 0.3529727 13 5 0 12.37955 4.640231 1 14 5 0.6402311 14 5 1 13.50759 4.5 0 14 5 0 13.24012 4.336618 1 15 5 0.3453929 15 5 1 14.35977 5 0 14.65461 5 0 15.37608 4.5 1 17 5 0.5 17 4.5 0 17 5 0 16.46677 5 1 17.72138 4.089043 0 18 4.319848 1 19 5 0.5 19 5 1 18.27862 4.5 0 19 4.704103 1 20 5 1 19.7041 4.416056 0 20 5 1 20.48433 4.84315 0 21 5 0 20.84315 4.5 1 22 5 0.5 22 4.5 0 22 5 0 21.15685 5 0.5 23 5 1 22.5 5 0 22.5 5 1.492659 1 5 1.240124 0 4.469095 2 0 4.5 2 3 5 1.315057 3 5 1.490858 4 5 2 4.5 5 1.53812 7 5 2 6.201145 5 1.413776 8 5 2 7.46188 5 1.155279 9 5 2 8.5 4.495348 2 10 5 1.489743 10 4.636249 2 12 5 2 11.63625 4.371822 2 13 5 1.438122 13 5 2 12.4349 4.249573 2 14 5 1.359769 14 5 2 13.42624 4.876105 2 15 5 1.876105 15 5 2 14.8761 4.638218 2 16 5 2 15.19966 5 1.867705 17 5 2 16.78804 4.411581 2 18 5 1.278622 18 5 2 17.1323 4.337579 2 19 5 1.5 19 5 2 18.5 5 2 20.12012 4.818306 2 22 5 1.959753 22 5 2 21.95599 5 1.863193 23 5 2 22.20923 5 3 0.6615043 5 2.5 0 4.495867 3 0 4.439202 3 2 5 2.479856 2 5 3 1.385836 4.214548 3 3 5 2.5 3 4.880884 3 4 5 2.880884 4 5 2.177711 6 5 3 5.5 5 2.879746 7 5 3 6.894995 4.5 3 8 5 3 8.881047 5 3 11.43363 5 3 12.63537 4.387109 3 14 5 2.527023 14 5 2.123895 15 5 3 14.47298 4.62064 3 17 5 2.279841 17 4.420713 3 18 5 2.5 18 5 3 17.2818 4.399261 3 21 5 3 20.5 4.31273 3 22 5 3 21.5024 5 2.136807 23 5 3.338496 1 4.002026 4 0 4.434423 4 2 5 3.44889 2 5 4 1.5 4.840612 4 3 5 4 2.873408 5 3.119116 4 5 4 3.126592 4.244754 4 5 5 4 4.565314 4.981709 4 6 5 4 5.976343 4.231615 4 7 5 3.105005 7 5 3.5 8 4.432233 4 9 5 3.118953 9 5 4 8.5 4.803695 4 10 5 3.803695 10 5 3.371033 11 5 4 12.34994 5 4 14.5 4.633315 4 16 5 3.186314 16 5 4 15.63331 4.572379 4 17 5 3.392432 17 4.191093 4 18 5 3.5 19 5 4 18.5 4.787877 4 20 5 3.790069 20 5 4 21.58714 4.534495 4 23 4.117678 5 2 5 4.68587 2 4.359185 5 3 4.676851 5 4 5 4.676851 4 5 4.481014 5 5 5 4.365271 4.438135 5 7 5 4.5 7 5 5 6.5 5 5 7.525907 5 4.5 9 5 5 9.5 4.357325 5 12 5 4.349942 12 5 5 11.34737 5 4.5 13 5 5 12.5 5 5 13.52409 4.095371 5 15 5 4.5 15 4.645501 5 16 5 4.513211 16 5 5 15.6455 5 5 16.75524 4.80795 5 18 5 4.80795 18 5 5 17.42817 5 4.22051 20 5 5 19.11746 5 4.358142 21 4.395335 5 22 5 4.231987 22 5 5 21.43499 5 5 22.5 4.210731 6 1 5 6 0.2414935 5 5.001418 0 4.5 6 2 5 5.31413 2 5 6 1.5 5 5.582151 3 4.5 6 4 5 6 3.374454 5 5.453441 5 4.043069 6 6 5 5.5 6 4.619892 6 7 4.407259 6 8 5 6 7.469364 4.40495 6 9 5 5.5 9 5 6 8.409413 4.745251 6 11 5 5.608928 11 5 6 10.49278 5 5.5 13 5 5.47591 14 5 6 13.5 4.466245 6 15 5 5.5 15 4.5 6 17 5 6 16.07574 4.491497 6 18 5 6 17.5559 4.744339 6 20 5 5.732238 20 4.990212 6 21 5 5.987323 21 4.26419 6 22 5 5.5 22 5 6 21.00979 5 6.578185 1 5 7 0.4418052 5 6.35541 0 4.633942 7 0 5 6.506079 2 5 7 1.427756 5 6.70991 3 4.159905 7 4 5 6.542484 4 5 7 3.224826 4.556558 7 5 5 7 4.51421 4.674476 7 6 5 6.409413 8 5 6.592605 9 5 7 8.592605 5 7 9.446435 5 6.254749 11 5 6.094248 12 4.597166 7 13 5 6.597166 13 5 6.66954 14 5 7 13.57748 5 7 14.85017 4.927559 7 16 5 6.512011 16 5 7 15.5269 5 6.947854 17 5 7 16.58671 4.767881 7 19 5 6.45754 19 5 7 18.61889 5 7 19.2165 5 7 21.13863 4.369642 7 23 5 7.54067 1 5 8 0.5120958 5 7.470237 0 4.5 8 2 4.855781 8 3 5 7.65422 3 5 8 2.885517 5 8 4.5 4.913917 8 6 5 7.722324 6 5 8 5.913917 5 7.220177 7 5 7.89088 8 4.5 8 9 5 7.407395 9 5 8 8.10912 4.63462 8 10 4.75144 8 11 5 7.75144 11 5 8 10.43365 4.568921 8 12 5 8 11.52222 5 8 13.44707 4.417649 8 15 5 8 14.5 4.806711 8 16 5 8 15.80671 5 8 16.20506 4.456695 8 18 5 7.309738 18 5 8 17.48156 5 7.75016 19 5 8 18.91573 5 7.689139 20 5 8 19.16945 4.736992 8 21 5 7.372771 21 4.702138 8 22 5 7.702138 22 5 8 21.38962 4.14307 8 23 5 8 22.40431 4.5 9 1 5 8.382637 1 5 9 0.3843587 5 8.510277 0 4.653959 9 2 5 9 1.653959 5 8.114483 3 5 9 3.5 4.272699 9 5 5 9 4.5 4.5 9 6 5 8.086083 6 4.50758 9 7 5 9 6.601556 4.00677 9 8 5 8.190195 8 5 9 7.559483 4.244889 9 9 5 8.24856 11 4.22723 9 13 5 8.605244 13 5 9 12.15162 4.623579 9 14 5 8.948091 15 5 9 16.92243 5 8.5 18 4.758367 9 19 5 8.224106 19 5 9 18.75837 4.861851 9 20 4.056512 9 22 5 8.297862 22 5 8.991816 23 5 9 22.99487 5 9.384359 0 4.153287 10 0 5 9.346041 2 4.060707 10 3 5 10 2.5 4.418472 10 4 5 10 3.588001 5 9.581732 5 5 9.5 6 4.697803 10 7 5 9.34276 8 5 10 8.562845 4.202708 10 10 5 9.634848 10 5 10 9.57453 5 9.57964 11 5 10 11.97959 4.318569 10 13 5 10 12.01489 5 9.376421 14 5 10 13.5 4.5 10 15 5 9.051909 15 4.612815 10 16 5 10 15.61281 5 9.077574 17 5 9.67499 18 4.551105 10 19 5 9.269302 20 5 10 19.65191 4.258348 10 21 5 9.5 21 4.52944 10 22 5 10 21.52944 5 9.005131 23 5 11 0.6166668 5 10.5 0 4.046967 11 0 5 10.5 2 5 11 1.383333 4.892195 11 3 5 10.91433 3 5 11 2.914333 5 10.412 4 5 11 3.085667 4.859923 11 5 5 10.81529 5 5 10.99935 6 4.567695 11 7 5 10.36253 7 5 11 7.432305 4.688569 11 9 5 11 8.958643 4.697629 11 10 5 10.57027 10 4.98486 11 11 5 10.97924 11 4.5 11 12 5 10.5 13 5 10.67493 14 5 11 13.67493 5 11 14.32507 4.5 11 16 5 11 15.5 4.37414 11 17 5 10.58749 17 5 11 16.58749 5 10.32501 18 4.096372 11 19 5 11 18.5 5 11 19.5 4.457916 11 21 5 10.5 21 5 11 20.5 5 10.47056 22 5 11 21.5 4.5 11 23 5 10.5 23 5 12 0.07843659 5 11.52559 2 5 11.14335 3 5 12 2.617168 4.259341 12 5 5 11.00065 6 5 12 5.5 4.069594 12 7 5 11.5177 7 5 11.04136 9 4.097121 12 10 5 11.30237 10 5 12 10.75752 4.5 12 12 4.072139 12 13 5 11.82079 14 5 11.5 15 5 12 14.09515 4.394837 12 16 4.57506 12 17 5 12 16.66967 4.527348 12 18 4.44753 12 19 5 11.5 19 4.516973 12 20 5 11.60286 20 5 12 19.60286 5 12 21.76757 4.971228 12 23 5 11.97292 23 5 12 22.86197 5 12.67615 1 4.863284 13 2 5 13 1.831068 4.640412 13 3 5 12.49929 3 5 13 3.361577 4.754375 13 5 5 13 5.245625 5 12.76221 8 5 13 7.762214 5 12.56845 9 5 12.5 10 4.405467 13 11 5 12.24248 11 5 13 10.5 4.753749 13 12 5 12.75375 12 5 13 12.25914 4.224252 13 15 5 12.6482 15 4.5 13 16 5 12.5 16 4.265056 13 18 5 12.62395 19 5 13 18.62395 4.209125 13 20 4.069082 13 22 5 13 21.08441 5 13 22.4225 5 13.56037 1 5 13.27578 0 4.698957 14 2 5 13.18597 2 5 14 1.468577 5 13.35959 3 4.517506 14 4 5 13.24563 5 5 14 4.482494 5 13.77787 6 5 14 5.77787 5 14 6.22213 5 13.56839 8 4.547145 14 9 5 13.47842 9 5 14 9.625892 5 14 10.33098 4.059065 14 12 5 13.24625 12 5 14 11.5 5 13.54018 13 5 14 12.55708 5 14 13.69888 4.567748 14 15 5 13.79459 15 5 14 14.70945 4.5 14 16 5 13.5 16 5 14 16.5 5 13.37605 19 5 13.57474 20 4.196396 14 21 5 14 20.39052 4.519481 14 22 5 13.44163 22 4.447086 14 23 5 14.27313 1 5 14.6236 0 4.737632 15 2 5 14.61932 2 5 15 1.792429 5 14.812 3 4.798799 15 4 5 14.7873 4 5 14.5 5 5 15 4.201201 5 14.23288 6 5 15 5.515286 5 14.5 7 5 15 6.484714 5 15 7.5 4.323073 15 9 4.345756 15 10 5 14.33098 10 5 14.67722 11 5 15 10.67722 4.5 15 12 5 14.51622 13 5 14.25516 14 5 15 13.42697 5 14.14355 15 5 15 14.54434 4.806018 15 16 5 14.80602 16 5 14.60898 17 5 15 16.27264 4.226525 15 18 5 15 17.40398 5 14.8243 20 5 15 19.62301 4.32829 15 21 4.896584 15 22 5 14.95748 22 5 15 21.96054 4.931014 15 23 5 15 22.35666 5 15.72692 1 5 16 0.2532936 5 15.20757 2 5 16 1.273082 5 16 2.520364 4.83897 16 4 5 15.6405 4 5 16 3.867015 4.314105 16 5 4.5 16 6 5 16 5.447952 5 15.68502 7 4.564946 16 8 4.165004 16 10 5 15.95379 11 4.000603 16 12 5 15.5 12 5 15.42697 13 4.965105 16 14 5 15.96511 14 5 16 13.96511 4.244067 16 15 5 15.50836 15 5 16 14.04275 5 15.19398 16 4.55537 16 18 5 15.78767 18 4.5 16 19 5 15.18414 19 5 15.59242 21 5 16 20.57053 4.945779 16 22 5 15.41744 22 5 16 21.92308 5 15.1087 23 5 16 22.08622 4.72636 17 1 5 16.62469 1 4.59225 17 2 5 16.59225 2 5 17 1.246891 5 16.99598 3 5 17 2.994624 4.439967 17 6 5 17 5.315653 5 16.31498 7 5 17 6.5 5 17 7.709565 5 16.61369 9 5 17 8.523842 5 16.48734 10 4.46852 17 11 5 17 10.5 4.99692 17 12 4.188132 17 13 5 16.5 13 5 17 12.0013 5 16.03489 14 5 17 13.5 5 16.99893 15 5 17 14.99913 4.924685 17 16 5 16.92664 16 4.341513 17 17 5 17 16.07336 5 16.20342 18 5 17 17.5 4.541814 17 19 5 17 18.62332 4.53023 17 20 5 16.50777 20 5 17 19.4055 4.65545 17 21 5 16.11948 22 4.37833 18 1 5 18 0.5 5 17.5 0 4.5 18 0 4.5 18 2 5 17.40775 2 5 17.005 3 5 18 2.574485 5 17.03639 4 5 17.44479 5 4.463506 18 6 5 17.69872 6 5 18 5.571792 4.329978 18 7 5 17.5 7 5 18 6.301276 4.718163 18 8 4.632534 18 9 5 18 8.654673 5 17.51263 10 5 18 9.178802 5 17.5 11 5 18 10.48737 5 18 11.51336 4.816365 18 13 5 18 12.81109 4.653626 18 14 5 17.65363 14 4.973469 18 15 4.785252 18 16 4.182998 18 17 5 17.57254 17 5 17.63589 18 5 18 17.56595 4.413565 18 19 4.5 18 20 5 17.46977 20 5 18 20.72027 5 17.41392 22 5 18 21.39364 5 18 22.56395 5 18.56294 0 4.425667 19 2 5 18.5 2 5 19 1.5 4.964315 19 3 4.5 19 4 5 18.87386 5 5 19 4.923266 5 18.30128 6 5 19 5.076734 4.117627 19 7 5 18.32286 8 5 19 7.548527 4.705232 19 9 5 18.33122 9 5 19 8.663207 5 18.48737 10 5 19 9.294768 4.704523 19 11 4.5 19 12 5 18.48664 12 4.588784 19 13 5 18.24019 13 5 19 12.58878 4.072657 19 14 5 19 13.41122 4.387372 19 15 4.517229 19 17 5 18.54149 17 5 19 16.5868 5 18.43537 18 5 19 17.45985 4.018187 19 19 5 19 18.53689 4.486224 19 20 5 18.85598 21 4.680186 19 22 5 18.55992 22 5 19 21.12202 4.376931 19 23 4.424114 20 1 5 19.5 1 5 19.43706 0 5 19.53831 2 5 20 1.538313 4.154561 20 3 5 20 2.476266 4.478177 20 5 5 20 4.5 5 20 5.712303 5 19.95127 7 5 20 6.887446 4.243323 20 8 5 19.60253 8 5 20 7.086213 4.587992 20 10 5 20 9.657147 4.5 20 11 4.129744 20 12 5 19.41122 13 4.1214 20 14 5 19.54278 14 5 20 13.54278 5 20 14.45722 5 19.8942 16 5 20 15.90398 5 19.38733 17 5 20 16.09602 4.5 20 19 5 20 18.5 4.86004 20 21 5 20 21.13996 5 19.79169 23 5 20 22.79169 5 20.81773 1 5 20.58598 0 4.169042 21 3 5 20.48537 3 4.5 21 4 5 21 3.5 4.644228 21 5 5 21 4.801787 5 21 5.198213 4.293993 21 7 5 20.0567 7 4.850484 21 8 5 20.87936 8 5 21 7.919628 4.953552 21 9 5 20.97514 9 5 20.34488 10 5 21 9.025075 4.233441 21 11 5 21 10.49776 4.088191 21 12 5 20.81826 12 5 21 11.81826 5 21 12.18174 4.5 21 14 5 21 13.5 4.5 21 15 5 21 14.5 4.175715 21 16 5 21 15.51953 4.957557 21 17 5 20.95756 17 5 21 17.05577 4.022806 21 19 5 20.5 19 4.48751 21 20 5 21 19.6418 5 21 21.27262 5 20.24745 23 4.467801 22 1 4.640128 22 0 4.904193 22 2 5 21.79977 3 5 22 2.297364 5 21.51137 4 5 22 3.20762 5 21.19821 5 5 22 4.488628 4.504012 22 6 4.687239 22 7 5 21.65191 7 5 22 6.635849 4.37629 22 9 5 21.49776 10 5 21.66215 11 5 22 10.66215 5 21.45503 12 5 22 11.65732 4.008062 22 14 5 22 13.5 4.360621 22 15 5 21.51764 15 5 21.48401 16 5 22 15.4859 5 21.10771 17 5 21.90385 19 5 22 18.68225 4.189106 22 20 4.954136 22 21 4.000057 22 22 5 21.5 22 5 22 22.5 5 22.42342 1 5 23 0.4414044 4.5 23 2 5 23 1.363237 4.410031 23 3 5 23 2.5 4.5 23 4 5 23 3.5 4.339247 23 5 5 22.55712 5 5 23 5.442884 5 23 6.5 4.817782 23 8 5 22.86422 8 5 23 7.864217 4.555248 23 9 5 23 8.163986 4.568043 23 10 5 22.56804 10 5 23 9.51299 5 22.33785 11 5 23 10.43196 4.174228 23 12 4.220629 23 14 5 23 13.11825 5 22.58914 16 5 23 16.40743 5 22.99623 18 5 23 17.99914 4.473526 23 21 5 22.03744 21 5 23 20.42839 4.816587 23 22 5 23 21.81659 5 22.52238 23 6 0.3630343 1 6 1 0.6037171 5.240124 1 0 6 1 1.478008 6 1 2.690629 6 0 2.348413 5.561166 1 4 6 0.4448202 4 6 1 3.298689 5.623419 0 4 5.948166 1 5 6 0.7511813 5 5.784657 0 5 5.749131 1 6 5.494581 0 6 6 0 5.134522 5.879752 1 7 5.413776 1 8 6 1 7.120248 6 0 7.387309 5.641059 1 9 6 0.8425545 9 6 1 8.906679 5.644829 0 9 6 0.9666795 10 6 1 9.921259 6 0 9.683356 6 0.3388963 11 6 1 10.00872 6 0 10.33239 6 0.3568054 12 6 1 11.64009 5.382614 0 12 6 0 11.62171 5.727731 0 13 6 0 12.72515 6 0.5522187 14 6 1 13.55222 5.59713 1 15 6 0.1778588 15 5.783315 0 15 6 0.5 16 6 1 15.40287 5.46677 0 16 6 0 15.12737 6 0.6462154 17 6 1 17.24646 5.707687 1 19 6 0.707687 19 5.5 0 19 6 0 18.47641 6 0 19.70837 5.309123 1 21 6 0.1723703 21 6 0 20.66406 5.5 1 22 6 0.3783457 22 5.621654 0 22 5.814756 0 23 6 0 22.72803 6 1.396283 1 6 1.340375 3 5.529053 2 4 6 1.458565 4 6 2 3.411432 5.5 2 5 6 2 4.470947 6 1.368129 6 6 2 5.635001 5.693939 2 7 6 1.26528 7 6 2 8.649764 5.779519 2 10 6 2 9.655853 5.5 2 11 6 1.5 11 5.989044 2 12 6 1.988862 12 6 2 11.99371 5.556162 2 13 6 2 12.01057 6 1.785898 14 6 2 14.208 6 2 15.53085 6 1.299761 17 6 2 16.49315 6 1.5 18 6 2 17.43312 5.728915 2 19 6 1.526213 19 6 2 19.39525 5.560683 2 21 5.072679 2 22 6 1.651446 22 6 2 21.57152 6 1.198485 23 5.338496 3 1 6 2.5 1 6 2.190201 0 6 2.605925 2 5.591383 3 3 6 3 2.239299 6 3 3.408617 5.806347 3 5 6 3 4.806347 6 2.590679 6 5.369189 3 7 6 2.653788 7 5.714732 3 8 6 2.714732 8 6 2.527625 10 5.818372 3 11 6 3 10.65919 6 2.04627 12 6 2.378599 13 6 3 12.11828 6 2.180937 14 5.644508 3 15 6 3 15.35549 6 2.468728 17 5.5 3 18 5.5 3 19 6 3 19.5 6 2.477964 21 6 3 20.56197 6 2.53925 22 6 3 21.63032 6 2.607256 23 5.777882 4 1 6 3.777882 1 6 4 0.3606445 6 3.60619 2 5.455331 4 3 6 3.956133 4 6 3.337658 5 6 4 4.088747 6 4 5.38025 5.602473 4 7 6 3.233021 7 6 4 6.53782 6 4 7.397527 6 3.703001 9 6 4 8.703001 6 3.202059 10 5.723612 4 11 6 3.255271 11 6 4 10.72361 6 4 11.75811 6 4 12.56306 5.662739 4 14 6 3.662739 14 6 4 13.15671 6 3.812457 15 6 3.5 16 6 4 15.11294 6 3.705293 17 5.5 4 18 6 4 17.26571 5.5 4 19 6 3.5 19 6 4 18.5 5.409547 4 20 5.300489 4 21 6 3.438034 21 5.231987 4 22 6 3.313733 22 6 4 21.5 5.465505 4 23 6 3.392744 23 5.496034 5 1 6 5 0.9139658 6 4.123734 2 6 5 1.086034 6 4.838935 3 5.323149 5 4 6 5 3.032214 5.453441 5 5 6 5 4.5 5.796357 5 6 6 4.75016 6 5.589527 5 7 6 4.486561 7 6 5 6.268614 6 4.819727 9 5.738626 5 10 6 4.738626 10 6 4.787298 11 6 5 10.77423 6 4.461272 12 6 5 11.42029 6 4.511201 13 6 5 12.6115 5.938202 5 14 5.5 5 15 5.354499 5 16 6 5 15.5 5.283982 5 17 6 4.446392 17 6 5 16.69024 5.314648 5 18 6 4.658871 18 6 5 17.46431 6 4.726925 19 6 5 18.57952 5.534022 5 20 6 4.318525 20 5.462213 5 21 6 4.527496 21 5.5 5 22 6 4.5 22 6 5 21.4725 5.5 5 23 6 5 22.5 6 5.094361 1 6 6 0.001204995 6 5.998911 0 6 5.528629 2 6 6 1.503276 5.868176 6 3 6 6 2.907497 5.604437 6 4 6 6 3.121949 5.5 6 5 6 5.5 5 5.853786 6 6 6 5.598911 6 5.380108 6 7 5.789342 6 8 6 5.843876 8 6 6 7.843876 5.58942 6 9 6 6 8.209857 5.478562 6 10 6 5.093539 11 5.5 6 13 6 6 12.5 5.5 6 14 6 5.056437 14 6 6 13.5 6 6 14.5 5.136572 6 16 6 6 15.65874 6 5.309756 17 5.490949 6 18 6 6 18.69151 5.612152 6 20 6 5.79019 20 6 6 19.62937 5.013638 6 21 6 5.556138 21 5.5 6 23 6 6 22.10639 6 6.878349 1 6 7 0.8887878 6 6.001089 0 6 6.471371 2 6 7 1.111212 6 7 3.378093 5.692444 7 5 6 6.146214 6 6 7 5.261386 5.364031 7 7 6 7 6.669677 6 7 7.330323 6 7 8.5 5.512273 7 10 6 6.718823 11 6 7 10.67478 5.658985 7 12 6 7 11.48091 6 7 12.29688 5.408822 7 14 6 6.583527 14 5.524154 7 15 6 6.926815 15 6 7 14.90038 5.70024 7 16 6 6.939378 16 6 7 15.70255 6 6.828473 17 5.309738 7 18 6 7 17.17153 6 6.398803 19 5.696952 7 20 6 6.80276 21 6 7 20.71226 6 7 21.3163 5.712443 7 23 6 7 22.48472 6 7.111212 1 6 8 0.5 6 7.5 0 5.114483 8 3 5.686594 8 4 6 7.686594 4 6 7.261386 5 5.640107 8 6 5.933932 8 7 6 7.874571 7 6 7.592333 8 6 8 7.093206 6 7.742276 9 6 8 8.664678 6 7.507518 10 5.262839 8 11 6 7.296876 12 5.911423 8 13 6 7.927146 13 6 8 12.92715 6 7.780755 14 5.5 8 15 5.229196 8 16 6 8 15.55377 6 8 17.5 6 7.669762 19 6 8 18.78451 5.349211 8 20 6 7.34091 20 5.293994 8 21 6 7.3827 22 5.384628 8 23 6 8.502675 1 6 9 0.5026745 6 8.5 0 5.346041 9 2 6 8.5 2 6 9 2.740837 5.84306 9 4 5.904073 9 5 6 8.904073 5 6 9 4.636951 5.601769 9 6 6 8.074096 6 6 8.322121 7 5.637646 9 8 5.447848 9 9 6 8.257724 9 5.755152 9 10 6 8.708363 10 5.5 9 11 6 8.481248 11 5.108603 9 12 6 8.56383 12 5.376421 9 14 6 8.166958 14 6 9 13.5 5.124496 9 15 6 8.722005 15 5.620568 9 16 6 8.920311 18 5.874906 9 19 6 8.546743 20 6 9 19.06136 6 8.966677 21 6 8.40044 22 6 9 22.47835 6 10 0.3670118 5.702625 10 0 5.583344 10 2 6 9.583344 2 6 10 1.505436 5.575994 10 3 6 9.322135 3 6 10 2.492458 6 9.977918 4 5.302197 10 7 6 9.12958 7 6 10 6.380892 6 10 7.770482 6 9.638258 9 6 10 8.344518 5.846509 10 10 6 9.756626 10 5.518965 10 11 6 9.598012 11 6 9.43617 12 5.5 10 13 6 9.5 13 5.5 10 14 6 9.5 14 6 10 13.5 5.75493 10 15 6 9.54256 15 6 9.379432 16 5.676059 10 17 6 10 16.67606 6 9.210369 18 6 10 17.59584 5.607397 10 19 6 10 18.3817 5.303099 10 20 6 10 19.3449 5.5 10 21 5.65916 10 22 6 9.666141 22 6 10 21.68513 6 9.951192 23 6 10 22.89956 5.43788 11 1 6 10.47773 1 6 11 0.264621 6 10.59578 0 5.776908 11 0 5.085667 11 3 6 10.42401 3 6 10.02391 4 6 10.35015 5 5.001146 11 6 6 11 5.637353 5.441201 11 7 6 10.50904 7 5.814811 11 8 6 10.56723 8 6 11 7.809292 5.302371 11 10 6 10.09444 10 6 11 9.412706 6 11 10.5 5.838908 11 12 6 10.83891 12 6 11 11.83891 6 11 12.31462 5.325072 11 14 6 10.5 14 5.5 11 15 6 11 14.5 5.594295 11 17 6 10.4999 17 5.5 11 18 5.816251 11 19 6 11 18.81625 6 10.81536 20 5.5 11 21 6 10.5 21 5.5 11 23 6 11 22.5 5.748682 12 1 6 12 0.6241249 5.132472 12 0 6 11.11163 2 6 12 1.251318 5.358937 12 3 6 11.5 3 6 12 3.99917 5.999929 12 6 6 11.99987 6 6 12 6.000266 6 11.18519 8 6 11.5454 9 5.597489 12 10 6 11.59749 10 6 12 9.46509 5.712095 12 12 6 12 11.57154 5.491742 12 13 6 11.40666 13 6 12 13.58186 5.5 12 15 6 11.5 15 6 12 15.5 6 11.44488 17 6 12 16.62574 5.201755 12 18 6 12 17.37426 5.5 12 19 6 11.18375 19 6 11.37168 20 6 11.5 21 6 12 21.66346 6 12 22.34863 5.439608 13 1 6 12.35475 1 6 13 0.5838393 6 12.3942 0 5.088722 13 2 6 12.5 2 6 13 1.379099 6 13 2.601866 6 13 3.398134 5.776602 13 5 6 12.74146 5 6 13 4.914359 5.5 13 6 6 13 5.085641 6 13 6.5 5.253694 13 8 6 12.36938 9 6 13 8.47855 5.63982 13 11 6 13 11.44289 5.482945 13 13 5.474535 13 14 6 12.30487 14 5.351801 13 15 6 12.5 15 6 12.5 16 6 13 15.5 5.645557 13 17 6 12.52139 17 6 13 16.64556 6 12.77152 18 6 13 17.64961 5.419938 13 19 6 12.5457 19 6 13 19.4543 6 13 21.42816 5.834946 13 23 6 12.82741 23 5.273129 14 1 6 13.3791 1 5.5 14 0 5.470391 14 2 6 13.67576 2 6 14 1.675764 5.887386 14 3 6 14 3.112614 5.547007 14 5 6 13.10161 5 6 14 6.578805 5.191599 14 8 6 13.47867 8 6 14 7.42131 6 13.68867 9 6 14 8.688566 6 14 9.311333 5.757606 14 11 5.621438 14 12 6 14 11.34436 6 13.62377 14 6 14 13.58792 6 14 14.57544 5.5 14 16 6 14 15.30796 6 13.61104 17 5.5 14 19 6 13.4543 19 6 14 18.5 6 13.5 20 6 14 19.5 6 14 20.94083 6 13.6486 22 6 13.52097 23 6 15 0.4996494 6 14.56039 0 5.434843 15 0 6 15 1.439953 6 14.5 4 6 15 4.511365 5.484714 15 6 5.5215 15 7 6 15 6.5215 5.987622 15 8 6 15 7.986525 5.503814 15 9 6 14.37019 9 5.774582 15 10 5.5 15 12 6 15 11.5 5.522646 15 13 6 14.37623 14 5.455662 15 15 5.193982 15 16 6 14.5 16 6 14.34046 17 5.810576 15 18 6 14.81875 18 6 14.5 19 6 15 18.18125 6 14.5 20 6 15 19.5 5.039459 15 22 5.068986 15 23 6 14.15381 23 6 15 22.5 5.273082 16 1 6 16 0.3236907 5.210269 16 0 5.662158 16 2 6 16 1.662158 6 15.5204 4 6 16 3.2382 5.447952 16 5 6 15.48864 5 6 16 4.479604 5.506367 16 6 6 16 5.506367 5.675852 16 7 6 15.80622 7 5.09719 16 8 6 15.43475 9 6 16 8.5 6 15.22542 10 5.022569 16 11 6 16 10.5 5.5 16 12 6 15.5 12 5.5 16 13 6 15.40495 13 5.034895 16 14 6 16 13.5 5.632857 16 16 6 15.63286 16 6 16 15.30656 6 16 16.49791 5.733277 16 19 6 16 18.56975 6 16 19.26672 5.481839 16 21 5.64463 16 23 6 15.74909 23 5.458706 17 1 6 16.78968 1 5.503991 17 0 5.003707 17 3 6 17 3.728246 5.455878 17 5 6 17 4.40399 5.5 17 6 6 17 5.355059 5.5 17 7 6 16.18069 7 6 17 6.5 6 16.6336 8 5.271167 17 9 5.644851 17 10 5.5 17 11 6 17 10.35515 5.001295 17 12 5.944129 17 14 6 16.94413 14 5.017284 17 15 6 17 14.5457 6 17 15.04695 6 17 16.5 6 16.5393 18 6 17 17.70848 5.376675 17 19 6 16.5 20 6 16.48409 21 5.60065 17 22 6 17 21.73732 5.5 17 23 6 17.21032 1 6 18 0.01486687 6 17.54395 2 5.622487 18 3 6 17.69004 3 6 17.82416 4 6 18 3.849445 5.813714 18 5 6 17.80683 5 6 18 4.376565 5.511621 18 6 6 17.70842 6 6 18 5.242564 5.599384 18 7 6 17.59938 7 6 18 6.381114 6 18 7.724148 5.171503 18 9 5.487371 18 10 6 17.35515 10 6 18 9.5 6 17.99985 12 6 18 11.99985 5.180856 18 13 6 17.39765 13 6 18 13.5 6 17.14781 15 5.679698 18 17 6 18 16.23412 5.364109 18 18 6 18 17.26026 6 17.69113 19 6 18 18.69113 6 17.62985 20 5.279726 18 21 6 17.44087 21 5.60393 18 22 6 17.41724 22 6 18 21.71822 6 17.5 23 6 18.01841 0 6 18.78923 2 6 19 1.797187 5.043739 19 3 6 19 2.216759 6 19 3.447226 5.105528 19 5 6 18.15762 5 6 18.50452 7 5.546888 19 8 6 19 9.105217 5.179483 19 11 6 18.5 11 6 19 10.32782 6 18.00104 12 6 19 11.87553 6 19 12.14205 5.648749 19 14 6 18.64875 14 5.712009 19 15 6 18.41253 15 6 19 15.28799 6 19 16.5 6 19 17.5 5.889232 19 19 6 18.84851 19 6 19 19.08528 5.888923 19 22 6 18.86975 22 6 19 22.20715 6 19.81345 1 6 20 0.8264639 5.509886 20 0 5.461687 20 2 6 19.44723 3 5.501958 20 5 5.287697 20 6 6 19.07977 6 6 20 5.498042 5.100904 20 7 6 20 6.686604 5.342853 20 10 6 19.32782 10 5.613986 20 11 6 20 11.42708 6 19.46196 13 5.700125 20 14 6 19.60011 14 6 19.47402 15 5.096023 20 16 6 19.5 17 6 19.09382 19 6 20 18.46876 6 19.05549 22 6 20 21.13014 6 19.18359 23 6 20 22.5 6 20.72282 1 6 21 0.8371562 6 20.70724 0 5.63973 21 0 5.53199 21 2 6 21 1.161672 5.565255 21 3 5.198213 21 5 5.573418 21 6 6 21 5.573418 5.903474 21 7 6 20.83368 7 6 20.57271 8 6 20.65893 9 5.712076 21 10 6 20.71391 10 5.572735 21 11 6 21 10.34945 5.581995 21 12 6 21 11.82384 6 20.47278 14 6 21 13.7131 6 21 14.35437 5.786353 21 16 5.042443 21 17 6 20.43525 19 6 21 19.71355 5.272617 21 21 6 20.13014 21 6 21 20.28645 5.698657 21 22 6 20.69866 22 6 21 21.69866 5.444512 21 23 5.92417 22 1 6 21.69248 1 5.514134 22 0 5.095807 22 2 5.200235 22 3 6 21.43474 3 6 22 2.5 5.488628 22 4 6 22 3.5 5.807024 22 5 6 21.80702 5 6 22 4.807024 6 21.42658 6 6 22 5.192976 5.312761 22 7 6 21.08346 7 6 22 7.58791 5.859226 22 9 6 21.75291 9 6 22 8.810544 6 22 9.292781 6 22 10.28354 5.521935 22 12 6 21.39567 12 6 22 12.19591 5.585369 22 14 6 21.36225 14 6 21.63237 15 6 22 14.62437 6 22 15.2988 5.152484 22 19 5.889115 22 20 6 21.76297 20 5.046349 22 21 6 22 21.44452 6 21.86985 23 6 22 22.86985 5.897444 23 1 6 22.34524 1 6 23 0.4645067 5.888538 23 0 5.5 23 2 6 23 1.061198 6 22.5 3 5.500274 23 4 5.442884 23 5 6 22.19298 5 6 22.5 7 6 23 6.146605 6 22.41209 8 6 23 7.5 6 22.14077 9 6 23 8.5 6 22.72983 10 6 23 9.872217 5.653792 23 11 5.934625 23 12 6 23 12.06537 6 22.41463 14 6 23 13.5 5.090538 23 15 6 22.32929 15 6 23 14.53534 5.407432 23 16 6 22.71277 18 6 23 17.58159 6 22.57096 19 5.42839 23 20 6 23 19.30761 5.598064 23 21 6 22.54353 21 6 23 20.59806 5.395396 23 22 6 22.74435 22 6 23 21.66179 5.517413 23 23 6.411089 1 1 7 0.5153732 1 7 1 0.3187985 7 0.5532959 0 6.694409 1 0 6.272258 0 1 7 0 0.3527861 6.868922 1 2 7 1 1.896868 6.306801 0 2 6.42985 1 4 7 1 4.654288 6.134522 0 5 7 0 4.27996 6.250869 1 6 7 1 5.345712 6.5 0 6 7 0 5.5 7 0.7194394 7 7 1 6.733879 6.404698 0 7 6.5 1 8 7 0.5 8 7 0.2975256 9 6.009497 1 10 7 0 9.231087 7 0.2598045 11 7 0 10.76779 6.447408 1 12 7 0 11.48902 7 0.03154937 13 7 1 12.45407 6.812962 0 13 7 0.05579306 14 7 1 13.45503 7 0 13.31522 6.40287 1 15 7 1 14.5 7 0.003805349 16 7 0 15.97202 6.441393 1 17 7 1 16.70725 6.529644 1 18 7 0.0005306084 18 7 1 17.31792 7 1 18.66862 6.5 0 19 7 0.2236308 20 6.588354 0 20 7 0 19.77637 6.306765 0 21 7 0 20.37966 6.646101 0 22 7 0.2680849 23 6.382996 0 23 7 0 22.47648 6.5 2 1 7 1.484627 1 7 2 0.004299692 7 1.990283 0 6.250491 2 2 6.450913 2 3 6.470947 2 4 7 1.5 4 7 2 3.431089 6.535634 2 6 7 1.667414 6 7 1.279614 7 7 2 6.347853 6.5 2 8 7 2 7.483001 6.220481 2 10 7 1.462842 11 7 2 10.5 7 2 11.5 6.414769 2 13 7 1.499539 13 6.218024 2 14 6.744847 2 15 7 2 14.73332 6.704662 2 16 7 1.762449 16 7 2 15.48046 6.758505 2 17 7 1.62985 17 7 2 16.56156 6.506286 2 18 7 1.476624 18 7 2 17.19965 6.271085 2 19 6.521596 2 21 7 1.604389 21 7 2 20.56387 7 1.215389 22 7 1.547936 23 7 2.0043 0 6.489742 3 2 7 2.815353 2 7 3 1.815353 7 2.773469 3 6.5 3 4 6.29117 3 7 7 3 6.672034 7 3 7.349712 6.115767 3 11 7 2.5 11 7 2.719094 12 7 3 11.71909 7 3 12.28091 7 2.708832 15 7 2.237551 16 7 3 15.10583 6.550133 3 18 7 3 17.22967 7 2.5 19 7 3 18.44987 6.56445 3 20 7 2.523072 20 7 2.5 22 7 3 21.5 6.392744 3 23 7 3 22.5 6.222118 4 1 7 4 0.00959008 7 3.99041 0 6.943292 4 0 6.123734 4 2 7 3.184647 2 6.319887 4 3 7 3.375797 3 6.043867 4 4 7 3.5 4 6.531378 4 5 7 4 4.706485 6.561674 4 6 7 3.625315 6 7 4 5.409459 6.5 4 8 7 3.475745 8 7 3.5355 9 6.694773 4 10 7 4 9.663803 6.351481 4 11 7 3.586597 11 7 4 10.384 6.243442 4 12 7 3.507732 12 7 4 11.65044 6.348639 4 14 6.474266 4 15 7 3.865689 16 7 3.232953 17 6.82149 4 18 7 3.5 19 7 3.66708 20 7 3.651029 21 6.5 4 22 6.728067 4 23 7 3.728067 23 7 4.529159 1 6.5 5 0 7 5 1.549032 7 4.911547 4 7 5 3.05415 7 4.792878 5 7 5 4.472044 7 4.5 7 7 5 6.309621 7 4.515661 8 6.56863 5 9 7 5 8.930198 7 5 9.065842 6.231292 5 11 7 4.672655 11 6.239817 5 12 7 4.45636 12 7 5 11.43187 7 4.591098 13 7 4.487379 14 7 4.123683 15 7 5 15.97188 7 4.512338 17 7 5 16.03648 7 5 17.45764 7 4.5 19 7 5 18.47523 6.507367 5 20 7 5 19.55686 7 4.482235 21 7 5 20.58031 7 5 21.36529 6.5 5 23 7 5.470841 1 7 5.5 0 6.001089 6 0 7 5.422254 2 7 6 1.5 7 6 2.771141 6.682159 6 4 7 5.241408 4 6.889516 6 5 6.226939 6 6 7 6 6.473433 7 5.484339 8 7 6 7.393514 7 5.094547 9 7 6 8.597018 6.265706 6 10 7 5.5 10 7 6 9.402982 6.935435 6 11 7 5.832465 11 7 5.310904 12 7 6 11.06457 6.5 6 13 7 5.408902 13 7 5.5 14 6.817609 6 15 7 5.817609 15 7 5.521163 17 6.989866 6 18 7 5.990723 18 7 6 17.98807 7 6 19.43231 7 5.373294 21 6.405702 6 22 7 5.851503 22 7 6 21.84711 6.997106 6 23 7 6 22.98363 7 6.5 1 7 7 0.001795907 7 6.5 2 7 7 1.5 6.575621 7 4 6.734456 7 5 6.620819 7 6 7 6.488526 6 7 7 5.173202 6.945642 7 7 7 6.95813 7 7 7 6.955637 7 7 8.5 6.447999 7 10 7 7 9.5 6.289102 7 11 7 6.066954 11 7 7 10.50972 6.426176 7 12 7 6.637551 12 7 7 11.62852 7 6.5 13 6.416473 7 14 7 7 13.5 6.043244 7 16 6.171527 7 17 7 6.01042 18 6.357768 7 19 7 7 18.44608 7 7 19.5 7 6.549449 21 7 7 20.55794 6.275198 7 22 6.287557 7 23 7 7 22.5 6.5 8 1 7 8 0.5 6.5 8 0 7 8 1.5 6.107562 8 6 7 8 5.601992 6.08461 8 7 7 7.035724 7 7 7.693338 8 6.629229 8 9 7 8 9.169843 7 7.770777 11 6.743691 8 12 7 7.622575 12 7 8 11.45355 7 7.534166 13 6.5 8 15 7 7.060175 15 7 8 14.40168 6.446228 8 16 7 8 15.5 7 7.882452 17 7 8 16.88245 6.762812 8 18 7 7.721443 18 6.762382 8 20 7 8 19.73526 7 8 20.53413 6.925989 8 23 7 8 22.92599 7 9 0.5834688 6.702077 9 2 7 9 1.493991 6.15694 9 4 7 8.5 4 7 9 3.5 6.095927 9 5 7 9 4.5 7 9 5.789014 6.12958 9 7 7 8.43354 7 7 9 6.210986 6.96382 9 8 7 8.975465 8 6.868053 9 9 7 8.573736 9 7 8.618948 10 7 9 9.198013 7 8.222425 11 6.5 9 14 7 9 14.52212 7 8.5 16 6.12913 9 18 7 8.347453 18 7 9 17.63132 7 9 18.4892 6.577732 9 20 7 8.339664 20 7 8.186019 21 7 9 20.33747 6.478347 9 22 7 9 21.5 7 8.155953 23 7 10 0.4184025 7 10 1.823153 7 9.5 3 7 10 2.176847 7 9.59677 5 6.426241 10 6 7 9.244081 6 7 10 5.449308 6.330402 10 8 6.575975 10 9 7 9.267026 9 7 10 8.591317 7 9.381052 10 7 10 9.294406 6.401988 10 11 7 10 10.5 7 9.92589 12 7 10 11.92589 6.879983 10 13 7 10 12.36983 6.5 10 14 7 9.5 14 7 10 13.12002 6.24507 10 15 6.5 10 16 6.323941 10 17 7 9.5 17 7 10 16.5 6.429954 10 18 7 9.575404 18 7 10 17.69885 6.344903 10 19 7 9.378791 19 7 10 18.30115 7 9.337472 20 6.555467 10 21 7 9.555467 21 7 10 20.55547 6.314869 10 22 7 9.5 22 7 10 21.44453 6.048808 10 23 7 10 22.5 6.443825 11 1 7 10.4184 0 6.11163 11 2 7 10.17685 2 6.725504 11 3 6.146488 11 4 6.580406 11 5 6.370897 11 6 7 11 5.428269 6.49096 11 7 6.412706 11 9 7 11 8.110219 6.5 11 10 7 11 9.5 7 10.85932 11 7 10.07675 12 7 11 11.14533 7 10.12002 13 7 11 12.49053 6.5 11 14 7 10.5 14 7 11 13.5 7 10.64975 15 7 10.5 16 6.477933 11 17 7 10.65633 17 7 11 16.65633 6.597983 11 18 7 10.90931 19 6.184635 11 20 7 11 19.09069 7 11 20.71233 7 10.5 22 6.786572 11 23 6.251318 12 1 7 12 0.2080508 7 11.79195 0 6.679661 12 0 6.5 12 2 7 11.5 2 7 12 1.5 6.634843 12 3 7 11.39679 3 6.001062 12 4 7 12 3.424037 6.211734 12 5 6.000071 12 6 7 11.49112 6 7 11.5 7 6.631269 12 8 7 12 7.631269 6.441904 12 9 7 11.57479 9 7 12 11.16228 6.440891 12 13 7 12 12.56371 7 11.5 14 7 11.60978 15 7 12 15.25648 6.374265 12 17 7 11.34367 17 6.965256 12 18 7 12 17.96526 6.565174 12 19 7 12 19.45287 7 11.28767 21 7 12 21.88471 6.60534 12 23 6.379099 13 1 7 12.5 1 6.398134 13 3 6.848625 13 4 7 13 3.848625 6.998835 13 6 6.5 13 7 7 12.5 7 7 13 6.001165 6.739275 13 8 6.417157 13 11 7 12.19762 11 7 13 10.24295 7 12.93199 13 7 12.62473 14 7 12.2907 15 6.811872 13 16 6.354443 13 17 7 12.5 17 7 13 16.18813 6.5 13 20 7 12.48173 20 7 13 20.52459 7 13 21.47541 6.165054 13 23 7 12.3819 23 7 13 22.5 6.5 14 1 7 13.5 1 7 13.59428 0 6.594277 14 0 7 13.42575 2 7 13.61654 3 7 13.15138 4 7 14 3.383456 6.452993 14 5 7 14 4.5 7 13.00116 6 7 14 5.5 6.552696 14 7 7 13.85413 9 7 14 8.879352 7 14 9.227561 7 13.65852 11 6.378562 14 12 7 13.5 12 6.562674 14 13 7 13.07787 13 6.572916 14 14 7 14 13.59799 6.307963 14 15 7 13.45703 15 7 14 14.31017 6.59821 14 16 7 14 15.59821 7 14 16.90619 6.5 14 19 6.5 14 20 7 13.5 20 7 14 19.5 6.351403 14 22 7 14 21.37187 6.153811 14 23 7 13.5 23 6.474196 15 1 6.74474 15 2 7 14.63961 2 7 15 1.717625 6.506821 15 3 7 14.38993 3 7 14.52068 4 7 15 3.513869 7 14.71132 5 7 15 4.69403 6.5 15 6 7 14.5 6 7 15 5.28868 6.84555 15 7 7 15 6.856457 6.012378 15 8 7 14.5 8 7 15 7.143543 7 14.60354 9 7 15 8.917326 6.5 15 11 7 14.2897 11 7 15 10.5 7 14.52959 12 7 14.82796 13 7 14.85379 15 7 14.37476 17 7 14.5 18 6.5 15 19 7 14.5 19 6.566591 15 21 7 14.43628 21 7 15 20.56659 7 14.84533 22 7 15 21.80698 7 15 22.15467 7 15.68764 1 7 15.20591 0 6.323691 16 0 6.625129 16 2 7 15.49318 3 7 16 2.234279 7 15.47932 4 7 16 3.5 7 15.28868 5 7 16 4.5 6.996399 16 6 6.180686 16 7 7 15.14354 7 7 15.5 8 7 16 7.5 6.546454 16 9 7 15.85204 10 7 16 9.826971 7 15.5 11 7 16 10.14796 6.5 16 12 7 16 11.5 7 15.12201 13 7 16 12.5 6.814588 16 14 7 15.81459 14 7 16 14.18541 7 15.27511 16 7 16 15.5 6.614722 16 17 7 15.24034 17 6.361885 16 18 7 15.54074 18 6.37971 16 19 7 16 18.58837 7 15.98358 21 6.638599 16 23 7 16 22.70593 7 16.53956 1 7 17 0.2326439 6.905783 17 0 6.54131 17 2 7 17 1.284937 7 17 2.716871 6.271754 17 4 7 16.5 4 7 16.00638 6 7 17 5.645872 6.5 17 7 7 16.5 7 7 16.5 8 7 17 7.5 7 16.63709 9 6.5 17 11 7 16.5 11 6.592613 17 12 7 17 12.42003 6.184696 17 15 7 16.82137 15 6.978376 17 16 7 16.97838 16 7 17 15.90775 6.5 17 17 7 17 16.02162 6.310876 17 18 7 16.48218 18 7 17 17.52299 6.916286 17 19 7 16.5 20 7 17 19.08371 6.969502 17 21 7 17 20.9758 6.830524 17 23 7 17 22.83052 7 17.44507 1 6.014867 18 0 7 17.28201 3 7 18 3.460064 7 17.69227 5 7 18 4.692269 6.29158 18 6 6.400616 18 7 7 17.5 7 7 18 6.5 6.202938 18 8 7 17.5 8 7 18 7.5 6.887268 18 9 7 17.78819 9 7 17.45024 10 6.999066 18 11 7 18 10.99881 6.000522 18 12 7 17.70855 12 7 18 11.0033 6.5 18 13 7 17.02162 16 7 17.51219 17 7 18 16.51219 7 17.73745 18 7 18 17.74574 7 18 18.24512 6.686625 18 20 7 18 19.78851 6.552644 18 21 7 17.02973 21 6.28178 18 22 7 18 21.44736 6.5 18 23 7 17.16948 23 6.385522 19 2 6.892577 19 3 7 18.89744 3 7 19 2.785643 6.652721 19 4 7 18.65272 4 7 19 3.1547 7 18.30773 5 7 19 4.347279 7 18.5 6 6.564064 19 7 7 18.66344 7 7 19 6.663441 7 18.66745 8 7 19 7.504502 6.125044 19 9 7 19 8.553905 6.658406 19 10 7 18.75623 10 7 19 9.613286 6.997108 19 12 7 18.99854 12 6.461957 19 13 7 19 12.00041 6.477158 19 14 7 18.16703 15 7 19 14.57271 7 19 15.98458 6.922434 19 17 7 18.91887 17 6.140616 19 19 7 19 18.03025 7 18.50107 20 6.429713 19 21 7 19 20.21078 6.055493 19 22 7 18.5 22 6.286598 19 23 7 19 22.64113 7 19.5 1 7 20 0.2670907 7 19.26301 2 7 19.47804 4 6.580683 20 6 7 19.43157 7 6.490952 20 9 7 20 8.00979 7 20 9.5 6.45752 20 12 7 20 12.5 6.581866 20 15 7 20 14.50175 6.563552 20 16 7 19.00887 16 7 20 16.53897 6.404775 20 18 7 19.01498 18 7 20 17.39849 6.435248 20 19 7 19.3278 19 7 20 18.5 6.646104 20 20 7 19.32777 20 6.130136 20 21 6.5 20 22 7 19.5 22 7 20 21.5 6.747425 20 23 7 19.62355 23 7 20 22.74743 7 20.55507 1 6.724514 21 0 6.286397 21 2 7 20.5 2 7 21 2.50422 6.472831 21 4 7 20.36746 4 7 21 3.49578 6.665667 21 5 7 20.54352 5 7 20.64815 6 6.106419 21 7 7 21 6.338925 6.716685 21 8 6.860027 21 9 7 20.92486 9 6.315196 21 10 7 20.5 12 7 21 11.4094 6.727135 21 13 7 20.72714 13 7 21 12.72714 7 20.24516 14 6.566452 21 15 7 20.43645 16 7 21 15.3594 6.715282 21 17 7 20.62467 17 7 21 16.71528 7 20.5 18 7 21 17.28472 6.286448 21 20 7 21 21.2718 6.5 21 23 7 21 22.43639 6.047037 22 1 6.421646 22 0 6.5 22 2 6.5 22 3 7 22 2.5 7 21.69481 4 7 22 4.329171 6.944144 22 6 7 22 6.073491 6.798127 22 8 6.385326 22 10 7 21.80287 12 7 21.49684 13 7 22 12.39249 6.618143 22 14 7 22 13.46481 6.741748 22 15 7 21.79085 15 7 22 14.74679 7 21.28472 17 6.488407 22 19 7 21.61755 19 7 22 18.49185 6.110885 22 20 7 21.5 20 6.633564 22 21 7 21.38439 21 7 22 22.96565 7 23 0.7316964 7 22.21923 0 6.5 23 2 6.5 23 3 7 22.5 3 7 23 3.822782 7 22.49546 5 6.146605 23 6 7 23 5.476873 7 22.44193 7 6.927761 23 8 7 22.69484 8 6.911756 23 9 7 23 8.445831 6.189355 23 10 7 22.50163 10 7 23 9.133685 7 23 10.38545 6.5 23 13 7 22.27538 13 6.681611 23 15 7 22.26791 15 6.5 23 16 7 22.16634 16 6.359032 23 17 7 22.5 17 6.287234 23 18 7 23 17.5 6.307606 23 19 7 22.38245 19 6.683011 23 20 7 23 19.68301 6.426406 23 21 7 22.33861 21 7 23 20.33922 7 22.83439 22 8 0.6475623 1 8 1 0.07052398 7.42043 0 0 8 1 1.426887 7.46202 1 3 8 1 2.491075 7.115799 0 3 8 0 2.538803 7.5 1 4 8 0.09910183 4 8 0 3.867455 8 0 4.105926 8 1 5.464426 8 0 5.926437 7.266121 1 7 8 0.1824664 7 7.806436 0 7 8 0 6.248304 8 0.5487297 8 8 1 7.54873 8 0 7.182466 7.556592 1 9 8 1 8.592637 7.669965 1 10 7.5 0 10 8 1 10.31233 7.388523 0 11 8 0 10.67751 8 0.4567228 12 7.273205 0 12 8 0 11.36151 8 0.6317138 13 8 1 12.63171 8 0 12.45672 8 1 13.36829 7.055793 0 14 8 0.7673275 15 8 1 14.76733 7.117171 0 15 7.003805 0 16 8 0 15.5 8 1 16.73126 8 0 16.5 7.999392 1 18 8 0.5 19 7.5 0 19 8 0 18.5 8 0.7086851 20 8 0.5998769 21 7.413514 0 21 7.258018 1 22 8 1 21.36062 7.298911 0 22 7.852351 1 23 7.663715 2 1 8 1.039658 0 7.591159 2 2 8 1.513742 2 8 1.430926 3 8 2 2.408841 7.5 2 4 8 1.5 4 8 2 4.5 8 1.699248 6 7.483001 2 7 8 1.5 7 7.934946 2 9 8 2 8.934946 7.5 2 10 8 1.498783 11 8 2 11.58917 7.713499 2 13 8 2 12.6749 7.520018 2 14 8 1.577595 14 8 1.388509 16 8 2 15.19803 8 1.189292 17 8 2 16.5 8 2 17.62717 8 1.725254 21 8 2 20.85567 7.5 2 22 8 1.441162 22 8 2 21.14433 7.452064 2 23 8 1.147649 23 8 2.544732 1 8 2.764566 0 8 3 1.366911 7.181619 3 3 8 3 2.422185 7.5 3 4 8 3 4.562082 7.791726 3 6 8 2.620493 6 8 3 5.74758 7.402453 3 7 8 3 6.26635 7.475745 3 8 8 2.5 8 8 3 7.420153 7.60847 3 9 7.152004 3 10 8 2.956361 11 8 3 10.95636 8 2.783785 12 8 3 11.19174 8 2.965884 13 8 3 12.94191 8 2.727313 14 7.111743 3 15 8 3 14.22567 7.5 3 16 8 3 15.48476 8 3 16.66015 8 3 17.7415 7.5 3 19 8 2.563618 20 8 3 19.56362 8 3 21.31703 7.689846 3 23 7.549934 4 1 8 3.340987 1 8 4 0.4782865 7.012741 4 0 7.5 4 2 7.284089 4 3 8 3.518422 3 8 4 3.801538 8 4 4.301273 7.374685 4 6 8 3.208274 6 8 3.420153 7 8 4 6.5 7.44104 4 10 8 3.043639 11 7.2747 4 12 8 4 12.51077 7.487379 4 14 8 3.215187 14 8 4 13.48923 7.123683 4 15 7.33803 4 16 8 3.76697 16 8 3.364992 17 8 4 16.2533 7.346501 4 20 8 4 19.57927 8 3.31703 21 8 4 20.42073 7.896269 4 22 8 3.896269 22 8 4 21.89627 8 4 22.10373 7.470841 5 1 8 4.450066 1 8 5 0.4977818 8 4.430836 0 8 4.64194 2 8 4.481578 3 8 4.222031 4 8 5 3.553738 7.097904 5 5 7.379282 5 6 7.530254 5 7 8 5 6.453105 8 4.594988 8 8 5 7.565487 8 5 8.507769 8 4.357648 10 8 5 9.397546 7.255378 5 11 8 5 10.5 7.408902 5 13 8 5 12.5 8 5 13.5334 7.865023 5 15 8 4.865023 15 8 5 14.84862 8 4.344605 16 8 4.997638 17 8 5 16.99634 7.946178 5 18 8 4.739372 18 8 4.625939 19 8 4.515305 20 8 5 19.4666 8 4.557588 21 8 5 20.46266 8 4.140745 22 8 5 21.52895 7.5 5 23 8 4.5 23 8 5 22.41403 7.757935 6 1 8 5.757935 1 7.5 6 0 7.715667 6 2 8 6 1.445635 8 5.717237 4 8 5.552114 5 8 5.423287 6 7.393514 6 7 8 5.490741 8 8 5.413124 9 8 6 8.429732 8 5.5 10 8 6 9.483846 7.140823 6 11 8 5.703675 11 8 6 10.70368 8 5.929484 12 7.718876 6 13 8 5.718876 13 8 6 12.16248 8 5.613313 14 8 6 13.41488 7.581743 6 17 8 6 16.40044 7.399829 6 20 8 5.405877 20 8 5.442412 21 8 6 20.5 7.148497 6 22 7.002894 6 23 8 6 22.5 7.5 7 1 8 6.242065 1 8 6.81478 0 7.5 7 2 8 6.284333 2 8 7 1.5 7.5 7 3 8 6.130957 3 8 7 3.667951 8 6.587809 6 8 7 5.587809 8 7 6.412191 8 7 8.469478 8 7 9.43022 7.827217 7 11 8 6.677007 11 7.482157 7 12 8 7 11.24758 8 7 12.37911 7.5 7 14 8 6.355471 14 7.060175 7 15 8 6.5 15 7.742995 7 16 8 6.568523 16 7.5 7 17 8 6.5 18 8 7 17.5 7.912471 7 19 8 6.912471 19 7.824823 7 20 8 7 19.31114 7.44206 7 21 8 7 20.17518 7.5 7 22 7.517532 7 23 8 7 22.51753 8 7.586645 1 8 7.985084 0 7.99657 8 0 7.5 8 2 8 7.603304 3 8 8 2.603304 7.904889 8 4 8 7.825467 4 8 8 3.86218 8 8 4.25735 7.305263 8 6 8 7.412191 6 7.43354 8 7 8 7.466234 8 8 8 7.566583 7.258382 8 9 8 7.562519 9 8 8 8.565723 7.824538 8 10 8 7.824538 10 8 8 9.734009 7.248495 8 11 8 7.188471 11 7.709472 8 13 8 8 12.73686 7.401681 8 14 7.599527 8 15 8 7.599527 15 8 8 14.59953 8 7.303211 16 7.122983 8 17 8 7.512841 17 8 7.6161 18 8 8 17.60388 7.421183 8 19 8 8 18.3839 8 7.175177 20 7.232483 8 21 8 7.5 22 8 8 21.43003 8 7.482468 23 8 8 22.5 7.461012 9 1 8 8.592634 1 8 8.003445 0 7.297923 9 2 8 9 1.326298 7.727678 9 3 8 8.637291 3 8 9 4.137996 7.210986 9 6 7.575453 9 7 8 8.575453 7 8 9 6.575453 7.011002 9 8 8 9 8.5 7.621719 9 10 8 8.362283 10 7.928084 9 11 8 8.91779 11 7.5 9 12 8 8.5 12 7.495615 9 13 7.789332 9 14 7.862564 9 15 8 9 14.64665 8 8.370265 16 8 9 15.12727 8 8.691744 17 8 8.883862 18 8 9 17.83793 7.378791 9 19 7.337472 9 20 7.5 9 21 8 8.430026 21 8 9 20.5 7.301955 9 23 8 9 22.5 7.5 10 1 8 10 0.3498015 8 9.649206 0 7.572137 10 0 7.176847 10 2 8 10 1.5 7.559234 10 5 8 10 4.652507 7.573587 10 7 8 10 6.615485 8 9.708857 8 8 10 7.603343 7.940508 10 9 8 9.071916 11 8 10 10.5 7.091877 10 12 8 9.558301 12 8 9.66203 13 7.5 10 14 8 9.210668 14 8 9.127275 15 8 10 14.5 8 9.29741 17 8 10 16.08404 8 9.214539 18 8 10 17.76937 7.5 10 19 8 9.5 19 8 10 19.60368 7.444533 10 21 8 9.5 21 7.665029 10 22 8 10 21.66503 7.5 10 23 8 10 22.33497 7.671835 11 1 8 10.3498 0 7.5 11 0 7.665265 11 2 8 10.66526 2 7.464883 11 3 8 10.69662 3 8 11 3.303385 7.459121 11 5 8 11 4.540054 8 10.78299 7 7.14762 11 8 8 10.36477 8 8 11 7.1949 7.5 11 9 8 11 8.416996 7.5 11 10 8 10.5 10 8 11 9.5 8 10.51927 11 8 11 10.51927 7.588085 11 12 8 10.53984 12 8 10.73697 13 7.504162 11 14 8 10.50416 14 8 10.53736 15 8 11 14.53322 7.633647 11 16 8 11 15.59825 8 10.5 17 7.090691 11 19 8 10.5 19 8 11 18.31265 7.5 11 20 8 10.39632 20 8 11 19.5 7.508384 11 21 8 11 20.71915 8 11 21.32049 7.213428 11 23 8 11 22.45295 7.618267 12 1 7.904246 12 2 8 11.82613 2 8 12 1.8536 8 12 2.095754 7.438604 12 4 8 11.5 4 7.566783 12 5 8 11.56266 6 8 12 5.675208 8 11.47501 7 8 11.417 8 8 12 7.160631 7.676195 12 10 8 12 9.676195 8 12 10.41935 7.59984 12 12 8 11.77744 15 8 11.36635 16 8 12 15.19773 8 11.53018 17 7.034744 12 18 8 11.31265 18 8 11.98684 19 8 12 18.98684 7.48173 12 20 7.5 12 21 8 11.28085 21 7.115287 12 22 8 11.45295 22 8 12 21.5 7.48399 12 23 7.671447 13 1 8 12.55787 1 8 12.57075 0 7.570746 13 0 7.310813 13 2 8 13 2.707842 8 12.54991 4 8 13 3.335229 8 12.48589 5 7.002319 13 6 8 12.42293 6 8 13 5.617162 7.5 13 7 8 13 6.334077 7.253938 13 8 8 12.51258 8 8 13 8.77896 8 12.54881 10 7.80972 13 11 8 12.48501 12 8 13 11.20694 8 12.44842 13 7.493265 13 14 8 13 13.57956 7.457027 13 15 7.401384 13 16 8 12.74317 16 7.5 13 17 8 13 16.25683 8 12.72188 18 8 13 17.72188 7.5 13 20 8 12.5 20 8 13 19.5 7.808419 13 21 8 13 20.82321 8 12.68723 22 8 13 22.31277 8 14 0.8966138 8 13.42925 0 7.405723 14 0 7.378223 14 2 8 13.5 2 8 14 1.103386 7.619044 14 3 7.5 14 4 8 14 3.276798 8 14 5.995348 8 13.5 7 8 13.56586 8 7.261066 14 9 7.5 14 12 8 14 11.5 8 13.99547 13 8 14 12.99615 7.557268 14 14 7.5 14 15 8 13.5 15 8 14 14.2632 8 13.25683 16 8 13.5 17 8 14 16.5 8 14 19.18502 8 13.17679 21 8 14 21.5 7.542547 14 23 8 14 22.54255 7.465543 15 1 8 14.10339 1 7.63664 15 0 7.401255 15 2 8 14.66162 2 8 15 1.661618 7.493179 15 3 8 14.2768 3 7.479318 15 4 8 14.5 4 8 15 3.5 7.28868 15 5 8 15 4.5 8 14.00373 6 8 15 6.947467 8 14.42182 8 8 15 7.052533 8 15 8.5 7.5 15 10 8 14.02802 10 8 15 9.5 8 14.7659 11 7.470411 15 12 8 14.5 12 8 15 11.2341 7.367126 15 13 7.684503 15 14 8 15 14.71217 7.275112 15 16 8 14.5 16 8 15 15.15703 7.322389 15 17 8 14.55033 18 8 15 17.25253 7.838579 15 19 8 15 18.78944 7.5 15 20 8 14.5 20 8 14.5 21 8 14.51298 22 8 15 21.51298 8 14.83769 23 8 15 22.85319 7.283501 16 1 8 15.5 1 8 15.84578 0 7.973723 16 0 7.914878 16 2 7.820664 16 4 8 15.82066 4 7.003511 16 6 8 15.5 6 8 16 5.165291 7.721226 16 7 8 15.5 8 8 16 9.5 7.5 16 11 8 15.90069 12 8 16 12.11389 7.611514 16 15 8 15.22674 15 7.630344 16 17 8 15.53138 17 8 16 16.82303 7.459265 16 18 8 15.16142 19 8 15.5 20 8 15.5 21 7.761686 16 22 8 15.86959 22 8 16 21.87537 7.291687 16 23 8 15.26194 23 8 16 22.23624 7.252424 17 1 8 16.5 1 8 17 0.5 7.092863 17 0 8 16.26932 2 8 17 2.071695 7.760686 17 4 8 16.40989 4 8 17 3.760686 7.5 17 5 8 16.16529 5 7.524541 17 6 8 16.66801 6 8 17 5.668007 8 17 6.725215 8 16.58131 8 8 17 7.207261 7.661845 17 9 8 17 8.748845 8 17 9.366008 7.5 17 11 8 16.5 11 8 17 10.295 7.420394 17 12 8 16.10421 12 7.488657 17 13 8 16.46342 13 8 17 12.48828 7.402565 17 14 8 16.36069 14 8 17 14.37398 7.02685 17 16 7.51117 17 17 8 17 16.45583 8 16.5 20 8 17 19.3475 7.032141 17 21 8 16.57244 21 7.5 17 22 8 16.31522 23 8 18 0.230356 7.769644 18 0 7.826645 18 3 8 18 2.848402 7.5 18 4 8 18 3.151598 8 17.50205 6 7.5 18 7 8 17.45679 8 7.112732 18 9 8 17.19456 9 8 18 8.46136 7.563015 18 10 7.005799 18 11 8 18 10.79168 8 17.52537 13 7.96171 18 14 8 18 13.95752 8 18 14.24384 7.754943 18 16 8 17.71163 16 8 18 15.27556 7.807082 18 18 7.5 18 19 8 17.3475 19 8 18 18.07203 7.894874 18 21 8 17.88706 21 8 18 20.83507 7.5 18 22 8 18 21.08684 8 17.5 23 8 18 22.5 8 19 0.2924173 7.853432 19 0 7.263013 19 2 8 18.5 2 8 19 1.29357 7.62395 19 3 8 18.75277 3 8 19 2.944568 8 18.26821 5 8 19 4.5 7.5 19 6 8 19 5.5 8 18.9991 8 8 19 7.999226 8 18.50434 9 8 19 8.000788 7.201929 19 10 8 18.37858 10 7.5 19 11 8 18.01681 12 8 19 11.5 8 19 12.5 7.372358 19 14 8 19 13.5 7.306816 19 15 8 19 14.5 7.006886 19 16 8 19 15.5 8 18.5 17 8 19 16.5 8 18.93819 18 7.341012 19 19 8 18.325 20 8 19 19.48516 7.5 19 21 7.5 19 22 8 18.5 22 8 19.54197 1 8 20 0.7400758 8 19.14657 0 8 19.19655 3 7.367464 20 4 8 20 3.193477 8 20 4.5 7.419317 20 6 8 20 5.5 8 19.5 7 8 20 6.5 7.042029 20 8 8 19.00343 8 8 20 7.816097 7.852485 20 9 8 19.85029 9 8 20 8.565643 7.5 20 10 8 20 9.147515 8 19.59596 11 8 20 10.59596 7.5 20 13 8 19.5 13 8 19.58834 14 8 20 13.58834 8 19.5 15 8 20 14.41166 8 20 16.30094 8 19.04197 18 8 20 17.89036 8 20 18.15787 7.459664 20 20 8 20 19.49162 8 19.5 21 8 20 20.39168 8 20 21.69569 8 19.53341 23 8 20 22.33335 7.475743 21 1 8 20.5 0 7.131412 21 0 7.909807 21 2 7.49578 21 3 8 20.19348 3 8 21 2.090193 7.5 21 4 8 20.5 4 8 21 3.5 7.398669 21 5 7.753882 21 6 8 20.88654 6 7.153258 21 8 8 21 7.389952 8 21 8.54755 7.600848 21 10 8 21 9.588252 7.409399 21 11 8 20.40404 11 8 20.00233 12 7.343523 21 13 8 20.58237 13 8 20.41166 14 8 21 13.41763 7.359395 21 15 8 20.5 15 8 21 14.5 7.716706 21 16 8 21 15.71671 8 20.48662 17 7.5 21 18 7.630243 21 19 8 20.51486 19 8 20.46309 20 8 21 19.44006 8 21 21.51475 7.983046 21 23 8 20.98067 23 8 21.46902 1 8 21.75071 0 7.5 22 2 8 22 1.5 7.739529 22 3 8 22 2.739529 8 22 3.283614 8 21.51617 5 8 22 4.55612 8 21.51752 6 7.484494 22 7 8 21.44613 7 8 21.6506 8 8 22 7.596403 7.778948 22 9 8 21.74436 9 8 22 8.654268 8 21.36644 10 8 22 9.221052 8 21.61542 11 8 21.54846 12 7.6148 22 13 8 21.75074 13 8 22 14.29847 8 21.28329 16 8 21.61897 17 8 21.79189 18 7.482328 22 19 8 21.46884 19 7.584622 22 20 8 21.56599 21 8 22 20.66891 8 21.01695 23 8 22 22.38051 7.584186 23 1 8 22.79302 1 8 22.24929 0 7.842644 23 2 7.711839 23 3 8 22.46526 3 7.635152 23 5 8 23 4.656324 7.548021 23 6 8 22.12638 6 8 23 5.388345 8 23 6.918031 8 22.3494 8 7.088244 23 9 8 22.76739 10 7.910165 23 11 8 22.8636 11 8 23 11.74088 8 22.62185 15 8 22.66529 16 7.5 23 17 8 23 16.33471 7.758909 23 18 8 22.45273 18 8 23 17.75891 8 23 18.24109 7.985481 23 20 8 22.39394 21 8 22.59077 22 7.67145 23 23 8 22.67145 23 8 23 22.46511 8.4033 1 1 9 0.3622604 1 9 1 0.3573604 9 0.6651403 0 8.084435 1 0 8.686149 0 1 9 0 0.6603857 8.572692 1 2 9 1 1.596285 8.681881 0 2 9 0.93916 3 8.486403 0 3 9 0 2.340446 8.5 1 4 9 0.360615 4 9 1 3.046934 8.163208 0 4 9 0 3.574074 8.464426 1 5 8.48146 0 5 9 0 4.360615 9 0.7929195 7 9 0 6.145304 9 1 7.20708 8.5 0 8 9 1 8.664898 9 0 8.867551 9 1 10.3189 9 0 10.72663 8.786561 1 12 9 0.7865614 12 9 1 11.67942 8.456723 0 12 8.650254 0 13 9 0 12.65025 9 1 13.5 9 0 13.69265 9 1 14.51884 8.5 0 15 9 0 14.19268 8.675565 1 16 9 0.7662132 16 9 1 15.75244 9 0 16.5 8.00054 1 18 9 1 17.5 8.562953 0 18 9 0 17.56295 9 0.459471 19 9 1 18.5 9 0.3579841 20 9 0.738087 21 8.441162 1 22 8.545492 0 22 9 0 21.20887 8.147649 1 23 9 0.3913287 23 9 0 22.50331 9 1.446059 1 9 1.046934 3 9 2 2.5 8.685263 2 4 9 1.685263 4 9 2 3.685263 8.530569 2 5 9 2 4.34172 9 1.50588 6 9 2 5.509959 8.5 2 7 9 2 6.459521 9 2 7.5 8.095777 2 9 9 1.434139 9 9 2 9.396465 9 1.36512 11 8.586191 2 12 8.42873 2 13 9 1.690817 13 9 2 12.52377 9 1.67594 14 9 2 13.48281 8.628152 2 16 9 1.340122 16 8.649731 2 17 9 2 16.52337 8.997685 2 18 9 2 17.99745 8.5 2 19 9 1.5 19 9 2 19.51704 8.304499 2 21 8.959819 2 22 9 1.959819 22 9 2 21.90199 8.733884 2 23 9 1.733884 23 9 2.55233 1 9 2.518483 0 8.422185 3 2 9 2.5 2 9 2.314737 4 8.626823 3 5 8.208274 3 6 9 3 5.316862 8.588582 3 7 9 3 6.663795 9 2.5 8 9 2.396465 9 8.043639 3 11 8.252044 3 12 9 2.463038 12 9 3 11.63661 8.021008 3 13 9 2.447371 13 9 3 12.50799 9 2.32406 14 9 3 13.35603 9 3 14.5 8.5 3 16 8.811037 3 17 9 3 16.8929 9 2.001377 18 8.656695 3 19 9 3 18.65669 9 2.482965 20 9 2.477494 21 9 2.221854 22 9 3 21.74168 8.310154 3 23 9 3 22.12803 9 3.612743 1 9 3.503917 0 8.480488 4 0 9 3.5 2 8.481578 4 3 9 4 2.5 8.598815 4 4 9 3.86648 4 9 4 3.86648 8.628412 4 5 9 4 4.328194 9 4 5.242328 9 4 6.496535 8.357648 4 10 9 3.239049 10 9 4 9.177489 8.5 4 11 9 3.5 11 8.557951 4 12 8.689722 4 13 9 4 12.64773 9 3.552217 14 8.528154 4 15 9 3.528154 15 9 4 14.4758 8.23303 4 16 9 3.5 16 9 3.356525 19 8.420725 4 20 9 3.5 20 8.67221 4 21 9 4 20.67221 8.103731 4 22 9 4 21.32779 9 3.5 23 9 4.338733 1 9 5 0.4687963 9 4.588734 2 8.771274 5 3 9 4.771274 3 9 5 2.701989 8.565593 5 4 9 4.199327 4 9 5 3.323914 9 4.299579 5 9 5 4.456321 8.783637 5 6 9 4.829547 6 9 5 5.784446 9 4.174796 8 9 5 7.46874 9 5 8.5 8.690653 5 10 9 4.690653 10 8.609587 5 11 9 5 10.41154 8.968953 5 12 9 4.301134 13 9 5 13.61683 9 5 14.38317 9 4.293636 17 9 5 16.22056 9 4.661978 18 8.487462 5 19 9 5 18.38476 8.405877 5 20 9 4.5 20 9 5 19.38588 8.7898 5 21 9 4.697813 21 9 5 20.82565 8.838272 5 22 9 4.880034 22 9 5 21.6077 9 4.908484 23 8.242065 6 1 9 6 0.5 8.679738 6 3 9 6 2.92945 9 6 3.066292 9 5.424454 5 8.639155 6 6 9 5.264135 6 9 6 5.639155 9 6 6.545922 9 5.512283 8 8.483846 6 9 9 6 10.22814 9 5.643813 13 9 6 12.64381 8.355471 6 14 9 6 14.71899 9 6 16.5 9 5.385878 19 8.5 6 20 9 5.5 20 9 6 19.5 8.782383 6 21 9 5.431559 21 9 6 20.78238 8.512619 6 22 8.513075 6 23 9 5.095959 23 9 6 22.50046 9 7 0.2950408 8.49261 7 0 8.5 7 2 8.5 7 3 9 6.066292 3 8.332049 7 4 9 6.5 4 9 7 3.5 8.509287 7 5 9 6.509287 5 8.572457 7 7 9 6.386033 7 8.459534 7 8 9 6.547812 8 8.830091 7 9 9 7 8.835656 8.167296 7 11 9 7 10.5 8.94759 7 12 9 6.967333 12 9 7 11.96733 8.750005 7 13 9 6.624029 13 9 7 12.09199 9 7 13.40441 8.726756 7 15 9 7 14.56628 9 6.5 16 9 7 15.27324 8.794048 7 17 9 6.794048 17 9 7 16.79405 9 6.335477 18 8.087529 7 19 9 7 18.5 8.496775 7 20 9 7 19.82295 8.5 7 21 9 7 20.17705 9 6.78526 22 9 7 21.79365 8.727422 7 23 9 7.358752 1 9 8 0.132025 9 7.606198 0 8.022128 8 0 8.870145 8 2 9 8 1.870145 8.095111 8 4 9 7.5 4 9 7.961726 5 9 7.353219 6 8.622991 8 7 9 8 6.560827 9 8 8.303857 9 7.5 10 9 8 9.5 8.46383 8 11 9 7.5 11 9 8 10.5 9 7.198423 12 9 8 11.87995 9 7.422967 13 9 8 12.23077 8.5 8 14 9 7.32926 14 9 8 13.31259 9 7.617135 16 9 7.5 18 9 8 17.03884 9 7.588315 19 9 8 18.58831 8.613172 8 20 9 7.2543 20 9 8 19.52589 8.49702 8 21 8.674944 8 22 9 8 21.61321 8.5 8 23 9 7.258891 23 9 8 22.32506 9 8.5 1 8.971382 9 2 8.344604 9 3 9 8.88823 4 9 9 3.849765 9 9 4.293012 8.5 9 6 9 8.435918 6 9 9 5.232903 8.812371 9 8 9 8.65396 8 9 9 7.812371 8.5 9 9 9 8.5 9 9 9 8.187629 8.272508 9 10 9 9 10.5 8.870727 9 12 9 9 11.87073 9 9 12.20494 9 8.509972 14 8.127275 9 15 9 8.5 15 9 8.382865 16 8.29741 9 17 9 9 16.5 8.18711 9 18 9 9 17.73762 8.528961 9 19 9 8.440033 19 9 8.846367 20 9 9 19.88606 9 9 20.10275 9 8.325056 22 8.508963 9 23 8.852448 10 1 9 9.852448 1 9 9.000602 0 8.60027 10 2 9 10 1.206305 9 9.994582 3 9 10 2.994211 8.676326 10 4 9 9.208193 4 9 10 3.008037 8.352981 10 5 9 9.237239 5 9 10 4.328976 8.5 10 6 9 10 7.235576 8.025714 10 9 9 10 8.5 9 9.562106 10 9 10 9.562106 8.799645 10 11 9 10 11.57402 8.666278 10 13 9 10 12.42101 8.5 10 14 8.21097 10 16 9 9.744524 16 9 10 15.71712 8.5 10 17 9 9.5 17 9 10 16.25548 8.514787 10 20 9 9.156163 20 8.863536 10 21 8.85104 10 22 9 9.91898 22 9 10 21.64189 9 9.55715 23 9 10.18332 1 9 11 0.4605643 8.603002 11 0 8.427259 11 2 9 10.4968 2 9 11 1.533421 8.394491 11 3 9 10.53206 4 8.729486 11 5 8.534316 11 6 8.147594 11 7 9 10.72838 8 9 10.69601 9 9 11 8.460578 9 10.43789 10 9 11 9.303988 8.542646 11 11 9 10.24306 11 8.514534 11 12 8.257685 11 13 9 10.32758 13 8.495838 11 14 9 10.5 14 8.462636 11 15 9 11 14.5 9 10.45104 16 8.5 11 17 9 10.5 17 9 11 16.2946 8.470718 11 18 9 10.10841 18 8.510754 11 19 9 11 18.34809 8.318497 11 21 9 10.16338 22 8.826672 11 23 9 10.78529 23 9 12 0.4212138 8.578786 12 0 8.116354 12 2 9 11.45614 2 8.572099 12 3 9 12 2.518123 9 11.7274 4 9 12 3.825838 8.470428 12 5 9 12 4.15492 8.160631 12 7 9 11.5 7 9 12 6.364416 9 11.27162 8 9 12 9.939375 9 11.43828 11 9 12 10.03669 8.978465 12 12 9 12 11.98553 9 11.42704 13 9 12 12.02042 9 11.5 14 9 11.2946 16 9 12 15.5 8.5 12 18 9 11.33839 18 9 12 17.5 8.097747 12 19 9 11.88615 19 9 12 18.89042 8.5 12 20 9 11.27436 20 9 12 20.67797 8.5 12 22 9 11.34566 23 9 12 22.71587 8.382654 13 1 9 13 0.2295102 9 12.44574 2 9 13 1.441164 9 12.7665 3 9 13 2.81443 9 12.13625 4 9 13 3.18557 8.447128 13 5 9 12.46249 5 9 13 4.5 8.334077 13 6 9 13 5.5 9 12.72199 7 9 12.5 8 9 13 8.5 8.282477 13 10 9 13 9.5 9 13 10.65789 9 13 11.34211 8.459645 13 13 9 13 12.5 9 12.83428 16 8.589372 13 17 9 12.58937 17 8.550858 13 18 9 12.76096 18 9 13 17.68925 9 12.15894 19 9 13 18.3254 8.5 13 20 9 12.5 20 8.80052 13 23 9 12.61431 23 8.103386 14 1 9 13.24551 0 9 13.5 2 8.68002 14 4 9 13.68002 4 9 13.68962 5 9 14 4.511113 8.098095 14 6 9 13.35604 7 9 14 6.047098 9 13.54471 8 8.028024 14 10 9 14 9.5 9 14 10.59573 8.824678 14 12 9 13.82468 12 8.263198 14 14 9 13.5 14 9 14 13.5 9 13.12992 15 8.5 14 16 9 14 15.5 8.54635 14 18 9 14 17.49235 9 14 18.48085 9 13.5 20 9 14 19.4419 9 13.65757 21 9 14 21.39477 8.528644 14 23 8.5 15 1 9 14.5 1 9 14.47664 0 8.157189 15 0 9 14.70677 2 8.930816 15 3 9 15 2.848071 8.919927 15 5 9 14.83795 5 8.999883 15 6 9 14.99662 6 9 14.5346 8 9 15 7.578816 9 15 8.628756 8.817743 15 10 9 14.81774 10 8.248652 15 11 8.315497 15 14 9 15 13.43371 9 15 15.0775 8.232603 15 17 9 14.46929 17 9 15 16.5542 8.376569 15 19 9 14.71302 19 8.789855 15 20 9 14.536 21 9 15 20.37114 8.48702 15 22 8.090571 16 2 9 15.59209 2 9 16 1.777703 8.914046 16 3 8.179336 16 4 9 15.08007 5 9 16 4.5 9 16 5.5 8.474 16 7 9 15.69982 7 9 16 6.699824 8.569909 16 8 9 16 8.430091 9 15.18226 10 9 16 9.5 8.679715 16 11 9 16 10.67971 8.139649 16 12 8.479147 16 13 9 15.45094 13 9 16 12.42143 9 15.5 14 9 16 13.48255 9 15.15151 15 9 16 16.81607 8.776784 16 18 9 15.73572 18 9 16 17.37216 9 16 18.22322 8.656338 16 20 9 15.33692 20 9 16 19.65634 9 15.31073 21 9 16 20.34366 9 16 21.5 8.56872 16 23 9 16.50562 1 9 17 0.2160611 8.185576 17 2 9 16.4575 2 9 17 1.742581 9 16.22254 3 9 17 3.247287 9 16.80127 5 9 16.58116 6 9 17 5.256032 9 16.53874 7 9 17 6.662442 9 17 7.359239 9 17 8.458933 8.294997 17 10 9 16.5 10 8.872674 17 11 9 16.76357 11 9 17 10.87267 9 17 11.19952 8.51753 17 13 9 16.50176 13 9 16.5 14 9 17 13.48079 9 17 14.5 8.44477 17 16 9 16.43044 16 9 17 15.5 8.48883 17 17 9 16.14554 17 9 17 16.5 9 16.67197 18 9 17 17.87698 8.5 17 20 9 16.34366 20 9 16.81715 21 9 17 20.81715 9 17.21227 0 8.230356 18 0 8.5 18 2 9 18 1.056956 9 18 3.389301 8.476228 18 6 9 18 5.648447 8.538023 18 7 9 17.29957 7 9 17.4018 8 9 18 7.468222 8.618294 18 9 9 17.68217 10 9 18 9.569904 9 17.12733 11 9 18 10.31783 8.021583 18 12 9 17.43028 12 9 18 11.56336 8.472948 18 13 9 17.48079 13 8.109901 18 15 9 17.5 15 8.412795 18 16 9 17.68411 16 9 18 15.68411 8.870824 18 17 9 18 17.86435 9 17.5 19 9 18 18.02275 9 17.5 20 9 17.24755 21 9 18 20.59519 8.976555 18 22 9 17.97656 22 9 17.30561 23 8.576123 19 1 9 18.16495 1 9 19 0.4363979 8.420432 19 0 8.093158 19 3 8.5 19 4 9 18.39646 4 8.5 19 5 9 19 4.5 8.954579 19 6 9 19 5.954579 9 18.83875 7 9 19 6.223743 9 18.49373 8 9 19 7.141692 8.762394 19 9 9 18.66838 9 8.5 19 10 8.518178 19 11 9 18.51818 11 8.583915 19 13 9 18.85059 15 9 19 14.85059 9 18.49439 16 9 19 15.27111 8.854222 19 17 9 18.46502 17 9 18.06181 18 9 19 17.32566 8.84177 19 19 9 18.84952 19 9 19 18.6661 8.5 19 20 9 19 19.15048 8.520994 19 21 9 18.42521 21 9 19 21.88124 8.5 19 23 9 18.5 23 9 19 22.11025 8.731911 20 1 9 19.70385 1 9 20 0.8274624 9 19.27731 0 8.618445 20 0 8.038525 20 2 9 19.03833 2 8.193477 20 3 9 19.36357 3 9 19.51531 4 8.674687 20 5 8.817751 20 6 9 20 5.683894 9 19.14169 7 8.183903 20 8 8.5 20 10 8.726895 20 11 9 19.78496 11 9 20 10.79699 8.003278 20 12 9 19.03777 12 9 20 12.50841 9 19.5 14 9 20 13.40692 8.76232 20 15 9 20 15.9448 9 19.14578 17 9 20 16.01789 9 19.84091 18 9 20 17.93734 8.927023 20 19 8.609105 20 20 9 20 19.10604 8.304305 20 22 9 19.11025 22 8.469018 21 1 9 21 0.3063351 9 20.41207 2 9 21 1.5 9 21 2.864149 8.823329 21 4 8.904334 21 5 8.113457 21 6 9 20.18225 6 8.40014 21 7 9 20.51066 7 9 20.84594 8 9 21 8.735218 9 20.5 10 9 21 9.061552 8.560674 21 11 9 20.24533 11 9 21 10.56067 8.999982 21 12 9 20.99997 12 8.417632 21 13 8.5 21 14 9 21 13.5 8.909379 21 15 9 20.7578 15 9 21 14.90938 8.913287 21 17 9 21 16.7101 9 21 17.08671 9 21 19.92255 8.31442 21 21 9 20.5 21 9 21 20.07745 9 20.5 22 8.136975 21 23 9 21 22.90199 8.613965 22 1 9 21.61397 1 8.718586 22 0 9 22 2.57854 8.660891 22 4 8.415238 22 5 9 21.07419 5 9 22 4.313418 9 22 5.674895 8.522226 22 7 9 21.56894 7 9 22 6.398853 9 21.15406 8 9 21.06155 9 9 22 8.5 9 21.5 10 9 22 9.5 8.384579 22 11 9 21.43933 11 9 22 10.5 8.451544 22 12 9 21.00002 12 8.192314 22 13 9 21.5 13 9 21.80432 14 9 22 13.80432 8.768814 22 15 9 21.18869 16 9 22 15.23119 8.381031 22 17 9 21.08671 17 9 22 16.5 9 21.5 18 9 22 17.5 8.889775 22 19 9 22 18.92392 9 22 19.12715 8.260178 22 21 9 21.5 21 9 22 21.5 9 22 22.57548 8.29629 23 1 9 22.50355 1 9 23 0.5738268 8.211734 23 2 9 22.36528 2 8.366988 23 3 9 22.75944 4 9 23 3.828443 8.486035 23 5 8.675793 23 6 9 23 5.583244 9 22.6029 7 8.675955 23 8 9 23 7.499378 9 23 8.740225 9 22.59822 10 8.241254 23 11 9 22.76311 11 9 23 10.6839 8.033368 23 12 9 23 11.23689 8.35245 23 13 8.345326 23 14 9 22.47847 14 8.477973 23 15 9 22.31166 15 8.334708 23 16 9 22.5 17 8.443758 23 18 9 22.1845 19 8.006791 23 20 9 22.36112 20 9 23 19.26683 9 23 20.93314 8.298484 23 22 9 23 21.06686 9 22.42452 23 10 0.4812619 1 10 1 0.4117163 10 0.1394666 0 10 0 0.10894 10 0.6007725 2 10 1 1.907672 9.71937 0 2 10 0 1.858375 9.055987 1 3 10 0.5463452 3 10 1 2.109134 9.431876 0 3 10 0 2.132752 9.723912 1 4 10 0.7239123 4 10 1 3.685257 9.360615 0 4 10 0 3.5 10 1 4.276088 9.953222 1 6 10 0.893978 6 10 1 5.959034 9.576905 1 7 10 0.8392552 7 9.5 0 7 10 0.5505742 8 9.600116 0 8 9.60233 1 9 9.132449 0 9 10 0 8.399884 9.490045 1 10 9.414653 0 10 10 1 11.5 9.529514 0 12 10 0 11.52951 10 0.3134102 13 9.757592 0 13 10 0 12.83774 10 1 13.27379 9.833279 1 15 10 0.1417906 15 10 0 14.93929 10 0.2303688 16 9.572242 1 17 10 1 16.5419 9.528965 0 17 9.5 1 18 10 1 17.42776 9.437047 0 18 10 0 17.47103 10 0.4766726 19 10 0 18.52333 9.5 1 20 10 0.07879388 20 10 1 19.5 9.867004 0 20 10 0 19.91416 10 0.4499917 21 10 1 20.5 10 0 20.09465 10 0.4687123 22 9.424778 0 22 9.685241 0 23 10 0 22.74921 10 1.525829 1 10 2 0.5258292 10 1.411716 0 9.470138 2 0 9.5 2 3 10 1.453655 3 9.595075 2 4 10 1.549611 4 10 2 3.761887 9.655395 2 5 10 1.682497 5 10 2 4.401845 9.927848 2 7 9.845683 2 8 10 1.748795 8 10 2 7.298813 9.505263 2 9 10 1.340939 9 10 1.222762 10 9.571619 2 11 10 2 10.56608 9.457043 2 12 10 1.631007 12 10 1.273795 13 10 1.5 14 10 2 13.5 9.771428 2 15 10 2 14.86846 9.582346 2 16 9.906814 2 17 10 2 16.88457 10 1.5 18 10 1.592474 19 9.662966 2 20 9.602848 2 21 10 1.797572 21 9.074497 2 22 10 2 21.32797 9.341591 2 23 10 2.474171 1 9.573512 3 2 10 3 1.573512 10 2.5 3 10 3 2.426488 10 2.317503 5 10 3 5.5 9.336205 3 7 9.848021 3 8 10 2.504507 8 9.659014 3 9 10 2.554194 9 10 3 9.340986 10 2.428381 11 9.491774 3 12 10 2.497806 12 10 2.534765 13 9.664625 3 14 9.635632 3 15 10 3 14.46816 9.721083 3 16 9.16347 3 17 10 3 16.38657 10 2.997671 18 10 3 17.99621 9.538731 3 19 10 2.605786 19 10 3 19.62828 9.296555 3 21 10 2.202428 21 10 3 20.20938 10 2.411394 23 10 3 22.18927 10 3.541159 1 10 4 0.5411592 9.447884 4 0 9.511632 4 2 10 3.437908 2 10 4 1.470416 9.153663 4 4 9.239792 4 5 10 3.5 5 10 4 4.459084 9.5095 4 6 10 3.512964 6 10 4 5.512964 9.776996 4 7 10 4 6.76788 9.299375 4 8 10 3.401636 9 10 4 8.391387 10 3.5 10 10 4 9.435303 9.5 4 11 10 4 10.5 10 3.405543 12 10 4 11.53627 9.338005 4 13 10 3.507604 13 9.504937 4 14 10 3.388269 14 9.718805 4 16 10 3.497176 16 10 4 15.69411 10 3.405763 17 10 4 16.30323 9.765762 4 18 10 3.009821 18 10 4 17.79247 9.485474 4 19 10 3.309206 19 10 3.209378 20 10 4 19.5 10 3.5 21 10 4 20.5 9.5 4 22 10 3.189266 22 9.5 4 23 9.524251 5 1 10 5 0.5242511 9.468796 5 0 10 5 1.475749 9.228726 5 3 9.793118 5 5 10 4.838666 5 9.687577 5 7 10 5 6.698288 10 5 8.595865 9.309347 5 10 10 5 9.305807 9.885304 5 11 10 5 10.92338 9.385012 5 12 10 4.944119 12 10 5 12.36786 10 4.822404 14 10 5 13.33875 9.5 5 15 10 4.470253 15 10 4.32172 16 10 5 15.54802 9.757002 5 17 9.362734 5 18 10 4.254277 18 10 4.608789 19 10 4.5 20 10 5 19.39121 9.87426 5 21 10 5.838694 1 10 6 0.8513998 10 5.5 0 10 5.772117 3 10 6 2.759542 9.979468 6 4 10 5.979468 4 9.5 6 5 10 5.161334 5 9.360845 6 6 10 6 5.5 10 5.562886 7 9.487717 6 8 10 6 7.237416 10 6 8.5 9.211153 6 10 10 6 9.537358 10 5.076617 11 10 5.111444 12 10 5.179547 13 10 6 12.50381 9.534644 6 15 9.818198 6 16 10 5.787768 16 9.5 6 17 10 6 16.1818 10 5.408405 18 10 6 17.5 10 5.400833 19 9.814606 6 20 9.733017 6 22 10 5.468227 22 10 6 21.18966 10 5.5 23 10 6.818114 0 9.512949 7 0 9.971894 7 2 10 6.969913 2 10 7 1.971894 10 6.227883 3 10 7 2.028106 9.723918 7 4 10 6.052102 4 9.490713 7 5 10 6.5 5 9.856317 7 6 10 6.523868 7 10 7 6.200168 9.133863 7 9 10 6.5 9 9.5 7 10 9.132957 7 12 9.79434 7 13 10 7 12.71845 9.973507 7 14 10 6.986817 14 10 7 13.86595 9.852777 7 15 10 7 14.17069 9.5 7 16 10 6.181802 16 10 7 15.06095 9.883039 7 18 10 7 17.8439 9.834879 7 19 10 6.829259 19 10 7 18.40109 10 6.185394 20 10 7 20.50626 10 7 21.62138 9.720934 8 1 10 7.028106 2 9.500795 8 6 10 7.084187 6 10 8 5.334158 9.799821 8 7 10 7.651352 7 10 8 6.835691 10 8 7.131537 10 7.9323 9 10 8 8.9323 10 8 9.0677 9.5 8 11 9.417869 8 12 10 7.536771 12 10 8 11.8403 9.698801 8 13 10 7.305701 13 10 8 12.49229 10 7.100417 15 9.048444 8 17 10 7.474262 17 10 8 16.55749 9.616768 8 18 10 7.175711 18 10 8 17.56091 9.612707 8 19 10 7.308978 19 10 8 18.58416 10 7.901946 20 9.43295 8 21 10 7.493741 21 10 8 20.09805 9.5 8 23 9.5 9 1 10 8.279066 1 10 8.053893 0 9.000822 9 0 9.028618 9 2 10 8.5 2 10 9 2.554487 10 8.375161 4 10 9 3.445513 9.356275 9 5 10 8.413396 5 10 8.81512 7 10 8.587122 8 10 9 7.046576 10 8.11756 9 10 9 8.563342 9.5 9 10 10 8.5 10 10 9 9.352785 9.766619 9 11 10 9 10.76662 9.129273 9 12 10 9 11.23338 10 8.163882 13 10 8.701785 14 10 8.367681 15 10 8.755828 16 9.695937 9 17 9.262378 9 18 10 9 17.30406 9.745524 9 19 10 8.592701 19 10 8.428781 20 10 8.831553 21 10 9 20.41689 9.933194 9 22 10 9 21.73888 9.491037 9 23 9.178737 10 1 10 9.557002 1 10 9.999634 0 9.999732 10 0 10 9.695802 2 10 9.445513 3 10 10 2.304198 9.815987 10 4 9.751237 10 5 10 9.62923 5 10 10 4.250304 10 10 5.417913 9.249463 10 7 10 9.035727 7 10 10 6.326869 9.967295 10 8 10 9.954127 8 10 10 7.964817 9.978023 10 9 10 9.960408 9 10 10 8.600743 10 9.233381 11 10 9.630183 12 10 10 11.63018 10 10 12.36982 10 9.244172 16 10 10 15.5 9.5 10 17 10 9.304063 17 10 9.794379 18 10 10 17.79438 9.374672 10 19 10 10 18.59712 10 9.126506 20 10 10 19.14868 9.683497 10 21 10 9.73462 21 10 10 20.93181 9.396998 11 0 10 10.3042 2 10 11 1.046613 9.40065 11 3 10 10.5 3 10 11 2.5 10 11 3.99414 9.575437 11 5 10 11 4.024671 10 11 5.188982 9.906644 11 7 10 11 6.906644 9.407355 11 8 10 10.05866 8 9.5 11 10 10 10.84758 11 10 11 10.84758 9.629114 11 13 10 11 12.45042 9.5 11 14 9.441215 11 16 10 11 15.30363 9.573188 11 17 10 10.57319 17 10 11 16.41531 9.4047 11 18 9.489246 11 19 10 11 18.42934 10 11 19.98971 9.734159 11 21 10 11 20.03323 9.460574 11 22 9.173328 11 23 9.5 12 1 10 11.04661 1 10 11.5 0 9.445741 12 2 9.939317 12 3 10 12 2.953907 9.136245 12 4 10 12 3.046093 10 11.18898 5 9.950492 12 7 10 11.66408 7 9.562651 12 8 10 11.41107 8 10 12 8.620083 10 11.70362 10 10 12 9.530653 9.5 12 11 9.01447 12 12 10 11.2023 12 10 12 11.5 9.413222 12 13 10 11.23631 13 10 12 12.5 10 12 13.56554 9.767514 12 15 10 11.43225 15 10 12 14.71721 10 11.63885 17 10 12 17.29624 9.109583 12 19 10 11.5 19 9.629531 12 20 9.367221 12 21 10 12 20.41826 9.79612 12 22 10 12.7479 1 10 13 0.7479003 10 13 1.483395 10 13 2.293645 10 13 3.653901 10 12.5 5 10 13 4.314431 9.777242 13 6 10 12.268 6 9.35081 13 7 10 12.06812 7 9.5 13 8 10 12.43735 8 9.523068 13 9 10 12.3431 9 10 13 8.523068 9.822861 13 10 10 12.66178 10 10 13 9.808998 10 12.85866 11 10 12.5 12 10 13 11.14134 10 12.5 13 10 13 12.5 10 12.60118 15 9.881245 13 16 10 13 15.88245 9.681385 13 17 10 12.50045 18 9.806455 13 19 10 12.86484 19 9.5 13 20 10 12.37047 20 9.904165 13 21 9.5 13 22 9.895666 13 23 9.615041 14 1 10 13.35003 1 9.63395 14 0 10 13.26483 2 10 14 1.384959 9.517223 14 3 10 13.48142 3 10 14 2.517223 10 13.31443 4 10 14 3.482777 9.433883 14 5 9.205221 14 6 10 13.47693 9 9.875533 14 10 9.665388 14 11 10 13.32538 11 10 14 10.29407 9.175322 14 12 9.76151 14 13 10 13.76151 13 10 13.84344 14 10 13.31353 15 9.983547 14 16 10 13.3161 17 10 14 16.02318 9.423096 14 18 10 13.49955 18 10 13.16167 19 9.694044 14 20 10 13.69404 20 9.490674 14 21 10 13.16394 21 10 13.5 22 10 13.06895 23 9.5 15 1 10 14.38496 1 10 14.29442 0 9.442432 15 0 9.352979 15 2 10 14.52185 3 9.808192 15 4 10 14.80819 4 10 15 3.782777 10 15 4.191808 10 14.1127 8 10 15 7.290935 9.455697 15 9 10 14.66086 9 9.724178 15 10 10 14.62612 10 9.480134 15 11 9.782184 15 12 10 14.23849 13 10 15 12.21782 9.67724 15 14 10 14.1032 14 10 15 14.45209 9.5 15 16 10 14.41344 17 10 14.55337 18 9.390138 15 19 10 15 18.61834 10 14.30596 20 10 15 19.33252 10 15 20.78524 9.704922 15 22 10 14.70492 22 10 15 21.39518 9.5 15 23 10 14.28158 23 10 15.82434 1 10 16 0.6518575 9.260634 16 0 9.471883 16 2 10 15.70391 2 9.140037 16 3 10 15.59693 3 10 15.45788 4 10 16 3.672679 9.546829 16 5 9.998538 16 6 10 15.99854 6 10 16 5.998236 9.300176 16 7 10 16 6.001462 10 16 7.58792 9.74361 16 9 9.854551 16 10 10 15.33277 10 10 16 9.669502 10 15.70722 11 9.404503 16 12 10 16 11.29278 10 15.67728 13 9.5 16 14 10 15.32276 14 10 15.36612 15 10 16 14.5 9.430441 16 16 10 16 15.5 9.145544 16 17 10 15.5 17 10 16 16.5 9.430923 16 18 10 16 17.72491 10 15.33252 19 10 15.5 20 10 16 19.5 9.5 16 21 10 15.29508 22 9.513569 16 23 10 16 22.75152 9.956824 17 1 10 16.8641 0 9.253142 17 2 10 16.24237 2 10 17 1.042256 9.395659 17 3 10 16.53506 3 9.19873 17 5 10 16.45317 5 10 17 4.5 10 17 6.889756 10 17 7.110244 10 16.25639 9 10 17 8.5 9.187149 17 11 9.369231 17 12 10 17 11.38789 10 16.32272 13 10 17 12.5 10 17 13.5 9.5 17 15 10 16.5 15 10 17 16.61112 10 17 17.50966 9.788753 17 19 10 16.78875 19 10 17 18.67238 9.649431 17 20 9.59655 17 21 10 16.86856 21 10 17 20.78104 9.5 17 22 10 16.5 22 9.305613 17 23 9.206235 18 1 10 18 0.7835856 10 17.06938 0 10 17.8572 2 9.561262 18 3 10 18 2.337283 10 17.58901 5 9.395028 18 6 10 17.54636 6 9.461977 18 7 9.493725 18 8 10 18 7.5 9.470706 18 9 10 17.59025 9 9.317827 18 10 10 18 9.409749 10 18 11.16705 10 17.64586 13 9.412616 18 14 10 17.5 14 10 18 13.35414 10 18 14.77903 9.35357 18 16 10 18 16.45776 10 18 17.78686 10 18 18.21314 9.745783 18 21 10 17.39494 21 9.041761 18 22 10 17.6448 22 9.570652 18 23 10 17.57065 23 10 18.88123 0 9.676065 19 0 9.543812 19 3 10 19 2.676033 10 18.84004 4 10 19 3.799446 10 19 4.107317 10 18.45364 6 10 19 5.5 9.141692 19 7 10 18.5 7 9.805332 19 9 10 18.90362 9 10 19 8.82906 10 18.58182 10 10 19 9.093391 10 18.16705 11 9.027097 19 12 10 18.5 12 10 19 11.5 10 19 12.5 9.780144 19 14 10 19 13.78014 9.154263 19 15 10 19 14.22639 9.900151 19 16 10 18.94158 16 10 19 15.94841 10 18.5 17 10 19 16.04978 9.486709 19 18 9.350634 19 19 10 19 18.53184 9.479006 19 21 10 18.18821 21 10 19 20.4424 10 18.48664 22 10 19 22.36753 9.113981 20 1 10 19.62978 2 10 20 1.629783 9.668055 20 3 10 19.49095 3 10 20 2.541929 10 19.14467 4 10 20 3.411445 9.325313 20 5 10 19.5 5 10 20 4.415468 9.547543 20 7 10 19.54754 7 10 20 6.468566 10 20 7.932705 10 19.06894 9 9.371552 20 11 10 20 11.30111 10 20 12.54267 10 20 13.99528 10 19.82046 15 10 19.14184 16 10 20 15.39936 10 19.5 17 10 20 16.24066 10 20 17.50779 10 19.31333 19 9.292388 20 20 10 19.4424 20 10 19.9029 21 10 20 20.9029 10 19.46033 22 10 20.75576 1 10 21 0.2856997 9.5 21 2 9.149351 21 3 10 21 2.527595 10 21 3.705773 9.075513 21 5 10 21 4.275598 9.535926 21 6 10 21 6.541645 10 20.14451 8 9.063597 21 9 10 20.50872 9 9.500908 21 10 10 21 9.492188 9.000018 21 12 10 21 11.5 10 21 12.51368 10 21 13.70094 10 20.17405 15 10 21 14.28772 10 21 16.5 9.680094 21 18 10 20.67327 18 9.5 21 19 10 20.41824 19 9.077452 21 20 10 21 19.5 10 20.0971 21 10 20.42646 22 10 21 22.47813 10 21.24424 1 10 21.5 2 10 21.9401 3 10 22 2.946028 10 22 4.255984 9.325105 22 6 9.620439 22 7 10 22 6.692444 10 21.47954 8 10 22 7.536932 10 22 8.435367 10 22 9.548831 9.511773 22 11 10 22 11.99812 9.5 22 13 10 22 12.00179 10 21.68679 14 9.334073 22 15 10 21.62523 15 10 22 14.23508 9.829636 22 16 10 22 15.74483 9.525581 22 17 10 22 16.18533 10 21.71725 19 10 22 18.58175 9.408419 22 20 10 21.69056 21 10 22 20.64628 10 22 21.30944 9.424518 22 23 10 21.5 23 10 22.5 1 10 22.90649 0 9.927733 23 0 10 22.7632 2 9.831826 23 3 10 22.28782 3 10 23 2.687289 9.12633 23 4 10 23 3.123706 10 23 4.726796 10 22.79534 6 10 23 5.593627 10 23 7.5 10 23 8.5 10 22.49679 10 9.236886 23 11 10 22.48823 11 9.480525 23 13 10 23 12.56658 9.894762 23 14 9.533635 23 15 10 22.50805 15 9.5 23 16 9.5 23 17 10 22.47442 17 9.790954 23 18 10 22.83897 18 9.358776 23 19 9.5 23 20 10 22.45017 20 10 23 19.39411 10 23 21.38587 9.86777 23 23 10 22.86777 23 10 23 22.86777 10.5 1 1 11 1 0.1278318 10.82684 1 0 11 0 0.3371006 10.64077 0 2 10.45365 1 3 11 0.2737259 3 10.72627 0 3 11 0 2.185463 11 0.6388835 4 10.5 1 5 11 0.5 5 11 0.5161612 6 10.8167 0 7 11 0 6.793338 11 0.2036007 8 11 0 7.467496 11 0.3263731 9 10.87337 0 9 10.44734 1 10 11 0.1055673 10 11 1 9.463638 11 0 9.780143 11 0.4857661 11 11 1 10.34144 10.61321 0 11 11 0 10.06084 10.85255 1 12 11 0.8525454 12 11 1 12.14745 10.14683 0 13 11 0.8357207 14 11 1 13.83572 10.32173 0 14 11 0.8975896 15 10.70503 1 16 11 0.7046467 16 11 1 15.1727 10.2307 0 16 11 0 15.43404 10.74757 1 17 11 1 16.59443 10.6743 0 17 10.54023 1 18 11 0.3119878 18 11 1 17.22875 11 1 18.45977 10.53469 0 19 11 1 19.94474 10.07937 0 20 11 0 19.44412 11 1 20.05526 10.90348 0 21 11 0 20.91903 10.5 1 22 11 1 21.5 11 0 21.08557 10.53204 1 23 11 0.5307543 23 11 0 22.48425 10.77284 2 1 11 1.790481 1 11 2 0.750351 11 1.155392 0 10.55659 2 0 10.08828 2 2 11 1.5 2 11 2 2.5 10.23811 2 4 10.56956 2 5 11 1.739878 5 11 2 4.739878 10.5515 2 6 11 1.498269 6 11 2 6.573294 11 1.552906 8 11 2 7.428102 11 1.415374 9 11 2 10.55633 10.99021 2 13 11 2 12.97168 11 1.676019 14 11 2 14.19343 11 1.38069 16 11 1.201543 17 11 2 16.37572 11 1.798981 19 10.48189 2 21 11 2 20.676 11 1.5 22 10.41139 2 23 11 2 22.5 10.5 3 1 11 2.209519 1 11 3 0.3844622 11 2.560528 0 10.42649 3 2 11 3 1.5 10.52735 3 3 11 3 2.527347 10.1563 3 4 11 3 4.495523 10.68176 3 6 10.7989 3 7 11 2.706289 7 11 2.447094 8 11 3 7.201098 11 2.296359 9 10.5 3 10 11 2.5 10 10.75604 3 11 11 2.253268 12 11 3 11.24396 10.46523 3 13 11 2.009789 13 11 3 12.5 11 3 13.5 10.36437 3 15 11 2.282032 15 11 3 15.5 10.38034 3 17 11 2.5 17 11 2.5 18 11 2.201019 19 10.20938 3 20 11 2.362789 20 10.63025 3 21 11 2.317465 21 11 3 20.63025 10.43116 3 22 11 2.764528 22 10.91758 3 23 11 2.917581 23 11 3 22.77421 11 4 0.6186147 10.48837 4 2 11 3.5 2 11 3.79204 3 11 4 2.8095 10.45908 4 4 11 4 3.1905 11 3.5 5 11 4 5.5 10.223 4 7 11 4 7.5 11 3.815355 9 11 4 8.815355 11 4 9.329948 11 3.679332 11 11 4 10.7512 11 3.5 12 11 4 11.13218 10.47872 4 13 11 3.521124 13 11 4 12.52112 11 3.63333 14 11 4 13.61348 10.89044 4 15 11 4 14.84129 11 3.726805 16 11 4 16.27319 11 3.998728 18 11 4 17.99873 10.5 4 19 11 4 18.00127 11 4 20.62861 10.55254 4 22 11 3.275537 22 11 4 21.42182 10.90538 4 23 10.47575 5 1 11 4.331195 1 11 5 0.5 11 4.44544 0 10.5 5 0 11 4.51845 2 10.5 5 3 11 4.1905 3 11 5 2.48155 11 4.5 4 11 5 3.5 11 4.5 5 11 4.945063 7 11 5 6.929226 10.39376 5 8 11 4.5 8 11 5 7.054937 11 5 9.050524 11 5 10.57441 10.06343 5 12 11 5 11.49506 10.12586 5 13 11 5 12.55301 11 4.939659 14 10.45198 5 16 11 5 16.5 10.4084 5 18 11 5 17.5 10.51779 5 19 11 4.625605 19 10.5 5 20 11 5 19.3744 11 5 20.57531 10.23366 5 22 11 5 21.42469 10.5 5 23 11 6 0.5368766 10.48247 6 2 11 5.48155 2 11 6 1.284449 10.49864 6 3 11 5.771159 3 11 6 2.771159 11 5.940646 4 11 6 3.82465 10.5676 6 5 11 6 4.076492 10.78198 6 6 11 5.732439 6 11 6 5.732077 11 5.064003 7 11 6 6.246968 11 5.5 8 11 6 7.459492 11 6 8.5 10.55957 6 10 11 5.596075 10 11 5.662647 11 11 6 10.64241 10.28668 6 13 11 5.379205 13 11 6 13.79594 10.94144 6 15 11 5.979278 15 11 6 14.92376 11 6 15.03213 10.55169 6 17 11 5.551694 17 10.5 6 18 11 5.5 18 11 6 17.44831 10.56912 6 19 11 5.451423 19 10.18539 6 20 10.07497 6 21 11 5.424686 21 10.80818 6 23 11 5.808184 23 11 6 22.80818 10.59258 7 1 11 6.366362 1 10.52146 7 0 11 7 2.099837 10.42102 7 4 11 7 3.500115 11 7 4.344032 10.17112 7 6 11 7 5.744595 10.22055 7 7 11 7 6.255405 11 7 7.5 11 6.5 9 11 6.65518 10 11 6.982579 13 11 7 12.97082 10.03483 7 14 11 6.020722 15 11 6.875886 16 11 7 15.91716 10.41726 7 17 11 7 16.08284 10.11696 7 18 11 7 17.5 10.49374 7 21 10.53747 7 22 11 6.661636 22 11 7 21.66164 11 6.191816 23 11 7 22.33836 10.27907 8 1 10.19955 8 0 10.5 8 2 10.69562 8 3 11 7.701591 3 10.37516 8 4 10.30547 8 5 11 7.532202 5 10.97659 8 6 11 7.948924 6 11 8 5.979427 10.34592 8 7 11 7.777373 7 11 8 6.060564 11 7.5 9 11 8 8.5 11 8 9.5 10.5 8 11 11 7.5 11 11 8 10.5 11 7.404507 12 10.30938 8 13 11 7.270166 14 11 8 13.30436 11 7.960261 15 10.50981 8 16 11 7.085868 16 11 8 15.04126 10.44251 8 17 11 7.5 17 11 8 16.49019 10.98022 8 18 11 7.987619 18 11 8 17.98762 11 7.5 19 10.62057 8 20 11 8 19.93767 11 7.338364 22 11 9 0.511856 11 8.174662 0 10.48083 9 0 10.44551 9 3 10.50865 9 4 11 8.508649 4 11 9 3.508649 10.424 9 5 11 8.541171 5 11 8.038344 6 11 9 5.616778 10.03378 9 7 11 8.225651 7 11 9 6.320266 11 8.573309 8 11 8.75467 9 11 9 8.695998 11 8.501189 10 11 9 9.246212 10.5507 9 11 10.19838 9 14 11 9 13.45213 10.8574 9 15 10.9649 9 16 11 8.987926 16 11 8.864586 17 11 9 16.06979 11 8.014125 18 11 9 17.15183 10.85801 9 19 11 9 18.94563 11 9 19.04789 11 8.712638 21 11 9 20.71264 11 9 21.41004 11 9.42982 1 11 9.5 2 11 10 2.67797 11 9.491351 4 10.24428 10 5 11 9.427014 5 10.48111 10 7 11 9.495653 7 10.0327 10 8 11 10 7.5 11 9.24533 9 10.5 10 10 11 9.498811 10 11 10 9.5 10.5734 10 11 11 9.250284 11 10.42709 10 12 11 10 11.48589 10.5 10 13 11 9.452133 13 11 10 12.44047 10.47281 10 14 11 9.205296 15 11 10 14.60834 11 10 15.39166 10.5 10 17 11 10 16.5 11 9.466645 18 11 9.069643 19 11 10 18.5981 10.98844 10 20 11 9.333206 21 10.5 10 22 11 9.367157 22 11 10 21.44658 10.21405 10 23 11 9.530355 23 10.04661 11 1 11 10.5 1 11 10.99864 0 10.99864 11 0 10.55822 11 2 11 11 1.558222 11 10.32314 3 11 11 3.998853 10.41922 11 5 10.3442 11 7 10.58432 11 8 11 10.72152 8 11 11 8.278476 10.5 11 10 11 11 9.5 10.15242 11 11 11 10.4266 11 11 11 10.5 10.2023 11 12 10.40226 11 13 11 11 12.68502 11 10.50494 14 11 11 13.31925 10.34963 11 16 11 10.50407 16 10.5 11 19 11 10.4019 19 11 10.01179 20 10.40369 11 21 11 10.64354 21 11 10.50911 22 11 11 21.31673 11 10.46964 23 11 11.60361 2 11 12 2.523273 11 12 3.321334 10.09496 12 6 11 11.5 6 11 12 5.5 11 12 6.693161 10.64295 12 8 11 11.47205 8 11 12 7.506297 10.29638 12 10 11 11.5 10 10.5 12 11 10.5 12 12 11 11.5 12 11 12 11.5 10.91038 12 13 11 11.82366 13 11 12 12.91038 10.36137 12 15 11 11.49593 16 11 12 15.34867 10.47417 12 17 11 12 16.68175 10.5 12 18 11 11.5 18 11 12 17.31825 11 12 18.70398 10.98817 12 21 10.20388 12 22 11 11.49089 22 10.49337 12 23 11 11.54419 23 11 12.58726 1 11 12.5 0 10.5 13 0 10.26483 13 2 11 12.34198 2 10.46425 13 3 11 12.32133 3 11 13 2.5 10.56698 13 5 10.22276 13 6 11 12.5 6 11 12.53383 7 11 13 6.72121 10.70783 13 9 10.40171 13 10 11 12.75722 10 11 13 9.539988 11 13 10.32046 11 13 11.46503 10.70624 13 13 11 12.19137 13 10.31354 13 14 11 12.58104 14 11 13 14.39278 10.06077 13 16 11 12.70735 16 10.24573 13 17 10.53362 13 18 11 12.53408 18 10.13516 13 19 11 12.84692 20 11 13 19.84692 10.09583 13 21 11 13 20.15308 10.50691 13 22 10.02821 13 23 11 13.29371 1 11 13.72382 0 10.5 14 2 11 13.5 2 11 13.57317 4 11 14 3.553437 10.36998 14 5 11 14 4.426825 11 13.58036 6 11 14 5.580359 10.39958 14 8 11 13.83973 8 11 14 7.827129 11 14 8.238857 10.12447 14 10 11 14 9.378182 10.50865 14 11 11 14 10.75207 11 14 11.43801 10.45737 14 13 11 13.52818 13 11 14 12.53235 11 14 13.28244 10.30554 14 15 11 14 14.4856 10.03128 14 16 10.42297 14 17 11 13.50979 17 11 14 16.35015 11 14 17.49021 11 13.15308 20 10.74826 14 21 11 13.84613 21 11 14 20.84613 10.81209 14 22 11 13.80783 22 11 14 22.18791 10.58641 15 1 11 15 0.514696 11 14.33779 0 11 14.93459 2 11 15 1.909722 10.46098 15 3 11 15 2.065412 10.19181 15 4 11 15 3.5 10.5 15 5 11 15 4.5 11 15 5.896743 10.97872 15 7 11 14.99033 7 11 15 6.928102 10.5 15 8 11 14.16027 8 11 15 7.008841 10.33914 15 9 11 15 9.961731 11 14.3418 11 10.33627 15 12 11 14.43487 12 11 15 11.53596 10.51475 15 14 11 15 13.69 10.64217 15 15 11 15 14.58263 10.5 15 16 10.5 15 17 11 14.49021 17 10.79775 15 18 11 14.74961 20 11 15 19.5702 11 14.15387 21 11 15 20.25039 10.29508 15 22 11 14.18791 22 11 14.64265 23 11 15 22.64265 11 15.42792 0 10.2852 16 0 11 15.21248 2 10.46315 16 3 11 15.59903 3 11 16 2.279306 11 15.5 5 11 15.10326 6 11 16 5.5 10.53593 16 7 11 15.75453 8 11 15.62336 9 11 15.04823 10 11 16 9.434831 11 15.40583 11 11 15.7172 12 11 16 11.8109 10.32272 16 13 11 16 12.17813 10.5 16 14 11 15.31 14 10.96672 16 15 11 15.90338 15 11 16 14.96672 10.83624 16 16 11 16 15.1495 10.28371 16 18 11 15.30707 19 11 16 18.4893 10.5 16 20 10.5 16 21 11 15.5 21 10.53075 16 22 11 15.53075 22 10.05131 17 1 11 16.29499 1 11 16.5 0 10.05905 17 0 11 16.57913 2 10.82366 17 3 11 16.86169 3 11 17 2.636986 11 17 3.609336 11 16.5 5 11 17 4.064442 11 16.46407 7 11 17 6.003099 10.58067 17 8 11 16.31058 8 11 16.37664 9 11 17 11.70216 10.94776 17 13 11 16.94776 13 11 16.5 14 10.47308 17 16 11 17 15.5 10.36359 17 17 11 16.5 17 11 17 16.5 10.38143 17 18 11 17 17.5287 11 16.79756 19 11 16.5 20 10.27726 17 21 11 16.71711 21 10.5 17 22 11 16.46925 22 10.5 17 23 11 16.12537 23 10.24715 18 1 11 18 0.5383442 11 17.54773 0 10.50478 18 0 11 17.33156 2 11 18 1.650733 10.64134 18 3 11 18 3.176484 10.41099 18 5 11 18 4.460684 11 17.01527 6 11 18 5.833007 10.52564 18 8 11 17.57482 9 11 18 8.549563 10.94706 18 10 11 17.91116 10 10.16705 18 11 11 17.33762 11 10.6933 18 13 11 17.18514 13 11 18 12.0438 11 17.5 14 10.22097 18 15 11 17.5 15 11 17.5 16 11 18 15.5 10.63462 18 17 10.62813 18 18 11 18 17.78215 10.5 18 19 11 17.20244 19 11 18 18.1382 11 18 19.5 10.59405 18 21 11 17.71346 21 11 18 20.86324 10.3552 18 22 11 17.5 22 11 18 22.61093 11 18.41455 1 11 19 0.5 11 18.45227 0 10.10188 19 0 10.32397 19 3 11 18.46068 4 11 18.5 5 11 19 4.5 10.96111 19 6 10.5 19 7 10.83609 19 8 11 18.63951 9 11 19 9.517252 10.5 19 12 10.61844 19 13 11 19 12.61844 10.40608 19 14 11 18.70813 14 11 19 13.5995 11 18.51393 15 11 18.5 16 11 19 15.48607 11 19 16.5 11 18.33053 18 10.24702 19 19 10.4424 19 20 11 18.5 20 10.56846 19 23 11 18.4562 23 11 20 0.2706752 10.1768 20 0 10.80899 20 2 10.33743 20 3 11 19.50616 3 11 20 2.124542 10.47552 20 4 11 20 3.554476 11 19.54298 5 10.42149 20 6 11 20 5.457018 10.45246 20 7 11 19.5 7 11 20 6.5 10.05627 20 8 11 20 7.5 10.5 20 9 10.87767 20 10 11 19.73628 10 11 20 10.12233 10.5 20 12 10.79848 20 13 11 20 12.82461 10.00398 20 14 11 20 13.17539 11 19.48607 15 11 20 14.5 11 19.57058 16 11 20 15.57058 11 19.65004 17 11 20 16.58297 11 20 17.35158 11 19.5 21 11 20 20.5 11 19.57092 22 11 19.97693 23 10.27188 21 1 11 20.59573 0 11 20.12188 2 11 21 1.463949 10.84672 21 3 10.36121 21 4 11 21 3.197143 10.73132 21 5 11 20.70015 5 11 21 4.64681 10.46407 21 6 10.83065 21 7 11 21 6.870021 10.27538 21 8 11 20.51848 8 11 21 8.546473 10.49909 21 10 10.5 21 11 11 20.5 11 11 20.5 12 10.97518 21 13 11 20.5512 14 11 20.94195 15 11 21 14.92964 10.99587 21 16 11 20.99452 16 11 21 15.93699 10.9677 21 17 11 20.94161 17 11 21 16.11043 11 20.52458 18 11 21 17.03577 10.79973 21 19 11 21 18.7823 10.5 21 20 11 20.5 20 11 21 19.20027 11 20.96247 21 11 21 20.96247 10.68055 21 22 11 21 21.08314 10.5 21 23 11 20.01761 23 11 21 22.30073 10.5 22 1 11 21.46395 1 11 21.20118 0 10.38661 22 0 10.5 22 2 11 21.39764 4 11 21.63897 5 11 22 4.830794 11 21.50875 6 11 21.12998 7 11 22 6.491247 10.27696 22 8 11 21.48152 8 10.6282 22 9 11 21.72386 9 11 22 8.772781 10.28997 22 10 11 22 9.227219 11 21.60745 11 11 22 10.60745 10.00179 22 12 11 21.5 12 11 21.02353 13 11 21.4488 14 11 21.05805 15 11 22 14.5 11 21.01329 16 11 22 15.76476 10.47442 22 17 10.35414 22 18 11 21.47365 18 10.28275 22 19 11 21.20027 19 11 22 18.5 11 21.51354 20 11 22 19.51354 11 21.12514 21 11 22 20.77652 10.6542 22 22 11 22 22.4512 11 23 0.5 11 22.5 0 10.06105 23 0 10.12371 23 3 10.2732 23 5 11 22.16921 5 10.20466 23 6 11 23 5.5 10.5 23 7 11 22.5 7 11 22.60436 8 10.94826 23 9 10.91531 23 10 11 22.96313 10 10.61198 23 11 11 22.99947 12 11 23 11.99916 10.43342 23 13 11 22.5 13 10.14693 23 14 11 22.84667 14 10.46441 23 15 11 23 15.40097 10.5 23 17 11 22.5 17 11 23 16.5 10.09522 23 18 11 22.5 18 11 22.5 19 11 23 18.5 11 22.48646 20 11 23 19.5 11 22.3458 22 11 23 21.5 10.23731 23 23 11.67971 1 1 12 1 0.6797143 12 0.3858037 0 11.12783 1 0 11.5 0 1 12 0.580125 2 12 1 1.394324 11.07903 0 2 11.42992 0 3 12 0 2.666768 11.89019 1 4 12 0.9429628 4 12 1 3.835564 11.46453 0 4 11.64755 1 5 12 0 4.625103 12 1 5.438342 11.57166 0 6 12 0 5.481595 11.4456 1 7 12 0.5 7 12 1 6.410866 11.51155 1 8 12 0 7.5 11.23032 1 9 11.27338 1 10 12 1 9.520801 12 0 9.281436 11.55083 1 11 12 1 10.62824 12 0 10.5 11.14745 1 12 12 0.5 12 11.5 0 12 12 0 11.5 12 0 12.5 12 1 13.5 11.5 0 14 12 0 13.5 12 0.6227785 15 12 0 14.5 12 0.5 16 12 1 15.37722 12 0 15.5 12 1 16.5 12 0.5 18 12 1 17.5 11.5 1 19 11.86127 0 19 12 0 18.88677 11.05526 1 20 12 1 19.5 11.52908 0 20 12 0 19.12633 12 0.6522762 21 11.10064 0 21 12 0 20.53064 11.57184 1 22 12 0.06341778 22 12 0.290266 23 12 1 22.53511 12 0 22.16006 11.20952 2 1 12 1.320286 1 12 1.419875 2 12 2 1.5 12 2 2.5 12 1.122871 4 11.53663 2 5 12 1.641947 5 11.4507 2 6 11.52411 2 7 12 2 6.643289 11.44709 2 8 12 1.488452 8 12 2 7.35468 12 2 8.989918 12 1.794405 10 11.44367 2 11 12 1.54374 12 12 2 11.54374 12 2 12.45626 12 1.783469 14 11.31618 2 15 12 1.416214 15 11.41033 2 16 12 1.5 17 12 1.538542 20 11.86144 2 21 12 1.904636 21 11.5 2 22 12 1.428159 22 12 3 0.9827517 12 2.421307 0 12 3 1.024285 11.47265 3 3 12 2.5 3 11.49552 3 4 12 2.301576 4 11.90366 3 5 12 3 4.903663 12 2.966407 6 12 3 5.755752 11.2011 3 7 12 2.35468 7 12 3 6.033306 11.83789 3 9 12 3 8.815906 11.5 3 10 11.24396 3 11 12 2.784619 12 12 2.502798 13 12 3 12.18893 12 3 13.66189 11.78661 3 15 12 2.757969 15 12 3 14.6506 11.89855 3 16 12 3 15.70611 11.5 3 17 11.61406 3 18 11.50646 3 19 12 2.520672 20 12 3 19.55265 12 3 20.80613 11.38666 3 22 12 2.671794 22 12 3 21.2797 11.09612 3 23 12 3 22.36645 12 4 0.4608226 11.94025 4 2 12 4 1.925871 12 3.5 4 12 4 3.5 11.6815 4 5 12 3.185742 5 12 4 4.681503 11.58109 4 7 12 4 6.175832 11.5 4 8 12 3.461634 8 12 4 7.418909 11.19741 4 9 12 3.173646 9 12 4 8.520641 12 3.982537 10 12 4 10.02544 11.5 4 12 12 3.992845 13 12 3.710928 14 12 4 13.03353 11.14902 4 15 12 4 15.38412 12 3.836462 17 12 4 16.83646 11.00164 4 18 12 3.447437 18 11.5 4 19 12 4 18.43699 12 4 19.5 11.73041 4 21 12 3.465241 21 11.09462 4 23 12 4 22.49071 11.5 5 1 12 4.728262 0 11.49343 5 2 12 4.062473 2 12 4.5 3 11.60127 5 4 11.5 5 5 12 4.318497 5 12 5 5.973085 11.07361 5 7 12 4.496316 7 11.90727 5 8 12 4.907269 8 12 5 7.87742 12 4.479359 9 12 5 8.092731 11.94751 5 10 12 4.242898 10 11.4924 5 11 12 4.471309 11 12 5 10.06762 11.99024 5 12 12 5 11.99035 12 4.403754 14 12 4.771391 15 11.5 5 16 12 4.5 16 12 5 15.15601 12 4.998778 18 12 5 17.99595 11.3744 5 19 12 4.5 19 12 5 18.00095 12 4.284266 21 12 5 20.6099 12 5 21.41933 11.62265 5 23 12 5 22.55645 12 5.700674 1 12 6 0.7006738 12 6 1.379347 11.42789 6 3 11.08377 6 4 12 5.490025 4 12 6 3.365043 11.4324 6 5 12 6 4.408333 12 5.042388 6 12 6 6.384566 12 6 7.746245 12 6 8.33216 11.27389 6 11 12 5.433039 11 11.91589 6 12 12 5.5 13 12 6 12.05699 11.20406 6 14 12 5.232729 14 12 5.21856 15 11.51961 6 16 11.44831 6 17 12 5.000949 18 12 5.817897 21 11.61033 6 22 12 5.543552 22 12 6 21.1607 11.19182 6 23 12 5.377348 23 12 6 22.38967 12 6.299326 1 12 7 0.5 12 6.5 0 11.16945 7 0 11.36408 7 2 12 6.873034 2 12 7 1.907731 12 6.284061 3 12 6.57611 4 12 7 3.663223 11.73528 7 5 11.73085 7 7 12 6.730853 7 11.63665 7 8 12 6.373363 8 12 7 7.392196 12 6.63008 9 12 7 8.587088 11.29165 7 10 12 7 9.316662 11.84129 7 11 12 6.063972 12 12 7 11.17583 12 6.651913 13 12 7 12.62351 11.27017 7 14 12 7 13.34809 11.98696 7 15 11.08284 7 16 12 6.370782 16 12 7 15.01304 11.92322 7 17 12 7 16.92322 11.59307 7 19 12 6.260064 19 12 7 18.57525 12 7 19.48372 11.46611 7 22 12 6.521517 22 11.80685 7 23 12 6.806853 23 12 7 22.70989 12 7.517538 0 12 7.092269 2 11.42027 8 3 12 8 2.764612 12 8 3.235388 12 7.396272 6 12 8 5.579483 12 8 6.420517 11.84286 8 8 12 8 7.842863 12 7.286425 9 12 7.493657 10 12 8 9.529537 12 8 10.91939 12 7.629459 12 11.5 8 14 12 7.5 14 11.03974 8 15 12 7.013039 15 11.75914 8 16 12 7.766243 16 12 8 15.76624 11.5 8 17 12 7.076785 17 12 8 16.23376 12 7.481662 18 11.53116 8 19 12 7.43736 19 12 8 18.53116 11.56862 8 22 12 7.435709 22 12 8 21.08545 12 7.193147 23 12 8 22.43138 11.42982 9 1 12 8.5 1 12 8.482462 0 11.57314 9 2 12 8.573139 2 12 8.235388 3 12 9 2.426861 11.49135 9 4 11.42701 9 5 11.48054 9 6 12 9 5.666424 12 8.511427 7 11.44456 9 9 11.49881 9 10 12 9 9.288844 11.19896 9 11 12 8.072269 11 11.34495 9 12 12 8.342343 12 11.71953 9 13 12 8.75661 13 12 8.655003 14 11.38317 9 15 12 9 14.66299 12 9 15.58486 11.13541 9 17 12 8.5 17 11.46665 9 18 12 9 17.5 12 8.468842 19 11.5 9 20 12 8.405888 20 12 8.066193 21 12 8.473726 22 12 9 21.54266 11.5 9 23 12 8.5 23 12 9 22.45734 12 10 2.521611 12 9.333576 6 11.5 10 7 12 10 6.5 11.56282 10 10 12 9.562816 10 12 10 10.95268 11.44047 10 12 11.60192 10 13 12 9.32724 13 12 10 12.60192 12 10 13.39808 12 10 14.5 12 10 15.5 11.5 10 17 11.5 10 18 12 9.5 18 11.4019 10 19 12 10 18.5 11.01156 10 20 11.46826 10 21 12 9.676759 22 11.5 11 1 12 11 0.5 12 10.23391 0 11.85511 11 3 12 11 2.759937 11.24885 11 7 12 11 6.375714 12 10.09767 8 12 11 7.371929 12 11 8.5 11.5 11 10 11.78822 11 11 12 11 10.78822 11.5 11 12 11.66745 11 13 12 11 12.81361 12 10.5 14 11.5 11 15 12 10.5 15 12 11 14.5 11.56403 11 16 11.40772 11 17 12 10.77311 18 12 11 17.77311 11.5 11 19 12 10.5 19 12 11 18.22689 11.62107 11 20 12 10.62583 20 12 11 20.92465 12 10.30435 22 12 11 21.05029 12 10.85238 23 11.37173 12 1 12 11.99917 0 11.99917 12 0 11.50195 12 2 12 11.14559 3 11.67943 12 4 12 11.49702 4 11.5 12 5 12 11.39206 5 11.5 12 6 12 12 5.5 11.76869 12 7 12 12 6.882451 12 11.58308 8 12 11.21178 11 12 12 11.5272 12 12 12.67431 11.47287 12 14 12 11.5 14 12 12 13.30224 11.40457 12 15 11.5 12 16 12 11.43197 16 12 12 15.44067 12 11.72146 17 12 11.26159 18 12 12 17.31789 12 11.5813 19 12 12 18.53491 12 11.37417 20 12 11.54423 22 12 11.14762 23 11.29371 13 1 12 12.5 1 12 12.00083 0 11.5 13 0 11.57576 13 2 12 12.41171 2 11.5 13 3 12 13 2.424242 11.571 13 4 11.4638 13 5 12 13 5.779546 11.82991 13 7 12 12.62706 7 12 13 7.128761 11.24278 13 10 12 13 11.43591 11.42568 13 13 12 13 12.53482 11.39278 13 14 12 12.5 14 12 12.47268 15 11.50686 13 17 12 12.28409 17 12 13 16.40954 11.73455 13 18 11.84586 13 19 12 12.79809 19 11.49548 13 20 12 13 19.4975 11.66052 13 22 12 12.6065 22 12 13 21.46849 11.93099 13 23 12 12.93099 23 11.68078 14 1 12 13.68078 1 12 13.5 0 11.27618 14 0 11.55101 14 2 12 13.47487 2 12 13.5 3 12 14 2.448985 12 14 3.5 11.5 14 5 12 13.28704 6 12 13.07341 7 11.39615 14 8 12 13.61684 10 12 14 9.566925 11.24793 14 11 12 13.3327 11 12 14 12.41295 12 13.62548 14 12 14 13.53003 12 14 14.59713 11.60097 14 17 12 13.60379 17 11.5 14 18 12 14 17.38967 11.59457 14 19 12 14 19.40543 12 13.30587 21 12 14 20.5 11.5 14 23 11.41359 15 1 12 15 0.5 12 14.5 0 11.42792 15 0 11.99143 15 3 12 14.99143 3 11.5 15 4 12 14.5 4 12 15 3.008569 11.78887 15 5 12 15 4.78887 11.10326 15 6 12 14.3828 6 12 15 5.21113 11.00884 15 7 12 15 6.5 11.67223 15 8 12 14.37369 8 12 15 7.672233 11.63306 15 9 12 14.58383 9 11.03827 15 10 12 14.38316 10 12 15 9.366938 11.77837 15 11 12 14.84691 11 11.5322 15 12 12 15 11.27227 11.56381 15 13 12 14.46605 13 11.31 15 14 12 14.37452 14 12 15 13.43619 11.35238 15 15 12 14.40581 15 12 15 14.62834 11.5 15 16 12 14.39217 16 11.5 15 17 12 14.38967 17 12 14.5 18 12 15 17.5 11.47454 15 19 12 15 18.67083 11.25039 15 20 12 15 19.32917 11.86086 15 21 12 15 20.86086 11.5423 15 22 12 15.5 1 12 15.35976 2 11.40097 16 3 12 15.00857 3 12 15.5 4 12 16 3.5 11.5 16 5 12 15.21113 5 12 16 4.5 11.57725 16 6 12 15.57725 6 12 16 5.577252 12 15.5 7 12 16 6.422748 11.43988 16 10 12 15.5 10 12 16 10.6255 12 16 11.3745 11.5 16 13 11.50261 16 14 12 15.50261 14 11.16376 16 16 12 15.79386 17 12 16 16.79386 11.62863 16 18 12 15.63857 18 12 16 17.3145 12 15.5 20 11.63049 16 21 12 15.21617 21 12 16 20.63049 12 16 21.84213 12 16.85943 1 12 17 0.8198258 11.57333 17 0 12 16.27502 2 11.09701 17 3 12 16.5 3 11.22273 17 4 12 16.80621 4 12 17 3.80621 11.58375 17 5 12 16.58375 5 12 17 4.252115 12 16.42275 6 12 17 5.416246 12 16.55621 7 12 17 6.556208 11.75707 17 8 12 17 7.774942 11.5 17 9 11.40906 17 10 11.4603 17 11 12 16.50046 11 11.3996 17 12 12 16.75481 12 12 17 11.64786 11.05224 17 13 12 16.5 13 11.79166 17 14 12 16.78993 14 11.5 17 15 12 16.42065 15 11.65286 17 16 12 17 15.65286 12 16.37047 17 12 16.36143 18 12 17 17.30616 11.37776 17 19 12 17 18.70517 12 16.66692 20 12 17 19.45567 11.28289 17 21 12 16.36951 21 12 17 20.33308 11.65265 17 22 12 16.38718 23 12 17 22.47653 12 17.42667 0 11.45227 18 0 11.65473 18 2 12 17.95687 3 12 18 2.816402 12 17.40976 4 12 18 3.115182 11.73094 18 5 11.98953 18 6 12 18 5.994271 12 18 6.002117 12 17.18813 8 12 18 8.581196 11.5 18 11 12 17.37407 11 12 18 10.2473 12 17.43905 12 12 18 11.7067 11.19522 18 13 12 17.5 13 11.98356 18 14 12 17.94026 14 11.5 18 15 12 17.5 15 11.2258 18 18 12 17.64524 18 11.69048 18 20 12 17.52699 20 11.13676 18 21 12 17.5 21 12 18 20.30952 11.89015 18 22 12 17.81178 22 11.69232 18 23 12 17.67382 23 12 18 22.30364 11.56566 19 1 12 19 0.1082678 12 18.91472 0 11.91472 19 0 11.22836 19 2 11.60892 19 3 12 18.06558 3 12 18.25719 4 12 19 3.391081 11.99972 19 5 12 18.99923 5 11.03889 19 6 12 19 6.529594 11.06577 19 8 12 18.5 8 12 19 7.470406 12 18.90327 9 12 19 8.928362 11.4663 19 10 12 18.42451 10 12 18.5 11 12 19 10.30814 11.57485 19 13 11.67359 19 14 12 18.07725 14 12 19 13.69555 11.76449 19 15 12 18.77438 15 11.5 19 16 12 19 15.22562 12 18.62509 21 12 18.10985 22 11.94791 20 1 12 19.08528 0 11.12188 20 2 11.63705 20 3 12 19.53605 3 12 20 2.642724 11.65866 20 4 12 19.7111 4 12 20 3.577745 11.69501 20 5 12 19.00076 5 11.90847 20 6 12 20 5.78569 12 19.4929 7 11.5 20 8 11.59087 20 9 12 19.10027 9 11.12233 20 10 12 19.30814 10 11.70074 20 11 12 19.70074 11 12 20 10.70074 12 20 11.84264 12 19.75724 13 12 20 12.35282 12 19.23047 14 12 20 13.17989 11.51214 20 15 12 19.23422 15 12 19.62581 17 12 20 16.65938 11.49823 20 18 12 19.0739 18 12 20 18.98906 12 19.37491 21 12 20 20.5 11.50309 20 22 12 20 21.60418 12 19.10531 23 12 20 22.39582 12 20.05209 1 12 21 0.1344359 11.61855 21 0 12 21 1.522989 11.28004 21 3 12 21 2.686388 12 20.35537 4 11.26496 21 5 12 20.26973 5 12 20.09153 6 12 21 5.5 12 21 6.551164 11.62796 21 8 12 20.64507 8 12 21 7.596775 11.53793 21 9 12 21 8.453872 11.77128 21 10 12 21 10.22872 12 20.07386 12 11.02503 21 13 12 20.13483 13 12 21 12.51582 11.6371 21 14 11.70427 21 15 12 20.97355 15 12 21 14.94715 11.00413 21 16 12 21 15.02522 12 20.39349 17 11.53394 21 18 12 20.56007 18 11.20027 21 19 12 20.01094 19 12 21 18.43993 11.81599 21 20 12 21 19.81599 11.03753 21 21 12 21 20.18401 12 20.48114 22 11.62717 21 23 12 21.5 1 12 21.96183 3 12 21.96822 4 12 22 4.097491 12 21.66207 6 11.5 22 7 11.6981 22 8 12 21.55992 8 12 21.72173 10 12 22 9.891573 12 21.64216 11 12 22 10.17025 12 21.97967 12 12 22 14.88721 12 22 15.55515 11.56994 22 18 12 21.51004 18 12 22 17.56994 11.92038 22 19 12 21.92038 19 12 22 18.89715 11.48646 22 20 12 21.18401 20 12 22 19.07962 11.52512 22 21 12 21.80222 21 12 22 20.80222 12 22 21.80358 12 21.37283 23 12 22 22.05684 11.5 23 0 11.5 23 3 12 22.01627 3 12 23 2.5 12 23 3.801195 12 22.18294 5 11.5 23 6 12 22.33793 6 12 23 6.5 11.06582 23 9 12 22.54834 9 12 23 8.563572 11.30281 23 10 11.38802 23 11 12 22.35784 11 11.00053 23 12 12 23 11.5 12 22.51766 13 12 23 12.51766 12 22.5 14 11.40097 23 15 12 22.11279 15 12 23 14.5 12 22.58974 17 12 23 16.28542 11.51915 23 19 12 22.08542 19 11.5 23 20 12 22.5 20 12 23 19.48085 12 22.19778 21 12 23 20.5 11.5 23 22 11.61133 23 23 12 22.76257 23 13 0.5754238 1 12.83842 1 0 12.5 0 1 13 0 0.5 12.94802 1 2 13 0 1.5 12.33134 1 3 12.42882 0 3 12.05704 1 4 13 1 3.382818 13 0 3.399647 13 1 4.5 13 0 4.5 13 1 5.508642 13 0 5.931684 13 0.4805066 7 13 1 6.556574 12.81691 1 8 13 0.03270223 8 13 1 7.782439 13 0 7.989939 12.5 1 9 13 0.5 9 12.50889 1 10 13 1 9.529665 12.79934 0 10 12.35254 1 11 13 1 10.47034 12.67292 0 11 13 0 10.34056 12.70416 1 12 12.51536 1 13 12.76295 0 13 12.7329 1 14 13 1 13.7207 12.5 0 14 13 0 13.23705 13 0.2774114 15 13 1 14.2671 13 1 15.5 12.64091 0 16 13 0.7027799 17 13 1 16.70278 12.39278 0 17 12.5 1 18 13 0.3914934 18 12.60851 0 18 12.5667 1 19 13 0.5667028 19 13 0.05096571 20 12.95028 0 20 13 0.4145507 21 12.4989 1 22 13 0.5707667 22 13 1 21.5507 12.04825 0 22 13 0 21.39492 12.8497 1 23 13 0.7627788 23 13 1 22.8673 12.41828 0 23 13 0 22.72994 12.75077 2 1 13 2 0.1357876 13 1.787004 0 12.97531 2 2 13 1.610495 2 13 2 1.929134 13 1.79113 3 13 1.906731 5 12.91717 2 6 13 1.915195 6 13 2 5.534696 13 2 7.590589 12.1779 2 9 12.19233 2 10 13 1.470335 10 12.54817 2 11 12.5 2 13 13 2 13.5 13 1.5 15 12.46377 2 16 13 1.5 16 13 2 15.5 12.99173 2 17 12.05086 2 18 12.95132 2 19 13 1.462476 20 13 2 19.04868 12.05233 2 21 13 2 20.55715 13 2 21.6924 13 1.332558 23 13 2.24923 1 13 3 0.5 13 2.049574 0 13 2.024694 2 13 3 1.5 12.82133 3 3 13 3 2.821326 12.6194 3 4 12.06214 3 6 13 2.146852 6 13 2.762328 7 12.46163 3 8 13 2.409411 8 13 3 7.237672 13 2.044948 9 12.57207 3 10 13 3 9.572071 13 2.454503 11 13 3 10.43057 12.59447 3 12 13 3 11.86294 12.45805 3 14 13 2.625911 14 13 2.681676 15 13 2.885844 16 13 3 15.78372 13 2.008273 17 12.38594 3 18 13 3 17.5 12.49354 3 19 12.95235 3 20 13 3 19.96203 12.43566 3 21 13 3 20.13837 13 2.578367 22 13 3 22.25428 13 4 0.4579684 12.05975 4 2 13 3.5 2 12.6194 4 3 12.3185 4 5 13 3.6402 6 13 4 5.773834 12.41891 4 7 13 3.237672 7 12.5 4 8 13 3.5 8 13 4 7.5 13 3.895819 9 12.02589 4 10 13 3.528035 10 13 4 9.148168 12.40508 4 11 13 3.497306 11 13 4 10.4007 13 3.290719 12 13 4 11.72288 12.00881 4 13 13 4 12.32357 12.38412 4 15 13 3.318324 15 13 4 14.0478 12.16354 4 17 13 4 17.94578 12.91358 4 19 12.65604 4 20 13 4 19.15284 13 4 20.34486 12.51222 4 23 13 3.442195 23 12.80387 5 1 13 4.549555 1 13 5 0.8003215 13 4.204572 0 12.63734 5 2 13 4.648264 2 13 5 2.581325 12.55747 5 4 13 4.341318 4 13 5 3.426052 13 5 4.585547 12.04139 5 6 13 4.313307 6 13 5 6.390459 12.09273 5 8 13 4.5 8 12.67084 5 9 13 5 8.670844 12.10921 5 10 13 4.596709 10 13 5 11.01669 13 4.444882 13 13 4.111385 14 12.79699 5 15 13 4.955035 15 13 5 14.8948 12.5 5 16 13 5 15.04497 12.91855 5 17 12.0015 5 18 13 5 17.03178 12.5 5 19 13 4.08642 19 13 5 18.38658 13 4.812555 20 13 5 19.8921 13 4.800885 21 13 5 20.32814 13 5 21.5548 12.37735 5 23 13 6 0.02019183 12.4114 6 2 12.36977 6 3 13 5.366231 3 12.82031 6 4 13 5.776889 4 13 6 3.817287 12.73791 6 5 13 5.511968 5 13 6 4.29856 13 6 5.262093 13 6 6.70776 13 5.63791 8 13 6 7.421108 13 5.329156 9 13 6 8.36209 13 5.870424 10 12.5 6 11 13 6 10.06303 13 6 11.5 13 5.711258 13 13 6 12.71126 12.58805 6 14 13 6 13.36689 12.94661 6 15 13 5.558113 15 12.72321 6 16 12.5 6 17 12.99651 6 18 13 5.994481 18 12.1943 6 19 12.34391 6 20 13 5.1079 20 13 5.238663 21 13 6 20.55867 13 5.378893 22 13 6 21.70804 13 6 22.61346 12.5 7 1 13 6.945179 0 12.09784 7 2 13 6.516187 2 13 7 1.516187 12.5 7 3 13 6.403426 3 12.26472 7 5 13 7 4.5 13 7 5.5 12.26915 7 7 13 7 6.5 13 6.391343 8 12.28643 7 9 13 6.5 11 13 6.669264 12 13 7 11.66926 12.83908 7 13 12.99296 7 14 13 7 13.93521 13 6.039212 15 13 7 14.00771 12.5192 7 16 13 6.195845 16 13 6.720351 17 13 6.006998 18 12.7903 7 19 13 6.845976 19 12.87135 7 20 13 7 19.6274 13 7 20.09757 12.36939 7 22 13 7 21.5 12.19315 7 23 13 7 22.5 13 7.94058 1 13 7.001194 0 12.5 8 2 13 7.483813 2 13 8 1.05942 12.23539 8 3 13 8 2.5 12.5631 8 5 13 8 4.477169 12.75571 8 6 13 8 5.767843 13 7.803775 7 13 8 7.210552 12.51579 8 9 13 7.515791 9 13 8 8.493682 12.47046 8 10 13 8 9.484209 13 7.747006 12 13 7.18375 13 12.5 8 14 13 7.007045 14 13 8 13.31266 12.71637 8 15 12.28635 8 16 13 7.549141 16 13 8 15.34243 13 7.822156 17 13 7.331678 18 12.6141 8 19 13 7.247124 19 13 7.173638 20 13 8 19.51875 12.09629 8 21 13 7.60051 21 13 8 20.43615 12.483 8 22 13 7.551862 22 13 8 21.45032 13 8.05942 1 13 8.606651 0 12.70166 9 3 13 8.701662 3 12.5 9 4 13 8.414558 4 12.5 9 5 13 8.49325 6 12.56427 9 7 13 9 6.246252 13 9 7.424523 13 8.484209 9 13 8.607339 10 13 9 9.607339 12.5 9 11 13 9 10.39266 13 8.179689 12 13 9 11.56687 13 8.474167 13 12.66231 9 14 13 8.788298 14 13 9 13.65259 13 8.463604 15 13 8.431918 16 13 9 15.31418 12.53579 9 17 13 9 16.53579 13 8.427999 20 12.6508 9 21 13 8.553537 21 13 9 20.56173 12.70852 9 22 13 8.700792 22 13 9 21.60747 13 8.246101 23 13 10 0.5 13 9.393349 0 12.23391 10 0 12.55419 10 2 13 9.554187 2 13 10 1.554187 13 9.341312 3 12.37819 10 4 13 10 3.450718 12.23123 10 5 13 9.342419 6 13 10 5.595557 13 9.424523 7 13 10 6.316391 12.17268 10 8 13 9.65851 8 13 10 7.65851 12.15869 10 9 13 9.512324 9 12.43718 10 10 12.03715 10 11 13 10 10.5 12.7332 10 12 13 9.677388 12 13 9.359814 13 12.70385 10 14 12.89933 10 16 13 9.899327 16 13 9.464215 17 13 10 16.10067 13 9.477869 18 12.5 10 19 13 9.320612 19 12.5927 10 20 13 9.500189 20 12.47816 10 21 12.28701 10 22 13 9.257449 22 12.5 10 23 13 9.5 23 12.5677 11 1 13 10.5677 1 13 11 0.5676971 13 10.5 0 12.5 11 0 12.34796 11 2 12.14426 11 3 13 10.45072 3 13 11 2.5 12.71887 11 4 12.68636 11 5 12.33652 11 6 13 10.39711 6 13 11 7.402732 12.73388 11 9 12.5 11 10 12.2751 11 11 13 11 10.58549 12.6345 11 12 12.5 11 15 13 10.10067 16 13 11 15.5 12.22689 11 18 12.5 11 19 13 10.5 19 13 11 18.5 12.72336 11 20 13 10.75034 20 13 10.88897 21 12.51828 11 22 13 10.53903 22 13 11 22.46097 13 11.4323 1 13 12 0.08313321 13 11.91687 0 12.00903 12 0 13 11.5 2 12.49732 12 3 13 11.5 3 13 12 2.5 13 12 3.5 12.731 12 5 13 11.44471 5 13 12 4.731003 13 11.50321 6 12.11755 12 7 13 11.40273 7 13 11.5 8 13 12 7.5 12.5166 12 9 13 12 8.570594 13 11.58467 10 13 12 9.51442 12.55177 12 11 13 11.46568 11 13 12 10.46652 13 11.40626 12 12.39672 12 13 13 11.5333 13 13 11.5 14 12.56853 12 15 13 12 14.62581 12.66331 12 16 13 12 15.54086 12.61743 12 17 12.71723 12 18 13 11.7538 18 13 12 17.42278 12.82295 12 20 13 11.51521 20 13 12 19.82295 13 12 20.17705 12.4352 12 22 13 11.46097 22 13 12 21.5 13 11.5 23 13 12 22.5 13 12.71828 1 13 12.92772 2 12.72554 13 3 12.80018 13 4 13 12.84202 4 13 12.43744 5 13 13 4.283905 12.19981 13 6 13 12.40958 6 13 13 6.584159 13 13 7.749372 13 12.42941 9 12.87435 13 10 13 12.83175 10 13 13 9.874354 12.3327 13 11 12.561 13 13 12.72348 13 14 13 13 14.27652 13 12.33669 16 13 13 16.77789 12.65835 13 18 13 13 17.63573 12.24661 13 19 13 12.66605 20 12.30587 13 21 13 12.5 21 13 13 20.09737 12.06901 13 23 13 13 22.5 12.31922 14 1 12.5 14 0 12.46764 14 2 13 13.15798 4 13 14 3.465058 12.5 14 5 13 13.32122 5 13 14 4.5 12.3828 14 6 13 13.5 6 12.5 14 7 13 14 7.943569 12.44847 14 9 13 13.5 9 13 14 8.056431 12.5 14 11 13 13.5 11 13 14 10.12264 13 14 11.87956 13 13.50295 13 13 14 12.23984 12.79536 14 14 13 13.71272 14 12.58467 14 15 13 13.77702 15 13 14 14.34931 12.71325 14 16 13 13.79403 16 12.49034 14 17 12.72552 14 18 13 14 17.6369 13 13.35761 19 13 14 18.27448 12.77352 14 20 13 13.26923 20 12.26084 14 22 13 13.6521 22 13 14 21.42264 12.67008 14 23 12.5 15 1 13 14.8981 2 13 15 1.904777 13 14.47841 3 12.52216 15 4 12.47919 15 5 13 15 4.758807 13 14.5 7 13 15 6.165394 12.32777 15 8 12.38073 15 9 13 14.51472 9 12.69049 15 10 13 15 9.677764 12.27009 15 11 13 14.67181 11 12.43619 15 13 13 15 12.49108 12.44303 15 15 13 14.27845 15 13 15 15.78581 12.5 15 17 13 14.3989 17 13 15 16.16853 12.73186 15 18 13 14.50802 18 13 15 17.73186 13 14.22648 20 13 15 19.45322 13 15 20.52865 12.81106 15 22 13 15 21.81933 12.61079 15 23 12.36074 16 2 13 16 1.402569 13 15.4866 3 13 16 2.402003 12.82365 16 4 13 15.8104 4 13 15.16539 6 13 16 5.213592 13 15.5 7 13 16 6.5 12.17364 16 8 13 16 7.500381 13 15.52222 9 13 16 8.53651 13 15.65478 11 13 16 10.79519 12.5 16 12 13 15.49108 12 12.5 16 13 12.49739 16 14 12.65679 16 15 13 16 15.27506 13 16 16.81154 12.36742 16 18 13 15.27324 18 13 16 18.67787 13 15.5 20 13 15.54964 21 13 16 20.57785 13 15.16431 22 13 16 21.42215 13 15.72718 23 12.14057 17 1 13 17 0.5 13 16.42446 0 12.42667 17 0 12.5 17 2 13 16.402 2 12.5 17 3 12.87376 17 4 13 16.86043 4 13 17 3.966436 12.41625 17 5 13 17 4.033564 12.5522 17 6 13 17 5.552204 13 16.60268 7 13 16.49962 8 13 17 7.397317 13 16.20481 11 13 17 11.57206 12.8139 17 13 13 16.8139 13 13 17 12.7659 12.29655 17 14 13 16.61566 14 12.69633 17 15 13 16.46525 15 12.39334 17 17 13 17 16.59504 12.51644 17 18 13 16.50998 18 13 17 17.4209 13 16.87428 20 13 17 19.192 12.5 17 21 12.34735 17 22 13 16.5 22 13 16.19745 23 12.48143 18 1 13 17.85978 0 12.85978 18 0 13 17.86265 2 13 18 1.862648 12.56045 18 3 13 17.96586 3 12.26906 18 5 13 18 4.023206 12.00212 18 6 13 18 5.5 13 17.5 8 13 18 8.908479 12.48552 18 10 13 17.74177 10 13 18 9.22443 12.84296 18 11 13 18 10.65141 13 17.88136 12 12.5 18 15 13 17.30367 15 13 18 14.40402 13 18 15.71157 13 17.97454 17 12.30952 18 20 13 18 19.0947 12.62212 18 21 13 17.62212 21 13 18 20.62212 12.13704 18 22 13 17.56273 22 13 17.49282 23 13 18.53241 1 13 18.38501 0 12.26355 19 0 12.44484 19 3 13 18.04224 3 13 19 2.066474 13 18.02321 4 12.00037 19 5 13 18.5696 5 13 19 4.569605 13 18.99689 6 13 19 5.995882 12.55241 19 7 13 18.5815 7 13 18.5 8 12.18197 19 9 12.74378 19 10 13 18.6941 10 12.01677 19 12 13 18.09148 12 13 19 11.5 13 19 12.76587 13 18.40402 14 13 19 13.23413 12.5 19 16 13 18.28843 16 12.46076 19 17 13 18.03844 17 13 19 17.32792 12.62011 19 19 13 18.34936 19 13 19 18.82392 13 18.54149 20 13 19 19.18703 12.40101 19 21 13 18.40404 21 13 19 20.4859 12.5 19 22 13 18.43727 22 13 19 22.7418 13 20 0.01885148 13 19.93131 0 12.98115 20 0 12.5 20 2 13 19.05399 2 13 20 1.5 13 19.5 4 13 20 3.211531 12.27488 20 5 13 19.43677 5 13 20 4.50649 12.15823 20 6 13 19.0058 6 13 20 5.645123 12.95733 20 7 13 19.94644 7 13 20 7.10551 12.45093 20 9 13 19.2915 9 13 20 8.290546 13 20 9.457441 13 19.7892 11 13 20 10.7892 13 19.5 12 13 20 11.2108 13 19.29558 13 13 20 12.57852 13 19.79036 14 13 20 13.7331 13 19.5 15 13 19.62709 16 13 20 16.37291 13 19.63689 18 13 19.16304 19 13 20 18.34197 13 20 20.59331 12.42664 20 22 12.5 20 23 13 20 22.46821 13 20.87809 1 12.2668 21 0 12.83557 21 2 13 20.80646 4 12.79186 21 5 13 20.78755 5 13 21 4.477272 13 20.16033 7 13 21 6.59224 12.49375 21 8 13 20.45744 9 13 21 10.24132 12.75526 21 12 13 21 11.75526 13 20.42148 13 12.04894 21 15 12.60351 21 16 13 20.47512 16 13 21 15.43357 12.2594 21 17 13 20.55206 18 13 21 17.7034 12.5 21 19 13 21 20.5 12.41401 21 22 13 20.46821 22 13 21 21.5 12.5059 21 23 13 21.69765 1 13 21.29914 0 13 21.77437 2 12.01627 22 3 13 22 2.049699 12.08994 22 4 13 21.54065 5 13 21.23653 6 12.86112 22 7 13 21.56944 7 13 22 6.861118 13 22 7.362181 13 21.67831 10 13 22 9.71144 13 21.65879 11 13 22 10.22556 12.02033 22 12 13 21.24474 12 13 22 11.34121 12.5 22 13 13 21.5 13 13 22 13.63861 13 21.69352 15 13 22 14.71803 12.09245 22 16 13 21.5 17 13 22 16.5 12.43006 22 18 12.13831 22 19 13 21.6498 19 13 22 18.6498 12.52893 22 20 13 22 19.377 13 21.5 21 13 21.55549 22 13 22 21.55549 13 22 22.44451 12.30437 23 1 13 22.15013 1 13 23 0.6873485 12.5 23 2 13 22.0497 2 12.5 23 3 13 22.5 3 13 23 2.5 12.1988 23 4 13 23 3.5 12.5 23 5 13 22.53557 6 13 23 5.535571 13 22.13888 7 13 23 6.464429 12.71065 23 9 12.1449 23 10 13 22.22484 10 12.5 23 11 12.5 23 12 13 23 11.5 12.49386 23 13 13 22.51153 13 13 23 12.51153 13 22.38681 14 13 23 13.51562 12.60044 23 15 13 22.97188 16 13 23 15.95833 12.65944 23 17 12.28716 23 18 13 23 18.72074 13 23 19.49205 13 22.86963 21 13 23 20.64918 13 22.5 23 13.5 0 0 14 0.5446249 0 13.83329 0 1 14 0 0.8332924 13.03846 1 2 14 1 1.501948 13.5 0 2 14 0 1.166708 14 0.6714299 3 14 1 2.669709 13.39965 0 3 14 1 3.793999 13.52988 1 5 13.77945 0 5 14 0.7333974 7 14 1 6.620579 13.20649 1 8 14 0.5487374 8 13.00718 0 8 14 1 8.905446 13.56183 0 9 13.49284 1 10 13.32306 0 10 14 0.3199311 11 13.56083 0 11 14 0 10.58017 14 0.989502 12 13.00615 0 12 13.61529 1 13 14 1 12.00662 13.23705 0 13 14 0.5 15 14 1 14.20063 14 1 15.71789 14 1 16.28211 13.60252 0 17 14 0 16.49614 13.5 1 18 14 0.3186761 18 14 1 17.5 13.57904 0 18 13.45577 1 19 14 0.3822409 19 13.63901 0 19 14 1 19.66914 13.06543 0 20 14 0.2208214 21 14 0 20.69958 13.42923 1 22 14 0 21.51886 13.27006 0 23 13.05553 2 0 13.0429 2 2 14 1.637239 2 14 1.32857 3 14 2 2.360962 13.5 2 4 14 1.112659 4 14 2 3.5 14 2 4.5 14 1.582737 6 14 2 5.701393 13.5 2 7 14 1.266603 7 14 2 6.298607 13.40941 2 8 14 2 7.5 14 2 8.832025 13.5 2 10 14 1.477477 10 14 2 9.167975 14 2 10.5 13.5 2 12 14 1.003901 12 14 2 11.5 13.5 2 13 13.56232 2 15 14 2 14.56232 13.87376 2 16 14 2 15.84344 14 2 16.12624 13.35427 2 18 14 2 17.5 14 1.885901 19 14 2 18.89478 14 1.498201 20 14 2 19.20547 13.44285 2 21 14 1.5 21 13.64235 2 22 14 2 21.8357 14 1.647796 23 14 2 22.26557 13.5 3 1 14 3 0.008618039 14 2.990296 0 13.99138 3 0 14 3 2.756624 14 2.87792 4 13.34212 3 6 14 3 5.378778 13.23767 3 7 14 2.5 7 14 2.167975 9 13.42793 3 10 14 2.856097 11 13.13579 3 12 14 2.594358 13 14 3 12.59436 14 2.502228 14 13.37624 3 16 14 2.403431 16 13.54664 3 17 14 2.5 18 14 3 19.5 13.21072 3 21 13.20472 3 22 14 2.1643 22 13.43017 3 23 14 2.352204 23 14 3 22.5 13.64367 4 1 14 4 0.8514801 13.21025 4 0 13.5 4 2 13.3806 4 3 14 3.243376 3 14 4 3.823328 13.5 4 5 14 3.378778 5 14 4 4.176672 13.53202 4 6 14 3.795488 6 14 4 5.795488 13.6119 4 7 14 3.611902 7 13.50585 4 8 14 4 7.39367 13.10418 4 9 13.66995 4 10 14 3.752223 10 14 4 9.752223 14 3.175356 11 13.57778 4 12 14 3.78116 12 13.44488 4 13 14 3.405642 13 14 4 12.21884 13.0542 4 14 14 3.530858 14 14 3.75169 15 14 3.280927 16 14 3.453356 17 14 4 17.5 13.08642 4 19 14 3.5 19 14 4 18.5 13.48941 4 20 14 3.646409 20 14 4 19.64641 14 3.833855 21 13.25687 4 22 14 4 21.15498 13.98584 4 23 14 3.986506 23 13.19613 5 1 14 4.141471 1 13.39064 5 2 14 4.541603 2 14 4.5 3 13.34487 5 4 13.3508 5 5 14 5 4.591876 14 5 5.795302 13.5 5 7 13.61734 5 8 14 4.611797 8 14 4.544122 9 13.00779 5 11 14 4.441492 11 14 5 10.49955 13.50248 5 12 14 5 11.6859 13.57027 5 13 14 4.570272 13 14 5 13.92282 14 4.382631 15 14 5 14.10574 14 5 15.51331 13.02027 5 17 14 4.5 17 14 5 16.3357 13.38658 5 18 14 4.5 18 14 5 17.5 13.5 5 19 14 4.5 19 14 5 18.5 13.14763 5 20 14 4.439241 20 14 5 19.58881 13.46405 5 21 14 5 20.70945 14 4.689502 22 13.59699 5 23 14 5 22.40015 14 5.823139 1 14 5.18954 0 13.11472 6 0 13.8479 6 2 14 6 1.544995 13.49912 6 3 13.13133 6 4 14 5.5 4 14 6 3.404276 13.91233 6 5 14 5.952838 5 14 6 4.966997 13.55207 6 6 14 5.179477 6 14 6 5.040366 14 5.759996 7 14 6 7.283553 14 5.455878 9 14 6 8.443799 13.06303 6 10 14 6 9.5 14 5.783561 11 14 5.691154 12 14 6 11.57444 14 6 12.44365 13.41195 6 14 14 5.059286 14 13.03594 6 15 14 6 15.64649 13.5 6 17 14 6 16.35351 14 6 17.5 14 5.590866 19 14 6 20.5 13.44989 6 22 13.1703 6 23 14 6 22.28485 13.5 7 1 14 6.176861 1 14 7 0.1594765 13.58566 7 2 14 6.212919 2 14 7 1.601282 14 7 2.53663 14 6.692986 4 13.5 7 5 13.9252 7 6 14 7 5.925203 13.5 7 7 14 6.240004 7 14 7 6.074797 14 6.443799 8 14 7 7.5 13.69843 7 9 14 6.698429 9 14 7 8.698429 14 6.975575 10 14 7 9.945194 14 6.218948 11 13.44143 7 12 13.418 7 13 14 6.642842 13 13.0075 7 14 14 7 13.13187 13.96956 7 16 14 7 15.97175 13.27965 7 17 14 6.5 17 13.9995 7 18 13.90786 7 19 13.34488 7 20 14 6.829608 20 14 7 19.08255 13.80342 7 21 14 6.803415 21 14 7 20.45634 14 6.640958 22 14 6.5 23 14 7 22.18242 13.14384 8 1 14 7.726732 1 14 8 0.3968224 14 7.434061 0 13.54772 8 2 14 7.445386 2 14 8 1.312893 13.59052 8 3 14 7.452275 3 14 8 2.543548 14 8 3.909508 14 7.5 5 14 8 4.06454 13.20735 8 6 13.19622 8 7 14 7.5 7 13.83287 8 8 14 7.844822 8 14 8 7.844822 13.50126 8 10 14 7.024545 10 14 8 10.49874 13.30104 8 12 14 7.616736 12 14 8 11.72015 14 8 12.29542 13.5 8 14 14 7.484172 14 13.64355 8 15 14 7.820145 15 13.43192 8 16 14 7.028248 16 14 8 15.17986 13.09636 8 17 14 7.559451 17 14 8 17.44055 13.44904 8 19 14 7.026435 19 14 8 18.59504 13.68719 8 21 14 7.446902 21 14 7.405058 22 13.2461 8 23 14 7.5 23 14 8 22.24682 13.60815 9 1 14 8.368519 1 14 9 0.6081467 14 8.19832 0 14 8.452276 2 14 9 1.391853 14 8.082356 4 13.94972 9 5 14 8.949716 5 14 9 4.935564 14 9 5.076486 14 8.816664 7 14 9 6.740104 14 8.257658 8 14 9 7.297856 14 8.080706 9 13.64006 9 10 14 8.732377 10 13.65934 9 11 14 8.65934 11 14 9 10.41304 13.43313 9 12 14 8.279851 12 14 9 11.34066 13.4884 9 13 14 9 15.43211 14 8.971837 17 14 9 16.97769 14 8.827355 19 13.8462 9 20 14 9 19.53188 13.3492 9 21 14 8.23244 21 14 9 20.1111 14 8.281327 22 14 9.413052 1 14 10 0.334437 14 9.684893 0 13.61682 10 2 14 9.75291 3 14 10 2.603605 14 10 3.363196 14 9.050284 5 14 9.895525 6 14 10 5.930595 13.5 10 7 13.34149 10 8 14 10 7.5 14 9.56405 9 14 10 8.597148 13.5 10 10 14 10 9.402852 14 9.34066 11 13.34534 10 12 14 9.591777 12 14 10 11.59178 14 10 12.40822 13.71611 10 14 14 9.797192 14 14 10 13.85705 14 10 14.14295 13.11143 10 16 14 10 15.52835 14 9.172183 17 14 9.5 18 14 9.379964 19 14 9.893677 21 13.67697 10 22 14 10 21.19957 14 9.467855 23 14 10 22.32303 13.4489 11 1 14 11 0.2398231 13.77224 11 0 14 10.49606 2 14 11 1.648068 13.5 11 3 14 11 3.589698 13.41269 11 6 14 11 5.231679 14 10.5 7 14 11 6.5 13.91536 11 8 14 11 8.087756 13.5 11 10 14 11 9.490108 13.41451 11 11 14 10.5 11 14 11 10.5 14 10.40822 12 14 11 11.5 14 10.14295 14 13.5 11 16 14 10.47165 16 13.06626 11 17 14 10.09887 17 13.73946 11 18 14 10.73946 18 14 10.18814 19 14 10.34307 20 14 10.10632 21 14 11 22.5 13.86397 12 1 14 11.85585 1 13.81505 12 2 13.51678 12 3 14 11.51678 3 14 12 2.195292 13.57961 12 4 14 11.48962 4 14 12 3.563166 13.43508 12 5 14 12 4.602861 14 12 5.88726 14 11.70169 7 14 12 7.298315 14 12 8.5 14 12 9.5 13.93909 12 11 14 11.94995 11 13.45707 12 12 13.76892 12 13 14 11.5 14 14 12 13.16524 14 12 14.85309 14 11.5 16 14 12 15.14691 14 11.56789 17 13.2462 12 18 14 11.26054 18 13.5 12 19 14 11.5 19 13.17705 12 20 14 12 19.5 13.68495 12 22 14 11.5 23 13.75038 13 1 14 12.54686 1 14 13 0.8330084 14 13 1.115412 14 12.48322 3 13.70705 13 5 14 12.70903 5 14 12.20559 6 14 13 5.455275 13.89826 13 7 14 12.84059 7 13.419 13 8 14 12.75181 8 14 13 7.196287 13.5 13 9 13.29102 13 10 14 13 9.740691 14 12.05005 11 14 13 10.25931 13.53567 13 12 14 13 11.53567 13.37657 13 13 13.36024 13 14 14 12.59567 14 14 12.82341 16 14 13 16.19995 14 12.51388 18 14 13 17.47565 14 12.64226 19 13.15724 13 20 14 12.63366 20 14 13 19.49069 13.78411 13 21 14 13 20.6774 14 12.32581 22 14 13 21.22438 14 13 22.56648 13.5 14 1 14 13.99955 0 13.9997 14 0 13.81358 14 2 14 13.82471 2 14 14 2.175293 13.82544 14 4 13.5 14 6 14 14 5.499451 13.76713 14 7 14 13.27514 8 14 14 8.465167 14 13.25931 10 14 13.73375 11 14 14 10.73375 14 13.48265 12 14 14 11.28085 13.96859 14 13 14 13.98101 13 14 14 13.01388 14 13.5 15 14 14 14.5 14 13.6726 16 14 14 17.35189 14 13.62263 19 14 14 18.61187 13.47211 14 20 14 13.63846 20 14 14 19.50767 13.4309 14 21 13.41015 14 22 14 14 21.402 14 14 22.58914 14 14.5 1 14 14.00147 0 14 15 1.5 14 14.85811 3 14 14.17456 4 14 15 4.5 14 14.82023 6 13.71494 15 7 14 14.43225 7 14 15 7.285061 13.48528 15 9 14 15 8.5 13.37697 15 10 14 14.57444 10 14 15 9.574436 14 14.5982 11 14 15 10.75245 14 14.02431 13 14 15 12.4067 14 14.62189 15 14 15 15.37811 13.55102 15 17 13.27426 15 18 14 15 17.45665 14 15 18.49226 13.82714 15 20 14 14.61037 20 13.90968 15 21 14 15 20.70245 14 14.58077 22 13.51554 15 23 14 14.47189 23 14 15 22.4805 13.31176 16 1 14 15.5 1 14 16 0.5 13.61168 16 3 14 15.5 4 14 16 3.388317 13.5223 16 6 13.87469 16 7 14 15.73567 7 14 16 6.86457 13.58874 16 9 14 15.62401 9 13.89067 16 10 14 15.19597 11 14 15.32566 12 13.5 16 13 14 15.36096 13 14 16 12.44499 13.52056 16 14 14 15.52056 14 13.37335 16 15 14 15.48842 15 13.63525 16 16 14 15.63525 16 14 16 15.52587 13.41176 16 17 14 16 16.63381 14 16 17.24911 14 16 18.5 14 16 20.68342 13.6118 16 22 14 16 22.43937 14 16.5 1 14 17 0.2954476 14 16.70455 0 14 16.905 2 13.50392 17 3 14 17 2.096361 14 16.59161 4 13.57125 17 5 14 16.13285 5 14 16.56365 6 13.68007 17 8 14 16.37599 9 14 17 8.319933 13.5 17 10 14 17 9.5 13.5 17 11 14 17 12.32515 13.57483 17 14 14 16.66607 14 14 17 13.57863 13.30367 17 15 14 16.38907 15 14 16.57045 16 14 17 15.69814 13.6869 17 17 13.515 17 18 14 17 17.26024 14 17 18.94701 14 16.68269 20 14 17 19.1474 13.83832 17 21 14 16.59593 21 14 17 20.59675 13.5 17 22 14 16.3882 22 13.50537 17 23 14 18 0.4449808 13.33185 18 0 14 17.15859 2 14 18 1.42376 13.04817 18 3 14 17.58497 3 14 18 2.443655 14 18 3.411223 14 17.55416 5 14 18 4.623503 14 18 5.431892 14 18 8.432419 14 18 9.229048 14 17.82978 11 14 18 10.76701 13.21604 18 12 14 18 11.35955 13.50557 18 13 14 17.39333 13 13.41199 18 14 14 18 15.21447 13.13354 18 17 14 17.72893 17 14 18 16.89657 14 17.73536 18 14 18 17.2666 14 18 19.34962 13.97678 18 21 14 17.93034 21 14 18 21.039 13.56471 18 23 14 17.55233 23 14 18 22.31583 13.69852 19 1 14 19 0.6281406 14 19 1.39781 14 19 2.436875 13.5 19 4 14 19 3.425162 13.60229 19 5 14 19 4.667131 13.00311 19 6 14 19 5.332869 14 18.36591 7 14 19 6.5 13.57392 19 8 14 19 7.573921 13.50562 19 9 14 18.37168 9 13.13302 19 10 14 19 10.68759 13.73756 19 12 14 18.50665 12 14 18.86053 13 14 19 13.13682 13.5 19 16 14 19 15.41952 14 19 16.63966 14 19 17.95662 13.16304 19 19 13.45851 19 20 14 19 19.5 14 18.29481 22 13.53922 19 23 14 19.44645 1 13.025 20 0 14 19.95924 2 14 20 1.950676 13.53396 20 4 14 19.53396 4 14 20 5.998677 14 19.84444 7 13.25666 20 8 14 19.5 10 14 20 9.252645 13.87053 20 11 13.5 20 12 14 19.26244 12 14 20 11.03821 13.42148 20 13 14 20 12.5 14 19.55817 14 13.5 20 15 14 20 14.44183 13.37291 20 16 14 19.5 16 13.34197 20 18 14 20 17.5 13.84087 20 19 14 19.84087 19 14 20 18.84087 13.70422 20 20 13.46821 20 22 14 19.4598 22 14 20 21.5 14 19.91687 23 13.23814 21 1 14 21 0.4800415 14 20.64627 0 14 21 1.307563 13.44591 21 3 14 20.42025 3 14 21 2.505997 14 21 3.574544 13.35183 21 5 14 21 5.766795 14 20.15556 7 14 21 6.128364 13.7428 21 8 14 21 7.836579 14 20.28766 9 14 21 8.189201 14 20.03821 11 14 21 10.5 14 20.68831 12 14 21 11.68831 13.20011 21 14 14 20.74518 14 14 21 13.51543 14 20.90953 15 14 21 14.73129 13.56353 21 16 14 20.66276 16 13.99605 21 17 14 20.99605 17 14 20.30297 19 13.5 21 20 14 21 19.30333 13.92558 21 21 14 20.92558 21 14 21 20.92558 13.5 21 22 14 20.5 22 14 21 21.07442 14 21 22.52356 13.197 22 1 14 21.64426 1 13.5 22 0 13.05996 22 2 14 21.8121 3 13.20902 22 4 14 21.43841 4 14 22 3.196086 14 22 4.480817 14 21.12836 6 13.43024 22 7 14 21.38662 8 13.43209 22 9 14 21.63133 9 14 22 8.387998 14 21.73185 10 13.64864 22 11 13.5 22 12 14 22 11.21909 14 21.73493 13 14 22 12.90592 13.43252 22 14 14 21.16274 15 13.5 22 16 14 22 15.33851 13.5 22 17 14 21.00395 17 14 22 16.5 13.5 22 18 14 21.35049 18 13.3502 22 19 14 22 18.5 14 21.64368 20 13.5 22 21 14 21.07442 21 14 22 20.35632 14 22 22.5 13.29397 23 1 14 22.23066 1 14 23 0.2647335 13.7177 23 0 13.5 23 2 14 22.45052 2 14 22.18427 3 13.61335 23 4 14 23 4.809776 14 22.5849 6 14 23 5.172638 14 23 6.564613 13.40283 23 9 14 23 8.681464 13.91546 23 10 13.65716 23 11 14 22.96338 12 14 22.09408 13 14 23 12.03662 13.91736 23 14 14 22.90184 14 13.58449 23 15 14 22.51964 15 13.59257 23 16 14 22.9805 16 14 23 15.95965 13.26431 23 17 13.95621 23 18 14 22.92455 19 14 23 19.0898 14 23 20.45269 14 22.5 23 15 0.2735868 0 15 0 0.5231403 15 0.6115065 2 15 1 1.114577 14.5 0 2 15 1 2.45874 14.83147 0 3 14.15489 1 4 15 0.08780889 4 15 0 3.752448 15 1 4.409236 15 0.5507612 6 14.65784 0 6 15 0 5.614264 15 0.5 7 15 1 6.297881 15 0 6.342165 14.78095 1 8 15 0.8125673 8 15 1 7.812567 14.5 0 8 15 0 7.5 14.12147 1 9 15 1 8.270809 14.64306 0 9 14.97729 1 10 14.38076 0 10 14.90471 1 11 14.00661 1 12 15 0.6295914 12 14.26963 0 12 15 0 11.5 14.41104 1 13 15 0.2456184 13 15 1 12.41118 15 0 12.78474 15 0.781878 14 15 1 13.82052 14.6022 0 14 15 0 13.29341 15 0.09518798 15 15 1 14.15561 15 0 14.86262 14.28211 1 16 14.65853 0 16 15 0 15.23799 14.5 1 17 15 0.3794092 17 15 1 16.5 14.49391 0 18 15 0 17.56057 14.40388 0 19 14.31103 1 20 15 0.4660282 20 15 0 19.48859 14.5 1 21 15 0 20.74548 14.5 1 22 15 0.5 22 15 0 21.22957 14.5 1 23 14.60011 0 23 15 0 22.60011 15 2 0.5 15 1.44433 0 14.47008 2 0 15 1.388494 2 14.87772 2 3 14.55985 2 5 15 1.559845 5 14.46423 2 6 15 2 5.615405 15 1.5 7 15 1.293479 8 15 2 7.642959 15 1.49235 9 15 2 8.464417 15 2 9.518556 14.95426 2 11 14.99766 2 12 15 1.996035 12 15 2 11.95341 15 1.650491 13 15 2 12.00515 14.55634 2 14 15 1.18771 14 15 2 13.3621 14.68382 2 15 15 1.735348 15 15 2 14.68903 15 1.923117 16 15 1.623949 17 15 2 16.12141 14.5 2 18 15 1.5 18 14.10522 2 19 15 2 18.5 15 1.5 22 15 2 21.5 15 2 22.5 15 3 0.8477112 14.58429 3 2 15 2.584285 2 15 3 1.201592 14.24338 3 3 15 3 2.415715 15 2.828392 4 15 3 3.889027 15 2.451379 5 15 2.714483 6 15 3 5.829551 14.64611 3 7 15 3 6.263876 15 3 7.830689 15 2.718664 9 14.5 3 12 15 3 11.28482 14.96174 3 13 15 3 12.97356 14.5296 3 14 15 2.475294 14 15 2.264652 15 15 3 14.46818 15 2.116535 16 14.99149 3 19 15 3 18.99149 14.81061 3 20 15 2.810609 20 15 3 19.03544 15 3 20.28177 14.97725 3 22 15 3 21.96238 15 2.501379 23 15 4 0.2668559 14.56037 4 2 15 4 1.529379 14.5 4 3 15 3.5 3 14.22978 4 4 15 3.147881 4 15 4 3.581644 14.5 4 5 15 4 4.418356 15 3.378334 6 14.3881 4 7 15 3.353895 7 15 4 6.24393 14.56873 4 8 15 3.130972 8 15 4 7.574463 15 4 8.892053 15 3.5 10 15 4 9.082265 15 3.284825 11 14.21884 4 12 15 3.5 12 15 4 11.5 15 3.713829 15 15 3.387029 16 14.5 4 17 15 4 16.5 14.67656 4 18 15 3.676561 18 15 4 17.67656 15 4 19.95072 15 3.699844 21 15 3.022751 22 15 4 21.20345 14.01349 4 23 15 4 22.5 15 4.731079 1 15 5 0.7491583 15 4.248868 0 14.03695 5 0 14.78272 5 2 15 4.769539 2 15 5 1.580117 14.91265 5 3 15 4.912647 3 15 4.821272 4 15 5 3.379451 14.51124 5 5 14.36131 5 6 15 4.506998 6 15 5 5.677557 15 4.967775 7 15 5 6.904045 14.38266 5 8 15 4.425537 8 15 5 7.032225 15 4.274727 9 15 5 8.80864 14.67706 5 10 15 4.677453 10 15 5 9.33201 14.5 5 11 15 5 10.32255 15 4.689086 12 15 4.326128 13 15 5 13.55101 15 4.664391 15 15 5 14.80094 14.57445 5 16 15 4.727617 16 14.5 5 17 15 4.5 17 15 5 16.27238 14.5 5 18 15 4.323439 18 15 5 17.5 14.5 5 19 15 5 18.5 15 4.057684 20 15 5 20.9459 14.3105 5 22 15 5 21.04619 15 4.639836 23 14.18661 6 1 15 5.620876 0 14.21175 6 0 15 5.297215 2 15 5.090114 3 14.5 6 4 15 6 5.5 14.5699 6 7 15 6 6.807538 14.48703 6 8 15 6 7.220935 14.5 6 9 15 6 8.456643 14.50256 6 10 15 6 9.502563 14.40785 6 11 15 5.713751 11 14.38874 6 12 15 6 11.55484 14.37203 6 13 15 5.697756 13 15 6 12.42623 14.5 6 14 14.5 6 15 15 5.168405 15 14.44792 6 16 15 6 15.59738 15 5.5 17 15 5.5 18 15 6 17.5 15 6 20.5 15 5.676998 22 15 6 22.323 14.72635 7 1 15 6.713129 1 15 6.37186 0 14.39872 7 2 15 7 1.273647 14.3641 7 3 15 6.491463 3 15 7 2.5 14.30701 7 4 15 6.5 4 15 7 4.634756 15 7 5.991727 15 7 6.007466 15 7 7.677339 14.42997 7 9 15 6.635954 9 14.73001 7 11 15 6.523919 11 15 7 10.73291 14.38474 7 12 14.12479 7 13 15 6.302244 13 15 6.5 14 15 6.537777 15 14.05371 7 16 15 6.858507 17 15 7 16.75654 14.00025 7 18 15 6.5 18 15 7 17.14149 15 7 18.50471 14.17039 7 20 14.49347 7 21 15 7 20.79925 15 6.323002 22 15 7 21.20075 15 6.767271 23 15 7 22.76727 14.27327 8 1 15 7.273647 1 15 7.996813 0 14.45228 8 2 15 7.5 2 15 8 1.5 14.44789 8 4 15 7.377392 5 14.47279 8 6 15 7.004777 6 15 8 5.486992 14.57136 8 7 14.20702 8 8 15 8 7.516029 15 7.517746 9 15 8 8.568886 15 7.794685 10 15 7.267093 11 15 8 10.20532 14.95018 8 12 15 7.980033 12 14.83141 8 13 15 8 12.09781 15 7.850625 14 15 8 13.51695 15 7.658121 15 15 8 15.45611 15 7.141493 17 15 7.999382 18 15 8 17.99938 14.94894 8 19 15 7.549967 20 15 8 19.04283 14.27797 8 21 15 7.242027 21 15 8 20.50988 15 7.719649 22 15 8 21.66878 14.73523 8 23 14.42548 9 1 15 8.534746 1 15 9 0.5108499 14.52393 9 0 14.51768 9 2 15 8.517685 2 15 9 1.482896 14.5 9 3 15 8.146749 3 15 9 3.5 15 8.842132 5 15 9 4.848928 15 8.719491 6 15 9 5.313397 14.23815 9 7 15 8.510907 7 15 8.347769 9 14.60072 9 10 15 9 9.805371 15 8.5 11 14.91621 9 12 15 8.182186 12 14.34573 9 13 14.82653 9 14 15 8.560659 14 14.67497 9 15 15 8.549258 15 14.5 9 16 15 8.347439 16 15 9 15.26815 14.05678 9 17 15 9 16.72512 15 9 17.28903 14.12436 9 19 15 8.035325 19 15 9 18.48253 14.37971 9 20 15 8.800307 20 15 9 19.83044 15 8.371228 22 14.46786 9 23 15 9 22.39753 14.71928 10 1 15 9.708855 1 15 10 0.7367295 15 9.476067 0 14.31511 10 0 15 9.635927 2 15 10 1.401182 14.76586 10 3 15 9.908818 3 14.5 10 5 15 10 4.417323 15 9.366715 6 14.68916 10 7 15 10 6.598826 14.5 10 8 15 9.197633 8 15 10 7.310844 15 9.721607 9 14.699 10 10 15 9.5 11 15 10 10.301 14.53706 10 12 15 9.133302 12 15 9.5 13 14.97153 10 14 15 9.9657 14 14.5 10 15 15 10 14.00486 15 9.51655 16 14.5 10 18 15 10 17.20171 14.48245 10 19 15 9.800895 19 15 9.387655 20 15 10 19.43528 15 9.5 21 15 10 21.5 14.5 10 23 15 9.5 23 14.48317 11 1 15 11 0.3155187 14.39018 11 0 14.33673 11 2 15 11 1.5 15 10.15904 3 15 11 2.653372 15 11 3.759321 15 10.74467 5 15 11 5.255332 14.59194 11 7 15 10.39552 7 14.0957 11 8 14.51769 11 9 15 10.3011 9 15 11 8.493835 14.5 11 10 15 11 9.472438 14.5 11 11 15 11 10.5 14.51767 11 12 15 10.38957 12 15 11 11.51767 15 11 12.48233 14.5 11 14 15 10.00486 14 15 11 13.5 15 10.88769 15 15 11 14.88769 14.74622 11 16 15 11 15.27114 14.5 11 17 15 11 17.5 14.82871 11 19 15 10.54602 19 15 11 18.82871 14.69884 11 20 14.52126 11 21 14.9929 11 22 15 10.9929 22 14.5 11 23 15 11 22.0071 14.80399 12 1 15 11.96303 1 14.56453 12 0 15 11.65441 2 15 12 1.067764 14.76426 12 3 14.42039 12 4 15 12 3.223858 14.52169 12 5 15 11.43906 5 15 12 4.695378 14.05872 12 6 15 11.50679 6 15 12 5.310403 15 12 6.493213 14.58133 12 8 14.5 12 9 15 12 8.418674 15 11.5 10 15 11.48233 12 14.16524 12 13 15 11.5 13 15 12 12.5 14.52454 12 14 15 11.52454 14 15 12 13.52454 14.14691 12 15 15 11.11231 15 15 12 14.47546 14.6939 12 16 15 11.43533 16 15 12 15.6939 15 12 16.31385 14.5 12 18 15 12 17.49095 15 12 18.5 15 11.8493 20 15 12 19.92897 15 11.47874 21 14.38638 12 22 15 12 21.57788 15 12 22.42212 14.11541 13 1 15 12.03697 1 15 13 0.4689836 14.42427 13 0 14.92426 13 2 15 12.86567 2 15 13 1.924258 14.5 13 3 15 12.22386 3 14.87127 13 4 14.69554 13 5 15 12.83617 5 14.31944 13 6 15 12.66069 6 15 13 5.146557 15 12.58311 7 15 13 6.411448 15 13 7.41689 15 12.94639 9 14.62845 13 10 15 12.82852 10 15 12.31297 11 14.87649 13 12 15 12.89115 12 15 12.74054 13 15 13 12.25851 14.89574 13 14 15 12.91982 14 15 13 13.81599 15 12.55831 15 15 13 14.0908 14.17659 13 16 15 12.3061 16 15 13 15.44169 15 13 17.28246 15 12.5 19 15 12.09069 20 15 13 19.56604 15 13 20.73324 15 13 21.45318 15 13 22.87899 14.5 14 1 15 14 0.4312054 15 14 1.691802 14.56923 14 3 15 13.11441 4 15 14 3.43077 14.49945 14 5 15 14 4.5 15 13.71495 6 15 13.5 8 15 14 8.5 14.5 14 10 15 13.17148 10 15 14 9.5 14.26625 14 11 15 14 10.5 14.48164 14 12 15 13.10885 12 15 14 11.5 14.16618 14 13 14.5 14 14 15 14 13.06595 14.71388 14 15 15 14 14.71388 15 14 15.5389 14.22418 14 17 15 13.28246 17 15 14 16.25536 15 13.60839 19 15 14 18.60839 14.31843 14 20 14.34027 14 21 15 13.21809 21 14.34856 14 23 15 13.04428 23 15 14.99304 0 15 15 1.5 14.47186 15 3 15 14.80349 3 15 15 2.843828 14.5 15 4 14.56351 15 5 15 15 4.563508 15 14.16616 6 15 15 5.436492 15 14.69585 7 14.5 15 8 15 14.5 8 14.42556 15 10 15 14.5 10 14.27912 15 12 15 15 11.5 14.36096 15 13 15 14.06595 13 15 15 12.5 14.96489 15 14 15 15 14.03702 14.5 15 16 15 14.25536 16 15 14.58167 17 15 15 16.58167 15 15 17.6228 14.5 15 19 15 14.39161 19 14.17286 15 20 15 14.41202 20 14.08133 15 21 15 15 20.5 14.35643 15 22 14.5 16 1 14.66284 16 2 15 15.66284 2 15 15.63357 3 15 16 2.826144 15 16 3.096691 14.10313 16 5 15 16 4.5 14.4777 16 6 15 15.5 6 15 15.08633 7 14.5 16 8 15 16 7.5 15 15.5 9 15 16 8.5 15 15.56737 10 14.92411 16 11 15 16 10.90277 14.82526 16 12 15 15.85487 12 14.47944 16 14 15 15.03511 14 15 16 13.39182 15 15.6842 15 15 16 14.69595 15 16 15.35847 14.52179 16 17 15 15.70286 17 14.5 16 19 15 15.6072 20 15 16 19.6072 15 15.55604 21 15 16 20.44758 15 15.62295 22 15 16 22.57361 14.29545 17 0 14.49608 17 3 15 16.09669 3 15 16.5 4 15 17 3.5 14.50062 17 6 15 16.58607 6 15 17 5.519477 14.5 17 7 15 16.5 7 14.39043 17 8 14.73832 17 9 15 17 8.674513 14.5 17 11 15 17 10.5 15 16.35831 12 15 17 11.76686 15 17 12.23314 14.31588 17 14 15 16.5 14 15 16.30405 15 15 17 14.5 15 16.46594 16 15 17 15.52738 14.23677 17 17 15 17 16.47262 14.04709 17 19 15 16.3928 20 14.27776 17 21 14.85246 17 22 14.48745 17 23 15 16.3103 23 14.29826 18 1 15 17.45768 1 15 18 0.5092476 14.2472 18 0 14.4682 18 2 15 18 1.603692 14.53286 18 3 15 17.62023 3 15 18 2.508164 14.80577 18 4 15 17.80577 4 15 18 3.717526 15 17.43396 5 14.44268 18 6 15 17.5 7 15 18 6.5 14.14875 18 8 15 18 7.533398 15 17.30952 9 15 18 9.441546 15 18 10.84573 14.26762 18 12 15 17.23314 12 14.49443 18 13 15 17.5 14 15 18 13.5 14.84997 18 16 15 17.83544 16 14.29208 18 17 15 17.78149 17 15 18 16.38699 14.32695 18 18 15 18 17.29972 14.21005 18 19 15 17.28233 22 15 18 21.19385 14.43529 18 23 15 17.5 23 14.30868 19 1 15 18.56977 0 15 18.70545 2 15 18.44259 3 15 19 2.255134 14.5 19 4 14.5 19 6 14.60086 19 7 15 19 6.600855 14.46247 19 8 15 19 7.434978 15 18.60865 9 15 19 8.629263 14.5 19 10 15 18.5 10 15 19 9.337039 14.43666 19 11 15 18.23734 11 15 19 10.63045 14.48158 19 12 15 18.72305 12 14.13682 19 13 15 18.5 13 15 18.15623 16 15 19 15.14293 14.54651 19 17 14.02491 19 18 15 19 17.31855 15 18.5 19 15 19 18.5 14.52753 19 20 15 18.52753 20 14.18107 19 21 15 18.09567 21 15 18.30554 22 15 19 21.5 14.22924 19 23 15 19 22.5 15 19.30705 2 15 20 1.164575 14.72896 20 3 15 19.74559 3 15 20 2.693762 15 20 3.208321 14.82449 20 5 15 19.65682 5 15 20 4.824494 15 19.5 6 15 19.68336 8 15 20 9.1914 15 19.36955 11 15 20 11.95322 14.70668 20 13 15 19.32509 14 15 20 13.37751 15 20 14.40633 14.68147 20 16 15 20 15.68147 15 19.31855 17 15 20 16.31853 14.5 20 18 15 19.55559 19 14.30079 20 20 15 20 19.45033 14.5 20 21 14.76894 20 22 15 20 21.76894 15 20 22.23316 15 21 0.108643 15 20.89136 0 15 21 1.875661 14.61318 21 3 15 20.29935 3 14.43429 21 4 15 20.51501 4 15 21 3.395413 14.70167 21 5 14.5154 21 7 15 20.28079 9 15 21 8.582294 14.54401 21 11 14.80859 21 12 15 21 11.88661 14.22356 21 13 15 20.81335 14 14.09047 21 15 14.33724 21 16 15 20.31853 16 14.00395 21 17 14.35049 21 18 14.30333 21 19 15 20.57365 20 14.09587 21 21 15 20.56877 21 14.5 21 22 15 20.23106 22 15 21 21.43123 14.66827 21 23 15 20.6863 23 15 21 22.68883 14.53206 22 1 15 22 0.822567 15 22 1.658729 14.65075 22 3 15 21.83554 3 15 22 2.479655 15 21.40513 5 15 22 4.767875 14.97884 22 6 15 22 5.93325 14.23381 22 7 15 21.45804 8 15 22 7.411733 14.32833 22 9 15 21.21087 10 15 22 9.724942 15 21.45599 11 14.63451 22 12 14.09423 22 13 15 21.50044 13 15 22 12.3659 14.4261 22 14 15 21.13575 14 14.33851 22 15 15 21.5 15 14.5 22 16 15 22 15.5 14.64193 22 18 15 21.64193 18 15 22 17.29455 15 21.5 19 14.49272 22 20 15 22 19.63697 14.5 22 21 15 21.43123 21 15 22 20.36303 15 21.73384 22 15 22 21.73384 14.5 22 23 14.57504 23 1 15 22.26298 1 15 22.16843 2 15 23 1.522816 14.16014 23 5 15 22.28018 5 14.59403 23 7 15 23 7.272205 14.31854 23 9 14.04867 23 10 15 22.28784 10 14.5961 23 11 15 22.73883 11 15 23 11.41922 15 23 12.32873 14.21254 23 14 15 22.76958 14 15 23 13.76958 14.37319 23 15 15 22.55725 15 14.197 23 18 15 23 17.88539 15 22.5 19 15 23 18.11461 15 22.4383 20 15 23 19.57791 14.92967 23 21 15 23 21.07033 15.07597 1 1 16 1 0.4677624 15.4778 0 0 15.21539 0 1 16 0 0.2476417 15.42348 1 2 16 0.5362245 2 16 1 1.536224 15.5 0 2 15.51432 1 3 16 1 2.549923 15.61233 0 3 15.40924 1 4 16 0.4795076 4 15.0675 0 4 16 0 3.122261 15.5 1 5 16 1 4.5 15.5856 0 5 16 1 5.90428 15.39395 0 6 16 0 5.422808 15.69964 1 7 15.18905 1 8 16 0.3445382 8 16 1 7.302589 15.65785 0 8 16 0.1909438 9 15.65345 0 9 15.02079 1 10 16 1 9.493101 15.98872 0 10 16 0.7131466 11 16 1 10.71315 15.5 0 11 15.57528 1 12 16 0.6971746 12 16 1 11.4808 15.5 0 12 16 0 11.5 15.21526 0 13 16 0 12.5 16 0.8144405 14 16 1 13.8761 15.56435 1 15 16 0.5643502 15 15.09519 0 15 15.63899 1 16 15.25197 0 16 16 0 15.5 15.5 1 17 16 0.5 17 16 1 16.36101 15.37941 0 17 15.51102 1 18 16 0.07108904 18 15.41864 1 19 16 0.5967915 19 15.85566 1 20 16 0 19.64889 16 0.5 21 16 1 20.14434 15.22957 0 21 15.62317 1 22 16 1 21.62317 16 0.5586156 23 16 1 22.43353 15.39989 0 23 15.5137 2 1 16 1.502631 0 16 2 1.486299 16 1.704169 3 15.376 2 4 16 2 3.229216 15.63319 2 5 16 1.68707 5 15.50629 2 7 16 1.305665 7 16 2 6.506285 15.35704 2 8 16 1.497349 8 16 2 7.493715 16 1.586135 9 15.37287 2 10 15.04574 2 11 16 1.286853 11 15.31161 2 13 15.44366 2 14 16 2 13.5 15.26465 2 15 16 1.43565 15 16 2 14.5 16 2 15.60018 15.45446 2 17 16 1.580222 17 15.76599 2 18 16 1.757992 18 15.5 2 19 16 2 18.23401 15.5 2 20 16 2 20.96186 15.50385 2 22 16 1.380457 22 16 2.486299 1 16 2.465144 0 15.5 3 0 16 2.941293 2 16 3 1.941293 15.50786 3 3 16 2.23482 3 15.11097 3 4 16 2.5 4 16 3 3.492138 16 3 4.5 16 2.870888 6 16 3 5.870888 16 2.513519 7 16 3 6.138286 15.41718 3 8 15.24114 3 9 15.6102 3 10 16 2.5 11 16 3 10.3898 16 3 11.99845 15.177 3 13 16 3 13.16681 16 3 14.79545 16 2.716097 16 16 2.900092 17 16 2.234011 18 16 2.5 19 16 3 18.5 16 3 19.77896 16 3 20.59543 16 2.765614 22 16 3 21.39008 16 2.269034 23 16 4 0.5 16 3.5 0 16 4 1.740917 15.5 4 3 16 3.492138 3 16 4 2.259083 15.41836 4 4 16 3.5 4 16 4 3.5 15.5 4 5 16 3.5 5 16 4 4.5 15.82804 4 6 15.5 4 7 16 4 6.062794 15.42554 4 8 16 3.134922 8 16 4 7.5 16 3.46558 9 16 4 9.475224 16 3.624327 11 16 3.004263 12 16 4 11.62384 16 3.347662 13 15.60406 4 15 16 4 14.77096 15.5 4 16 15.53133 4 17 16 3.083443 17 16 4 16.53133 16 3.5 18 15.60105 4 19 16 3.601049 19 16 4 18.60105 15.20345 4 21 16 4 20.48936 15.5 4 22 16 4 21.5 15.75506 4 23 16 3.753763 23 16 4 22.75506 15.92771 5 1 16 5 0.7689146 15.92012 5 0 16 4.259083 2 15.08735 5 3 16 4.5 3 16 5 2.5 16 4.557693 5 15.2388 5 6 16 4.062794 6 16 5 7.8921 15.6003 5 9 16 4.5 10 16 5 10.92112 15.31091 5 12 16 5 11.07888 15.68093 5 13 15.95907 5 14 16 4.962176 14 16 5 13.93092 15.90552 5 15 16 4.925577 15 16 5 14.62203 15.27238 5 16 16 4.5 16 15.72164 5 17 16 4.69575 17 16 5 16.72164 15.62129 5 18 16 5 17.38756 16 4.529197 19 15.45849 5 20 16 5 19.37127 15.15143 5 21 16 5 20.78655 15.67033 5 22 16 5 21.35559 16 5 22.32967 16 5.02467 1 16 5.562773 2 15.49146 6 3 16 5.5 3 16 6 2.437227 16 6 3.5 15.7136 6 5 16 5.663989 5 16 6 4.713599 16 5.5 6 15.76614 6 7 16 5.932184 7 15.64312 6 8 16 5.20594 8 16 6 7.134945 16 5.136118 9 16 6 9.555732 16 5.078876 11 16 5.710242 12 16 6 11.71024 16 6 12.28976 16 5.131107 14 15.54804 6 15 16 5.02498 15 16 6 14.2184 15.40262 6 16 16 6 15.45196 16 6 16.5 15.58361 6 18 16 5.460727 18 16 6 18.84441 15.5 6 20 16 6 19.11619 15.75262 6 21 16 6 20.75262 16 6 21.24738 16 6 22.74184 15.50485 7 1 16 7 0.1753401 16 6.927158 0 15.5 7 2 16 6.437227 2 16 7 1.269809 16 6.834867 4 15.36524 7 5 16 6.067816 7 16 7 6.343722 16 6.858374 8 16 7 7.928551 15.36405 7 9 16 7 8.071449 15.87104 7 10 16 6.843736 10 15.36044 7 11 16 7 10.18631 15.59647 7 12 16 6.376188 12 16 6.5 13 16 7 12.40353 16 6.304081 14 15.46222 7 15 16 6.451957 15 16 7 14.34528 16 6.5 16 16 7 15.5 15.16019 7 17 15.49529 7 19 16 6.116186 19 15.68781 7 20 16 6.247384 21 15.68862 7 22 15.29526 7 23 16 7 22.38446 15.90006 8 1 16 7.768941 1 16 8 0.7330821 16 7.204856 0 15.73202 8 2 16 7.732023 2 16 8 1.232718 15.17525 8 3 16 7.053903 3 16 8 3.50388 15.95359 8 5 16 7.955842 5 16 8 4.945207 16 7.930017 6 15.81167 8 8 16 7.320339 8 15.51399 8 9 16 7.664821 9 16 8 8.244608 15.20532 8 10 16 7.128964 10 15.05964 8 12 16 7.678044 12 16 8 11.68468 16 7.484549 14 16 8 13.64061 15.30867 8 15 16 7.5 15 16 8 14.35939 15.46646 8 16 16 7.62151 16 16 8 15.62151 16 8 16.60331 15.00062 8 18 15.05732 8 19 15.47747 8 20 16 7.336368 20 16 8 19.40211 15.44099 8 21 16 8 20.47315 15.60135 8 22 16 7.636485 22 16 8 21.79428 15.26477 8 23 15.52354 9 1 16 8.122981 1 16 9 0.4928758 16 8.283801 0 15.54144 9 0 15.48232 9 2 16 8.267977 2 16 9 1.441904 15.6492 9 3 16 8.599664 3 15.76882 9 4 16 8.726046 4 16 9 3.642472 15.7957 9 6 16 8.052678 7 16 9 6.090992 15.19763 9 8 16 9 7.5 16 9 8.595894 15.59563 9 10 15.51451 9 11 15.08379 9 12 16 8.24313 12 15.61701 9 13 16 8.617014 13 15.12533 9 14 15.3106 9 15 16 8.551484 15 15.99617 9 16 16 8.993729 16 16 9 15.9953 16 8.995383 18 16 9 17.99538 16 9 18.00462 15.16956 9 20 16 8.472435 20 15.5826 9 21 16 9 21.4714 16 8.774839 23 16 9 22.73437 16 10 0.9110945 16 10 1.055454 15.3101 10 3 16 9.707669 3 16 10 2.803341 16 9.231182 4 16 10 3.182481 16 10 4.69369 15.72758 10 7 16 9.855521 7 15.88588 10 8 16 9.885881 8 16 10 7.567282 15.41779 10 9 16 9.14094 10 16 10 9.349645 15.5 10 11 16 9.485495 11 15.74996 10 12 16 9.834552 12 16 10 12.50613 15.0141 10 14 16 9.737528 14 16 10 13.36142 15.74683 10 15 16 10 14.50205 16 10 15.62261 16 10 17.5 15.1991 10 19 16 10 18.5 15.24387 10 20 16 9.5 20 16 10 19.5 15.5 10 21 16 9.417401 21 15.5 10 23 16 10 22.5 16 11 0.779934 15.5 11 2 16 10.47694 2 15.23538 11 4 16 10.64672 4 16 10.46079 5 16 11 4.513901 15.5 11 6 16 10.33339 6 15.40806 11 7 16 10.14448 7 16 10.11412 8 16 11 7.5 15.49975 11 9 16 10.3749 9 16 10.51972 11 16 11 10.51972 15.72562 11 12 16 10.36008 12 15.5 11 13 16 10.16209 13 16 11 12.26053 16 11 14.19708 15.25638 11 16 16 10.17239 16 16 11 16.49658 15.5 11 18 16 10.5 18 15.19424 11 19 16 10.53838 19 16 11 18.53838 15.30116 11 20 15.93035 11 21 16 10.62341 22 16 11 21.10219 15.53366 11 23 15.09381 12 1 16 11.61489 0 15.55189 12 0 15.38931 12 2 16 11.54693 2 16 12 1.309217 15.43214 12 3 16 11.72516 3 16 11.58446 4 15.96714 12 5 15.5 12 7 15.41867 12 8 16 11.5 8 16 11.47269 9 16 11.95663 10 15.5 12 12 16 11.26053 12 16 12 11.4114 15.47546 12 14 16 11.47547 15 16 12 15.74994 16 12 16.18599 16 11.5 18 16 12 17.48227 15.93552 12 19 15.92139 12 21 16 11.44626 21 16 12 20.9186 15.6318 12 23 15.5 13 1 16 12.2705 1 16 12.83609 0 15.17645 13 5 16 12.03582 5 16 13 4.71398 16 12.96666 6 16 13 6.039824 15.5 13 8 15.05361 13 9 16 12.31153 10 16 13 9.908928 16 12.4114 11 15.16974 13 12 16 12.62599 12 16 13 11.62599 16 12.5 13 16 13 13.86803 16 12.3896 15 16 13 14.13197 15.51532 13 16 15.6105 13 17 16 12.78764 17 16 12.82189 20 16 13 19.82736 15.28508 13 21 15.2518 13 22 16 12.47275 22 16 13 21.41158 16 12.53774 23 16 13.95006 1 16 13.2453 0 15.66741 14 0 16 14 1.101191 15.84198 14 4 15.96543 14 5 16 14 4.839768 15.535 14 6 15.19147 14 7 16 13.47671 7 15.7566 14 8 16 13.7566 8 15.5 14 9 16 14 8.243397 16 13.09107 10 15.64626 14 11 16 13.64626 11 15.86575 14 12 16 13.79394 12 16 14 11.77923 15.13151 14 13 16 13.68199 13 15.48597 14 15 16 13.70227 15 15.25536 14 16 16 14 15.29773 15.39161 14 19 15.41202 14 20 16 13.17264 20 15.5 14 21 16 13.41158 21 15.27535 14 22 15.56041 14 23 15.71457 15 1 16 14.11629 1 16 14.2742 0 15.00528 15 0 15.88285 15 2 16 14.77868 2 16 15 1.750637 16 14.24103 3 16 14.57798 4 16 14.08633 5 16 15 4.265554 16 15 5.513074 16 14.60202 9 16 14.5 10 15.9482 15 11 16 15 10.9482 16 14.13425 12 15.71933 15 13 16 14.54442 13 16 15 13.28067 16 14.39061 15 16 15 14.6019 15.62556 15 17 16 14.70508 21 16 15 20.38589 15.57466 15 22 16 15 21.36106 15.60568 15 23 16 15.28543 1 16 16 0.005228994 15.99477 16 0 15.82977 16 2 16 15.5598 2 16 16 1.90551 15.13469 16 3 16 16 2.131753 15.92945 16 4 16 15.64352 4 16 16 3.900587 16 15.2903 6 15.65369 16 7 16 16 6.624033 15.5 16 9 15.43263 16 10 16 15.0518 11 16 15.69576 12 15.53676 16 13 16 16 12.44023 16 15.5 14 15.30405 16 15 15.49033 16 17 16 15.57665 17 16 16 16.45139 16 16 17.31175 15.51214 16 20 16 15.29492 21 15.33023 16 23 15.46291 17 1 16 16.51451 1 16 17 0.2949444 16 16.01314 0 15.49755 17 2 15.5 17 3 16 16.40746 3 15.48605 17 6 15.94669 17 7 16 16.90391 7 16 17 7.055726 16 16.5 9 16 17 8.488309 15.5 17 10 16 17 9.5 15.47885 17 12 15.5 17 13 16 17 12.24861 16 16.5 14 16 17 13.5 15.55968 17 15 16 16.55968 15 15.76873 17 16 16 17 15.74477 16 16.66449 17 15.45284 17 18 16 16.48764 18 16 17 17.17876 16 17 18.42299 15.29471 17 22 16 16.7032 22 16 17 21.17735 16 17 22.2929 16 18 0.5240788 15.86703 18 2 15.44583 18 3 16 17.56783 3 16 18 2.11306 15.72516 18 4 16 18 3.89283 16 17.20071 5 16 18 4.08371 15.50161 18 6 16 18 5.501607 15.5 18 7 16 17.05331 7 16 18 6.498393 15.80603 18 9 16 18 8.782207 15.5 18 10 16 18 9.159852 15.78093 18 12 16 17.54117 12 16 18 11.78093 16 17.5 13 16 18 12.21907 16 17.73386 14 16 18 13.73386 16 17.57363 15 15.29464 18 16 16 17.3895 16 16 18 15.5805 15.21851 18 17 16 18 16.29705 15.47547 18 18 16 18 17.58116 16 18 18.42725 15.09567 18 21 16 17.08198 21 16 18 20.5 15.40833 18 22 16 17.39384 22 16 18 21.61068 15.5 18 23 15.45915 19 1 16 18.47592 1 16 19 0.5 16 18.5 0 16 19 1.70456 15.80875 19 3 16 18.80671 3 16 18.18556 4 16 19 3.312623 15.46618 19 5 16 18.68188 5 16 19 4.462214 16 18.49839 6 16 19 5.318117 16 18.5 7 16 19 6.5 15.4632 19 8 16 18.40594 8 15.62017 19 10 16 18.62017 10 16 18.54118 11 15.31412 19 12 16 18.25117 12 16 19 11.5034 15.72517 19 13 16 19 13.27483 15.13717 19 15 16 18.36899 15 16 19 14.5 15.53403 19 16 16 18.33688 16 16 19 15.54591 15.31855 19 17 15.5 19 18 16 19 17.5 16 18.49139 19 16 18.59385 20 15.80949 19 21 16 18.80949 21 16 19 20.74398 15.67472 19 22 16 18.56941 22 16 19 21.32805 15.5 19 23 16 19 22.32528 16 19.5 1 15.37348 20 2 15.3507 20 3 16 19.27237 3 16 20 2.672409 15.90709 20 4 16 19.79653 4 16 20 3.82628 15.17551 20 5 16 19.31812 5 16 20 4.092912 16 19.52762 6 16 20 5.527623 15.87481 20 7 16 19.87481 7 16 20 6.862188 16 20 7.125189 15.1914 20 9 16 19.5 9 16 20 8.5 15.66579 20 10 16 20 9.665793 15.5 20 11 15.06268 20 12 16 20 11.57671 16 19.52429 13 16 20 12.68097 16 19.80585 14 16 20 13.58802 15.64679 20 15 16 19.6248 16 15.59725 20 17 16 19.59725 17 16 19.81154 18 16 20 17.74384 15.47159 20 19 16 20 18.20578 15.53839 20 21 16 20 20.27937 15.26657 20 22 16 20 21.50909 16 19.73571 23 15.5 21 1 16 20.5 1 16 20.34161 0 16 20.5 2 15.45715 21 3 16 20.39981 3 16 21 2.577583 15.17073 21 5 16 21 4.319924 16 21 5.748146 16 20.12519 7 15.45804 21 8 16 20.5 8 16 21 7.5 15.16189 21 10 16 21 9.44261 16 20.63849 11 16 21 10.48107 15.11605 21 12 15.5 21 13 16 20.25588 13 15.13575 21 14 15.5 21 15 16 20.54286 16 16 21 15.70391 15.6466 21 17 16 21 16.4349 16 21 17.74258 16 20.64444 19 16 20.24947 20 15.43123 21 21 16 20.46161 21 16 21 20.5 16 20.51656 23 16 21 22.28737 16 21.71346 1 16 21.5 0 15.5 22 0 16 22 1.286543 16 22 2.73994 15.52745 22 4 16 21.34429 4 16 22 3.281757 15.23213 22 5 16 21.5 5 16 22 4.472554 15.5724 22 7 16 21.65666 7 16 22 6.005272 15.54372 22 9 16 21.33185 9 16 22 8.500879 15.57628 22 10 16 21.65296 10 16 22 9.750507 16 21.36151 11 16 22 10.21812 15.36549 22 12 16 22 11.5 15.77833 22 14 16 21.77833 14 16 22 13.50908 16 22 14.22167 16 22 15.5 16 21.49141 17 15.35807 22 18 16 21.33088 19 16 22 18.5 15.40698 22 20 16 21.54631 20 16 21.28512 22 16 22 21.68356 15.5 22 23 16 21.25161 23 16 22 22.25369 16 22.28654 1 16 23 0.1997885 15.78689 23 0 16 22.5 2 16 23 1.5 15.48828 23 4 16 23 3.5 16 23 4.5 15.2155 23 6 16 22.00276 6 16 23 5.5 16 22.5369 7 16 23 6.689187 15.66769 23 8 16 22.62854 8 16 22.5874 9 16 23 8.457798 16 22.5 11 15.32873 23 12 16 23 13.20068 15.44275 23 15 16 23 14.39971 16 23 15.5 15.11461 23 18 16 22.90499 19 15.81144 23 20 16 22.83031 20 15.43024 23 21 16 22.87994 21 15.5 23 22 16 22.25369 22 16 23 21.09106 16 22.6492 23 16 23 22.6492 17 0.5 1 17 0.5801866 0 16.68201 1 0 16.5 0 1 17 1 1.611727 16.72506 0 2 16.62774 1 3 16.11373 0 3 17 1 3.349604 16.79332 0 4 17 0 3.806446 16.7253 1 5 17 0.7253042 5 17 0 4.193554 16.09572 1 6 17 0.04457539 6 17 1 5.274696 17 0 5.955425 17 1 6.5 16.76795 1 8 16.91323 1 9 16.86956 1 10 17 0.8469961 10 17 1 9.381252 16.30021 1 11 17 0.2599316 11 17 1 10.13792 16.75227 0 11 17 0 10.71604 16.43616 1 12 17 1 11.62543 16.65382 1 13 16.5 0 13 16.13156 1 14 17 0.5171821 14 17 1 13.3619 16.38299 0 14 17 1 14.48282 16.75033 0 15 17 0.1015133 16 16.89849 0 16 17 0 15.74652 16.5 1 17 17 0.3894092 17 16.61059 0 17 16.56975 1 18 17 0 17.38941 16.43579 1 19 17 0.5 20 17 1 19.44436 16.33098 0 20 17 1 20.80525 16.5 0 21 17 0.5658228 22 17 1 21.37585 16.36021 0 22 16.82534 1 23 17 0 22.34357 16.4863 2 1 17 1.5 1 17 1.420353 0 16.60615 2 0 16.43748 2 3 17 1.523308 3 17 2 2.667902 16.85608 2 4 17 1.82286 4 17 2 3.694612 16.31293 2 5 17 1.274696 5 16.72947 2 6 17 1.987819 7 16.79613 2 8 17 1.538648 8 17 2 8.203871 16.5 2 10 17 2 9.5 16.5 2 11 17 1.483897 11 17 1.39388 12 17 2 11.53646 17 1.425243 13 16.56934 2 14 16.63657 2 15 17 2 14.56988 16.45467 2 16 17 1.55587 16 17 2 15.41676 17 2 16.51505 17 1.560281 19 17 2 18.61438 17 2 20.77401 16.49615 2 22 17 2 21.09174 16.53568 2 23 16.65724 3 1 17 2.657236 1 17 2.361045 0 16.5 3 0 17 2.71909 2 16.76829 3 4 17 2.357916 4 17 2.80402 5 17 3 5.785486 17 2.012181 7 17 3 6.062413 17 2.636057 8 17 2.644281 10 16.51523 3 11 17 2.515229 11 16.0109 3 12 17 2.85977 12 17 3 11.86972 17 3 12.12353 17 2.430662 14 17 3 13.5 16.13955 3 15 17 3 15.7659 17 2.429315 17 16.57708 3 18 17 3 17.57708 16.5 3 19 17 3 18.42292 16.22104 3 20 17 2.257028 20 17 3 19.5 16.28999 3 22 17 2.575341 22 17 3 22.42466 17 3.342764 1 17 3.905226 0 16.90523 4 0 17 4 1.554331 17 3.642505 3 17 4 2.743697 17 4 3.253188 16.95657 4 5 16.06279 4 6 17 3.062413 6 16.5 4 7 17 3.5 7 17 4 6.5 17 3.778904 8 17 3.540227 9 17 4 9.916279 16.37567 4 11 17 3.484771 11 17 4 10.07135 16.19153 4 13 17 4 12.01018 16.67701 4 14 17 3.703247 14 16.63409 4 15 17 4 14.73565 16.97837 4 16 17 3.932539 16 17 3.570916 17 16.5 4 18 17 3.422924 18 17 4 17.42908 17 3.664825 20 17 4 20.53581 17 3.804593 22 17 4 21.70901 17 3.5 23 17 4 22.15201 16.10325 5 0 17 4.769544 2 17 4.216962 3 17 5 2.194047 16.5 5 4 17 4.449725 4 17 5 3.5 17 5 4.5 16.60126 5 7 17 5 6.341221 16.21233 5 9 17 4.589919 9 17 5 8.631112 17 4.516532 10 17 5 9.890451 17 4.710176 11 17 5 10.14981 17 5 11.86 16.31907 5 13 17 5 12.06229 16.06558 5 14 17 4.459975 14 17 5 13.66871 16.02069 5 15 17 4.131668 15 17 5 14.33129 16.54878 5 16 17 4.026188 16 17 4.434442 17 17 4.5 18 17 5 17.49454 17 4.290612 19 17 5 19.50527 17 5 20.99391 16.32967 5 22 17 4.152009 22 16.65195 5 23 17 4.65195 23 17 5 22.65195 17 5.905903 1 17 6 0.8944999 16.6541 6 0 16.43723 6 2 17 6 1.058708 17 5.637056 3 17 5.773427 4 17 6 3.660417 16.47681 6 5 17 5.255672 6 17 6 5.305743 16.46897 6 8 16.62936 6 9 17 5.498116 9 17 5.791943 11 17 5.13119 12 17 6 11.19595 17 5.5 13 17 6 12.30553 17 6 14.01952 16.58322 6 16 16.54677 6 17 17 5.541351 17 17 6 16.46297 16.41639 6 18 16.21467 6 19 17 5.674418 19 17 6 18.67525 16.58973 6 20 17 5.583698 20 17 6 19.40874 16.37507 6 21 17 5.010798 21 17 6 20.55953 16.71266 6 22 17 6 21.57597 17 5.34805 23 16.26981 7 1 17 6.058708 1 17 7 0.5 17 6.345897 0 16.07284 7 0 16.5 7 2 17 6.5 2 17 7 1.5 16.07343 7 3 17 6.494721 3 17 6.234587 4 17 7 3.378406 17 6.305743 5 17 6.425621 7 17 7 6.30012 16.07145 7 8 17 6.345581 8 16.5 7 9 17 7 8.5 17 6.57869 10 17 7 9.834608 16.57303 7 11 17 6.182018 11 17 6.447399 12 17 7 11.46997 16.5 7 13 17 6.019523 14 17 7 13.5 17 6.811793 15 17 7 14.81179 16.5 7 16 17 6.416778 16 17 6.453232 17 17 7 16.5 16.50263 7 18 17 7 17.50263 16.5678 7 19 17 6.38719 19 16.65631 7 20 16.5 7 21 17 6.353867 21 16.66506 7 22 16.09994 8 1 17 7.5 1 16.26798 8 2 17 7.5 2 17 8 1.5 17 8 2.5 16.66829 8 4 17 7.707292 4 17 7.605164 5 17 7.574926 6 16.14034 8 8 17 7.5 8 17 8 7.5 16.55802 8 10 17 8 9.420668 16.74851 8 11 17 7.466028 12 17 7.691407 13 17 7.5 14 17 8 13.30859 17 7.188207 15 17 8 14.5 17 8 15.5 17 8 16.71109 16.6216 8 18 17 8 17.40027 16.43524 8 19 17 7.605799 21 17 8 20.56831 17 8 21.67283 16.54976 9 1 17 8.606619 1 17 9 0.2237203 16.8046 9 0 17 8.68898 3 17 9 3.31102 17 8.675233 7 17 9 6.339322 17 8.5 8 17 9 7.324767 16.6048 9 9 17 8.564812 9 17 8.44198 10 17 9 9.307064 16.7745 9 11 17 9 10.78447 16.5 9 12 16.40222 9 13 17 9 13.85972 17 8.661133 15 16.00383 9 16 17 9 16.6039 17 9 17.41072 16.5 9 19 16.5 9 20 17 9 20.70652 17 9 21.33318 16.43076 9 23 16.18866 10 1 17 10 0.812864 16.35425 10 0 16.53736 10 2 17 9.56022 2 17 10 1.226764 17 9.339419 3 17 9.545749 4 17 10 3.513506 17 10 4.454251 17 9.324767 7 16.1169 10 8 17 9.307064 9 17 10 8.493202 17 9.5 10 17 10 9.5 17 9.479845 13 17 10 12.06452 16.51179 10 14 17 9.547779 16 17 10 15.1408 16.5 10 17 17 9.3961 17 17 10 16.45222 16.99356 10 18 17 9.993163 18 17 10 17.99356 16.5 10 19 17 10 18.00644 16.5 10 21 17 10 20.15165 17 10 21.56367 16.53017 10 23 17 10.22142 1 17 11 0.5526383 17 10.5 0 17 10.45425 4 17 10.7137 5 17 11 4.713695 17 10.55725 6 17 10.5 7 16.5 11 8 17 10.4932 8 16.95855 11 9 16.5 11 10 17 10.5 10 17 10.75274 11 16.51973 11 12 17 11 11.50222 17 10.5 13 16.67834 11 14 17 11 13.93691 16.81089 11 15 17 10.50066 15 17 11 14.33293 16.49658 11 16 16.51179 11 17 17 11 16.51179 17 11 17.48821 16.53471 11 19 17 10.5727 19 17 11 19.4273 17 10.5 21 17 10.43633 22 17 11 21.5 16.46634 11 23 17 11 22.5 17 11.58654 0 17 11.1728 2 17 12 1.35268 16.27484 12 3 17 12 2.5 16.27974 12 4 17 12 4.5 16.52328 12 6 17 11.31073 6 17 12 5.523283 17 12 6.867949 16.50171 12 8 17 11.50171 8 17 12 7.122464 17 12 8.575812 16.08883 12 10 17 11.68257 10 17 12 9.611388 17 12 10.40137 17 12 11.43941 16.59386 12 13 17 11.59386 13 17 12 12.56406 16.80056 12 14 16.3896 12 15 17 11.11889 15 16.20557 12 16 17 12 15.54869 17 11.48821 17 17 11.58646 18 17 12 17.58646 16.06981 12 19 17 12 18.43433 17 12 19.84884 16.07861 12 21 16.47275 12 22 17 11.5 22 16.47039 12 23 16.56871 13 1 17 13 0.3133038 17 12.67076 0 16.32597 13 2 17 12.5 2 16.95784 13 3 17 12.56728 4 17 13 3.05455 16.29043 13 5 17 13 5.834118 16.57194 13 7 17 12.18213 7 17 12.66895 8 17 13 7.558765 16.15413 13 10 17 12.4582 10 17 12.40955 11 17 13 10.3548 17 12.63637 12 17 13 11.66417 16.5 13 13 17 12.40614 13 17 13 12.33583 16.13197 13 14 17 13 13.5 16.5 13 15 17 12.5 15 17 13 14.5 17 12.63391 16 17 13 15.67796 17 12.72758 17 16.41936 13 18 17 12.41354 18 17 13 17.27242 16.5 13 19 16.17264 13 20 17 13 19.5 16.9943 13 21 16.33377 13 23 17 12.39619 23 17 13 22.3433 17 13.25706 0 17 13.88048 2 17 14 1.88048 17 13.08971 3 16.19136 14 4 17 13.49028 4 17 14 3.360255 16.03457 14 5 17 14 4.442295 17 14 5.5 16.69733 14 7 17 13.61103 7 17 14 6.716222 17 13.41154 8 17 14 7.360521 16.54803 14 9 17 13.49312 9 17 14 9.451968 16.51489 14 11 17 14 10.65976 16.24572 14 12 17 14 11.52 17 14 12.39242 17 13.74151 14 16.40486 14 15 17 13.61607 15 17 14 14.35872 16.17397 14 17 17 13.27242 17 17 14 16.5 16.99558 14 18 16.5 14 19 16.73657 14 20 17 13.73657 20 17 14 20.26343 16.72454 14 22 17 13.57895 22 17 14 21.72454 17 13.5 23 17 14 22.27546 16.45237 15 1 17 15 0.2738544 17 14.84576 0 16.11715 15 2 17 15 1.325949 17 14.46397 3 17 15 2.659651 16.12052 15 4 17 14.4423 4 17 15 3.340349 16.8069 15 6 17 14.92075 6 16.62152 15 7 17 15 7.642332 17 14.5 10 17 14.37508 11 17 15 10.53786 16.55591 15 12 17 14.37339 12 17 15 11.51821 17 14.4243 13 17 15 12.44409 17 15 13.51501 16.63955 15 15 17 14.62572 15 16.5 15 16 17 14.5 16 17 14.5 17 17 15 16.5 17 14.05117 18 17 14.5 19 16.20813 15 20 17 15 19.5 17 14.52228 21 17 14.40145 22 17 15 21.61739 17 16 0.4092123 17 16 1.5 16.40746 16 3 17 15.34035 3 16.55098 16 4 17 15.94174 4 17 16 3.941742 17 16 4.085244 16.34631 16 7 16.65371 16 8 17 15.39029 8 16.50315 16 9 17 15.23606 9 17 16 9.720156 17 15.46214 11 16.62168 16 12 17 15.75013 12 17 16 11.78983 16.88622 16 13 17 15.93337 13 17 16 12.78848 16.6683 16 14 17 15.35879 15 17 16 14.42694 17 15.58414 16 17 15.93885 17 17 16 16.91618 17 16 17.08198 17 15.97031 20 17 15.47772 21 16.4895 16 23 17 15.14382 23 17 16 22.40678 16.48549 17 1 17 17 0.002226355 16.99438 17 0 17 17 1.546971 16.2165 17 4 17 17 3.021068 16.54004 17 5 17 16.75633 5 17 17 5.208121 16.17614 17 7 17 16.79151 7 17 17 6.755461 17 16.54799 8 17 17 8.304079 17 17 9.5 16.19093 17 11 17 16.5 11 17 17 10.5 16.7655 17 12 17 16.06663 13 17 17 13.97801 17 16.39983 15 17 17 15.5 17 16.16257 17 16.54416 17 18 16.24887 17 20 17 16.03153 20 17 17 19.1145 16.08198 17 21 17 16.5 21 17 16.78777 22 16.5 17 23 16.49864 18 1 17 17.00223 0 16.08844 18 2 17 17.45303 2 17 17.12343 3 17 17.57486 4 17 18 3.17127 16.5 18 5 17 17.17619 5 16.49839 18 6 17 17.44866 6 17 18 5.5 16.42063 18 8 17 17.31705 8 17 18 7.515137 16.5 18 10 17 17.5 10 17 17.77468 11 17 18 10.77468 16.33561 18 12 17 17.15434 12 17 17.5 13 16.26614 18 14 17 17.96835 15 17 18 14.96835 17 17.5 16 17 18 15.03165 17 18 16.55392 17 17.4329 18 17 18 17.50027 16.63839 18 19 17 17.18174 19 16.62254 18 20 17 17.3088 22 17 18 21.30324 17 17.58895 23 16.5 19 0 17 18.63755 2 17 19 1.637549 17 18.12418 3 16.44978 19 4 16.8202 19 6 17 18.8202 6 16.5 19 7 17 19 6.179799 17 19 7.502636 16.77981 19 10 17 18.85256 10 17 19 9.682547 16.45882 19 11 16.27483 19 13 17 18.5 13 17 19 12.39944 17 18.72358 14 16.59414 19 15 16.50145 19 16 17 19 15.45235 17 19 16.6079 17 19 17.50714 17 18.14622 21 17 19 20.5 16.43396 19 22 16.90303 19 23 17 18.86665 23 17 19 22.85413 17 19.91596 1 17 20 0.9159632 16.34161 20 0 16.66042 20 2 17 19.52509 2 17 20 1.151416 16.68938 20 3 17 20 2.700808 16.89651 20 4 17 19.97646 4 17 20 3.948891 16.5 20 5 17 20 4.011685 16.40641 20 7 17 19.82712 7 17 19.27105 9 17 20 8.006297 16.59914 20 10 16.60582 20 11 17 20 12.47548 16.57964 20 14 16.88393 20 15 16.66125 20 16 17 19.7637 16 17 19.48643 17 17 20 16.31241 17 19.34142 18 17 20 17.36028 16.60902 20 19 17 19.55487 19 16.88072 20 20 17 19.95692 20 17 19.56529 22 17 20 21.27859 17 20.42887 1 17 21 0.4251841 17 20.91711 0 16.91711 21 0 17 21 2.553604 17 20.04173 4 17 20.5 5 17 21 4.213516 16.25185 21 6 17 20.35302 6 16.80206 21 7 17 20.45856 7 17 20.02047 8 16.50306 21 10 16.69583 21 11 17 20.72443 11 17 21 10.67688 16.45266 21 12 17 20.4552 12 17 20.47643 13 17 21 12.4968 17 20.14873 14 16.97728 21 15 17 21 14.97728 16.46889 21 17 17 20.47637 17 16.69896 21 21 17 21 21.30104 16.3344 21 23 17 21.43082 1 17 22 0.8610136 17 21.08289 0 16.5 22 0 16.6546 22 2 17 21.6546 2 17 21.21352 4 17 22 3.393742 16.52482 22 5 16.00322 22 6 16.85201 22 7 17 21.73099 7 17 22 6.904154 16.77287 22 8 17 21.5506 8 17 21.77001 9 16.22792 22 10 17 21.35428 10 16.80844 22 12 17 22 12.19156 16.35544 22 14 17 21.05364 15 17 22 15.31627 16.78575 22 19 16.45369 22 20 17 21.59509 21 17 22 20.77337 16.34664 22 22 16.5 22 23 17 21.40091 23 17 22 22.39051 16.71685 23 1 17 23 0.7168521 16.19979 23 0 16.5 23 2 17 22.3454 2 17 23 1.283148 16.52804 23 3 17 22.42083 3 16.65598 23 4 17 22.65598 4 17 23 3.630218 16.52358 23 5 17 23 4.365626 17 23 6.000396 16.37399 23 8 17 22.22903 8 17 23 7.489295 17 22.28599 9 17 22.78807 10 16.8486 23 11 17 23 10.58754 16.5 23 12 16.24147 23 13 17 22.65568 13 17 22.68287 14 16.5 23 15 17 22.29091 15 16.58827 23 16 17 22.55893 16 17 23 15.58827 16.04186 23 17 17 22.45847 17 16.5 23 18 17 22.24662 18 17 23 18.5 16.21469 23 20 17 22.61697 20 17 23 19.61697 17 22.22663 21 17 23 20.38303 16.81197 23 22 17 22.73452 22 16.3508 23 23 17 22.5 23 17 23 22.18803 17.5391 1 1 18 0.1076073 1 18 1 0.5331665 18 0.3906922 0 17.90654 0 1 18 0 0.85862 18 0 1.139167 17.64631 1 3 18 0.6053216 3 18 1 2.813197 18 0 3.5465 17.2747 1 5 18 0.5 5 18 1 4.382701 17.5 0 5 18 0.5207812 6 17.52294 1 7 17.26349 0 7 18 0 6.5 18 1 7.477058 18 0 7.5 17.19651 1 9 18 0.2738596 9 18 1 8.725739 18 0.7161531 10 17.70418 1 11 18 0.7174213 11 17.24773 0 11 18 0 11.56251 18 0.255739 13 17.74426 0 13 18 0 12.69357 17.49094 1 14 18 0 13.25574 18 0.05228798 15 17.87103 0 15 18 0 14.95305 17.87773 1 16 18 0.5182283 16 18 1 15.86505 17.42988 0 16 18 0 15.24744 18 1 16.12227 17.88635 0 17 17.47248 1 19 18 1 18.52828 17.89625 0 19 18 0 18.75416 17.5 0 20 18 0.5 21 18 1 20.5 17.5 0 21 18 1 21.5 17.36818 0 22 18 1.494037 0 17.82447 2 3 18 1.738335 3 18 1.511351 4 17.41905 2 8 18 2 7.738 18 1.3929 9 17.89316 2 10 18 1.768161 10 18 2 10.25402 18 1.5 12 18 2 11.25997 17.62124 2 13 18 2 12.69623 17.56904 2 14 18 2 15.09284 17.42931 2 17 18 1.5 17 18 2 17.61863 17.38562 2 19 18 1.471716 19 17.7927 2 20 18 1.917037 20 18 2 21.71449 17.24058 2 23 18 1.5 23 18 2 22.28551 18 2.5 1 18 3 0.3619462 17.63805 3 0 18 2.842018 2 18 2.075282 3 18 2.649547 4 18 2.407857 5 17.06241 3 6 18 2.5 6 18 2.662739 7 17.49697 3 9 18 2.368659 9 18 3 8.5 17.35572 3 10 18 2.106842 10 18 2.385448 11 18 3 10.64098 18 2.761934 12 18 3 11.64192 17.78535 3 13 18 3 15.91602 17.93182 3 17 18 2.931818 17 18 3 16.09355 17.82612 3 18 18 2.799855 18 18 3 17.32173 17.76842 3 19 18 3 18.33856 17.77494 3 21 18 2.840753 21 18 3 20.76451 17.9331 3 22 18 2.56286 23 18 3.819498 1 18 4 0.1514567 18 3.935187 0 17.72701 4 0 17.81455 4 2 18 3.506181 2 17.21696 4 3 18 4 2.154721 17.72296 4 4 18 3.5051 4 18 4 3.761507 18 4 4.402978 17.54347 4 6 18 3.543469 6 18 4 5.355817 17.5 4 7 18 4 6.456531 18 3.784405 8 18 4 7.784405 17.07135 4 10 18 3.490095 11 18 3.214648 13 18 4 12.5 18 3.363997 14 18 4 14.94814 17.02163 4 16 18 4 15.05186 17.42908 4 17 18 3.068182 17 18 3.753528 19 17.33518 4 20 18 4 19.08973 18 3.387464 21 18 4 21.23044 17.60567 4 23 18 5 0.2149426 17.84808 5 0 17.5 5 3 18 4.5 3 17.5 5 5 18 4.316937 5 18 4.499451 6 18 5 5.542924 18 4.591843 7 18 5 6.549703 18 4.462332 9 18 5 8.195925 18 5 9.543556 18 4.685865 11 18 5 10.75881 17.96414 5 12 18 4.997535 12 17.33129 5 14 18 4.051865 15 17.47903 5 16 18 4.527918 16 18 5 15.52792 17.49454 5 17 18 4.5 17 18 4.472067 18 17.49905 5 19 18 5 18.28362 17.57471 5 20 18 5 19.58078 17.0064 5 21 18 4.243815 21 18 5 20.43733 17.5 5 22 17.67213 5 23 18 4.714285 23 18 5 22.79338 17.40037 6 1 18 6 0.6187221 17.77721 6 0 17.36294 6 3 18 5.5 3 18 6 2.323048 17.22657 6 4 18 6 3.5 18 5.5 5 18 6 4.5 17.7479 6 6 18 6 6.252098 18 5.806475 9 18 5.210677 11 18 6 11.5 18 5.039792 13 18 6 12.5 18 5.721773 14 18 6 14.27823 18 5.822049 16 18 6 16.16218 17.41817 6 19 18 5.599106 19 17.35387 6 21 18 5.481513 21 17.84536 6 22 18 6 21.93131 17.68488 6 23 18 5.361432 23 18 7 0.06921599 18 6.412872 2 18 7 1.471425 17.48871 7 4 18 6.5 4 17.55093 7 5 17.30012 7 6 17.53195 7 7 18 7 6.531948 17.59338 7 8 17.52011 7 9 18 6.206397 9 18 7 8.426178 18 6.794304 10 18 6.871657 11 17.35208 7 12 18 7 12.5 17.55744 7 14 17.18821 7 15 18 7 14.44256 17.5 7 16 17.70818 7 17 18 7 16.70818 17.53857 7 18 18 6.541189 18 18 7 17.32708 18 7 18.64829 17.19204 7 20 18 6.5 20 18 7 19.31504 17.5 7 21 18 6.5 21 18 6.068689 22 18 7 21.5 18 6.315121 23 18 7.377043 1 18 7.548162 2 18 8 1.641284 18 8 2.358716 17.43234 8 6 18 7.706076 6 18 8 5.549216 18 7.468052 7 18 8 6.293924 18 8 7.5 17.36513 8 9 18 8 8.5 17.18986 8 11 18 7.128343 11 18 8 10.4389 17.38372 8 12 18 7.5 12 17.341 8 13 18 8 14.26083 18 7.680296 16 18 8 15.6803 18 7.291823 17 18 8 16.3197 17.3784 8 18 18 8 18.5 17.78981 8 20 18 8 19.81434 17.39701 8 21 18 7.50294 21 18 8 20.18744 17.3062 8 22 18 7.582426 22 18 8 21.57956 18 8 22.97006 17.39338 9 1 17.56686 9 2 18 8.422652 2 18 8.5 3 18 9 2.433142 17.65354 9 4 18 8.499797 4 17.5 9 5 18 8.336507 5 18 8.293924 6 18 9 5.5 18 8.5 7 18 9 6.5 18 8.681839 8 18 9 7.681839 17.35379 9 9 18 8.55267 9 18 9 8.365685 17.5 9 10 18 9 9.44733 18 8.584672 11 18 8.62487 12 17.47984 9 13 18 9 12.37513 18 8.5 15 17.3961 9 17 18 8.5 17 17.70504 9 18 18 9 17.71751 17.7619 9 19 18 8.761897 19 17.61097 9 20 17.29348 9 21 18 9 20.38903 18 8.935475 22 17.34717 10 1 17.43978 10 2 18 9.433142 2 18 10 1.302116 17.89265 10 3 17.64698 10 5 18 10 5.854663 18 9.641461 7 17.53205 10 8 18 9.352823 8 18 10 7.395051 18 10 9.226805 17.69587 10 11 18 9.619095 11 18 10 10.53373 18 10 11.39191 17.5 10 13 18 9.5 13 18 10 13.65742 17.45695 10 15 18 9.861492 15 18 10 14.76421 18 9.881157 16 18 10 16.29971 17.00644 10 18 18 9.282492 18 18 9.969896 19 17.15165 10 20 18 10 19.00961 17.5 10 21 18 10 20.5 17.97584 10 23 18 9.888534 23 18 10 22.97853 17.44736 11 1 18 10.30212 1 18 11 0.3065092 17.69349 11 0 17.1728 11 2 18 10.09556 3 18 11 2.5 17.82191 11 4 18 11 3.82191 17.29831 11 6 18 11 5.508637 17.5 11 7 18 11 7.5 17.57617 11 10 18 11 9.576169 18 11 10.88974 18 11 11.08354 18 11 13.20275 17.20813 11 15 18 10.2385 15 17.5244 11 16 18 10.07924 16 17.53342 11 17 18 10.17935 17 18 11 16.52083 18 10.99962 18 18 10.00961 19 17.63643 11 20 18 11 20.38811 17.50626 11 22 17.94494 11 23 18 11 22.94363 18 11.5 1 17.67923 12 2 18 11.67923 2 17.74232 12 3 18 11.74232 3 18 12 2.576363 17.5 12 4 17.51802 12 5 18 11.51802 5 18 12 4.518018 18 11.59602 7 18 12 6.395749 17.49829 12 8 18 12 9.829713 17.40955 12 11 18 11.08354 11 18 11.60835 13 18 12 12.29048 17.20546 12 14 18 11.4954 14 18 12 13.13848 18 12 14.82327 17.45131 12 16 18 12 16.64572 17.5628 12 18 17.14055 12 20 17.60348 12 21 18 11.57819 21 18 12 21.61545 17.95112 12 23 18 12 22.92409 17.58341 13 1 18 12.64871 1 18 12.20939 0 18 13 1.351288 17.04216 13 3 18 13 2.5 17.63419 13 4 18 12.69444 4 18 13 3.694442 18 12.59626 5 18 13 4.411213 18 13 5.522227 17.59152 13 7 18 13 6.572834 17.37758 13 8 18 12.55243 8 18 13 7.34662 17.44516 13 9 18 12.4255 9 18 12.24314 10 18 13 9.678815 18 13 10.32118 17.53916 13 12 18 12.70992 13 17.69793 13 14 17.68557 13 15 18 13 14.48551 17.9736 13 16 18 12.98728 16 18 13 15.97268 17.2836 13 17 17.5 13 18 18 12.35391 18 18 13 17.48608 17.60117 13 19 18 12.60117 19 18 12.5 20 17.00426 13 21 18 13 20.51631 17.3433 13 22 18 12.29105 22 17.5 13 23 18 12.03262 23 18 13 22.5 17.52778 14 1 17.66104 14 0 18 13.69807 2 17.73351 14 3 18 13.8604 3 18 14 2.727205 17.7795 14 4 18 13.66231 4 18 14 3.419689 18 14 5.708674 18 14 6.161319 17.41273 14 8 18 13.44757 8 17.45197 14 9 18 13.5 9 18 14 10.61419 17.52288 14 12 17.3335 14 14 18 13.38319 14 18 14 13.33097 17.60004 14 15 18 13.52473 15 18 14 14.62646 18 13.31179 16 18 14 15.93594 18 14 16.02765 17.00442 14 18 18 14 17.5 17.90456 14 19 17.50711 14 20 17.73954 14 21 18 14 20.49673 17.4839 14 22 18 13.7115 22 18 14 21.46483 18 14.47222 1 18 14.34125 0 17.15557 15 0 18 15 1.817463 18 15 2.182537 18 15 3.749002 18 14.31656 6 17.42563 15 7 18 14.54891 7 18 15 6.335695 17.25322 15 8 18 15 7.45109 18 14.65123 9 18 15 8.651232 17.5 15 10 18 15 9.348768 18 14.14478 11 18 15 11.53342 17.84784 15 13 17.66557 15 14 18 15 13.27497 17.28095 15 15 18 14.30333 15 17.58427 15 16 18 14.63837 17 17.24311 15 18 18 14.79592 18 18 15 17.68841 18 15 18.22113 17.92327 15 20 17.6136 15 21 18 14.37944 21 17.45694 15 22 18 14.37574 22 18 15 21.46091 18 15 22.40252 17.5 16 1 18 15.5 1 18 16 0.09942657 17.86252 16 0 18 15.61016 3 18 15.27645 4 18 16 3.421445 18 16 4.881061 18 15.45469 7 17.34629 16 8 18 15.5 8 18 16 7.496369 18 15.86481 9 18 16 8.922751 17.27731 16 10 17.64279 16 11 17.43699 16 12 18 16 11.61846 17.13311 16 13 18 15.27852 13 18 16 12.42445 17.52214 16 14 17.39983 16 15 18 15.48825 15 18 16 14.31236 18 16 15.61925 17.08878 16 17 17.42174 16 18 18 16 17.40066 17.56475 16 19 18 15.56035 19 18 16 19.41472 17.39488 16 22 18 16 21.33439 17.48762 16 23 18 16 22.5 18 16.96695 1 18 17 0.9589628 18 16.12144 0 17.45303 17 2 18 16.12392 2 18 17 2.5 18 17 3.721024 18 16.9835 5 18 17 5.004339 18 16.49637 7 18 17 6.313111 17.30408 17 8 18 16.5 8 18 17 7.5 17.61321 17 10 17.09203 17 12 18 17 11.5 18 17 12.5 17.02199 17 14 17.5 17 15 18 16.5 15 17.25122 17 17 18 16.40066 17 18 17 16.4527 17.4128 17 18 18 16.50698 19 18 17 18.55902 17.81402 17 20 18 16.51604 21 18 17 20.31311 17.17304 17 22 18 16.54341 22 18 17 21.35928 17.5 17 23 18 17.99926 0 18 17.7729 3 18 17.6953 4 18 18 3.634082 18 17.01471 5 17.6492 18 6 18 18 6.350798 18 18 7.717876 17.34607 18 9 18 17.24261 9 18 18 8.282124 18 18 9.5 17.26234 18 11 17.35706 18 12 18 17.5 12 17.60911 18 13 18 17.5 14 18 18 13.39089 18 18 14.67756 17.80423 18 16 17.44608 18 17 18 18 16.19577 17.82051 18 18 18 17.83232 18 18 18 17.85036 18 17.40795 19 18 18 18.14964 17.88411 18 20 18 18 19.92637 17.68736 18 21 18 17.85812 21 17.4422 19 2 17.81728 19 3 17.48547 19 4 18 18.24594 4 18 19 4.342049 18 19 6.636476 18 19 7.363524 18 18.55463 9 18 18.5 10 18 19 9.445373 18 18.7304 11 18 18.73257 12 17.5 19 13 18 18.39089 13 17.32422 19 14 18 19 14.94898 17.76102 19 16 18 18.5 17 17.35938 19 18 17.62276 19 19 18 18.69712 19 18 18.13749 20 18 19 19.46563 18 19 20.45908 17.71704 19 22 18 18.80119 22 18 19 21.70304 17.12889 19 23 18 19 22.25479 18 19.5 1 18 20 0.5 18 20 1.5 18 19.18272 3 18 20 2.5 17.35785 20 4 18 19.96079 4 17.70834 20 5 18 19.70834 5 18 20 4.049003 17.35302 20 6 18 19.5 6 17.17432 20 7 18 20 7.49749 17.69686 20 9 18 20 9.303143 17.74873 20 12 18 19.56872 12 18 20 11.6352 17.57558 20 13 18 20 12.29207 18 19.44328 14 18 20 13.40155 17.06691 20 15 18 19.04105 15 18 20 14.5 18 20 15.5 17.51309 20 17 17.5132 20 18 18 19.49347 18 18 20 17.36038 17.36523 20 19 18 19.30288 19 17.06577 20 20 17.52473 20 21 18 19.77646 21 17.45935 20 23 18 20 22.39053 18 20.5 1 17.08289 21 0 17.56705 21 3 18 20.61894 3 17.3099 21 4 18 20.0339 4 17.99896 21 7 18 20.99974 7 18 21 6.997357 17.29098 21 8 17.57168 21 9 18 21 9.354305 17.28275 21 11 18 21 11.56196 18 21 12.32859 18 20.60847 14 18 20.86672 15 18 21 14.80712 17.38236 21 17 18 20.3483 17 18 21 16.5 18 20.76864 18 18 21 17.7779 17.40265 21 19 18 21 18.44522 17.5 21 20 18 20.32124 21 18 21 20.73672 18 21 21.26328 17.44203 21 23 18 21 22.54209 18 21.70093 1 18 22 0.5574483 18 21.10612 2 18 21.38106 3 17.80342 22 4 18 21.71189 4 17.959 22 5 18 21.96273 5 18 22 5.037267 17.21674 22 7 18 21.00079 7 17.43824 22 8 18 21.69961 8 18 22 8.487311 18 21.59439 10 18 21.3857 11 17.19638 22 12 18 21.33542 12 18 22 11.5077 17.5 22 13 18 21.5 13 18 22 12.4923 17.34057 22 14 18 21.39153 14 18 21.29818 15 18 22 14.73425 18 22 15.26575 18 21.67419 17 17.66539 22 19 18 22 18.87942 18 21.73002 20 18 22 19.27048 18 21.26328 21 18 22 20.26998 17.4059 22 22 18 21.51605 22 18 22 21.51605 17.34543 23 1 18 22.36308 1 18 23 0.5562175 18 22.36424 0 17.51597 23 0 17.5 23 2 18 23 1.42807 18 22.5 3 18 23 2.5 17.34402 23 4 18 22.19658 4 18 22.06742 5 17.44388 23 7 17.96241 23 8 18 22.90698 8 18 23 7.968488 18 22.46365 9 18 23 8.077722 18 22.61929 10 18 23 10.23974 17.55466 23 12 18 23 11.55466 18 23 12.44534 17.24644 23 14 18 22.57689 14 18 23 13.57689 18 22.40395 15 18 23 14.57865 17.51181 23 16 18 22.67604 17 18 23 16.74245 17.67214 23 18 18 23 17.32192 17.88533 23 19 18 23 18.79019 17.55304 23 20 18 23 19.20517 18 22.5 21 17.80657 23 23 18.83952 1 1 19 1 0.8365368 18.38503 0 0 19 0.5445618 0 18.53864 1 0 18.5 1 2 18.44257 0 2 18.31794 0 3 18.38606 1 4 19 1 3.474849 18.39166 0 4 19 0 3.624682 18.5 0 5 19 0.008043678 6 19 0 5.995199 19 0.1962411 7 18.86804 0 7 19 1 7.383714 19 1 8.880178 18.12475 0 9 19 0 8.232148 19 0.314584 10 19 0 9.685416 18.28258 1 11 19 1 10.5 19 1 11.50148 19 0 11.19087 18.5991 1 13 19 0.2131243 13 19 1 12.59767 18.65468 0 13 19 1 13.4009 18.08675 0 15 19 1 15.40492 18.13031 0 16 19 0 15.3415 18.5 1 17 19 0.5 17 19 0 16.5 18.65356 1 18 18.40131 0 18 19 0 17.6537 18.47172 1 19 19 0.4281165 19 19 1 18.34644 19 0.5600093 20 19 1 19.56001 18.5 0 20 19 0 19.42812 18.57935 1 21 19 0 20.66168 18.5 1 22 19 1 21.42065 18.47318 0 22 19 0 21.33832 18.52607 1 23 18.5 0 23 18.54071 2 1 19 2 0.2962267 18.63928 2 2 18.07528 2 3 19 2 3.5 18.63893 2 7 19 1.524206 7 19 2 6.638928 18.44194 2 8 19 1.690467 8 19 2 7.55764 19 1.119822 9 19 2 8.309533 18.10684 2 10 19 2 9.5 18.25997 2 11 19 2 10.5 19 1.498517 12 18.30377 2 13 18.36422 2 14 19 1.5 14 18.35345 2 15 19 1.819995 15 18.5 2 17 19 1.5 17 19 2 16.47217 18.39385 2 18 19 2 17.51314 19 2 18.48686 19 1.439991 20 19 1.84334 21 19 1.5 22 19 2 21.11885 18.97736 2 23 19 1.974926 23 19 2.871467 0 18.91495 3 0 19 2.557077 4 19 2.5 5 19 2.679951 6 19 2.765575 8 18.93717 3 9 19 3 9.349207 18.68196 3 11 19 2.792884 11 18.23807 3 12 19 3 11.20712 18.21465 3 13 18.56496 3 14 19 2.258157 15 19 3 14.50659 18.0075 3 16 19 2.472173 16 19 3 17.29223 19 3 18.48829 18.16136 3 21 19 3 21.49607 18.1805 4 1 18.15472 4 2 18.23849 4 4 18.77564 4 5 19 3.881668 5 19 4 4.881668 19 3.773231 6 18.53425 4 7 19 3.534251 7 18.2156 4 8 19 4 7.465749 18.49804 4 9 19 4 9.464279 19 3.589932 12 19 4 12.62756 18.85365 4 14 19 3.719937 14 19 4 13.70643 18.76538 4 16 18.89992 4 17 18.40194 4 18 19 3.64432 18 19 3.635932 19 19 4 18.4792 19 4 19.68975 18.28717 4 21 19 3.569778 21 19 4 20.2573 18.51564 4 22 19 3.515637 22 19 4 21.44174 19 4 22.63969 18.32352 5 1 19 4.5 2 19 5 1.5 19 4.91468 3 18.5 5 4 19 5 3.08532 19 5 4.885352 19 4.121299 6 19 5 5.114648 19 5 6.593091 19 4.85404 8 18.55201 5 9 19 4.516408 9 18.21068 5 11 18.00246 5 12 18.03979 5 13 19 4.29205 13 19 4.146347 14 19 5 13.5 18.5 5 15 19 5 14.5 19 5 18.75821 19 5 19.2515 18.48151 5 21 19 4.426371 21 19 4.56205 22 19 5 21.57739 19 4.346017 23 19 5 22.42261 18.15844 6 1 19 6 0.6354193 19 5.305133 0 18.14915 6 0 18.32778 6 2 19 5.505394 2 18.5 6 3 19 6 2.494606 19 5.813044 4 18.5 6 5 19 6 5.5 19 6 6.5 18.98829 6 8 19 5.935181 8 19 6 7.988293 19 6 8.011707 18.17209 6 10 19 5.351116 10 19 6 9.5 18.5 6 11 19 5.5 11 19 5.999693 12 18.69885 6 13 19 5.698852 13 19 5.519105 14 19 6 13.31748 19 5.572855 15 19 6 14.55405 19 5.668777 16 19 6 16.78413 18.68234 6 19 19 6 18.75073 18.5 6 20 19 5.276573 20 19 6 20.87229 19 6 21.83054 18.40955 6 23 19 6 22.04309 19 6.331613 1 18.04307 7 0 19 7 1.561397 19 6.5 3 18.5 7 4 19 7 3.5 19 6.5 5 19 7 4.5 18.80053 7 6 19 6.800534 6 19 7 5.800534 18.46805 7 7 19 6.5 7 19 7 6.199466 19 6.013459 8 19 7 7.535248 18.47989 7 9 18.05108 7 10 19 6.5 10 18.45342 7 11 19 6.849262 11 18.55256 7 12 19 6.000379 12 19 6.94386 13 18.44256 7 14 19 6.480895 14 19 7 13.02499 18.83117 7 16 19 6.709148 16 19 7 15.68703 18.45881 7 18 18.41709 7 19 19 7 18.60872 18.5 7 20 19 6.5 20 19 7 19.39128 18.50217 7 21 19 6.029005 22 18.82806 7 23 19 6.761604 23 19 7 22.82806 18.62765 8 1 18.6089 8 0 18.36328 8 2 19 8 1.376989 18.34627 8 4 19 8 3.345726 18.58115 8 5 19 7.732317 5 18.5 8 7 19 7.5 7 19 7.632362 9 19 8 8.452584 18.59149 8 10 19 8 9.518347 18.5 8 12 19 7.447438 12 19 8 11.39272 18.49582 8 13 19 7.028393 13 19 7.545609 14 19 8 13.51295 18.5 8 15 19 7.308392 15 18.42963 8 16 19 7.245611 16 19 8 15.6158 19 7.869725 17 18.95771 8 18 19 8 17.77234 19 7.391277 19 18.26947 8 20 18.44484 8 22 18.02573 8 23 19 8 22.51634 19 8.372352 1 19 8.391102 0 19 8.34795 3 19 9 2.221184 18.39957 9 4 19 8.556607 4 19 9 3.554183 18.69659 9 5 19 8.456289 5 19 8.907617 6 18.5931 9 7 19 8.593101 7 18.31816 9 8 19 9 7.406899 18.66281 9 9 19 9 8.708335 18.67707 9 10 19 9 9.463324 19 8.814249 11 19 9 10.76376 18.61785 9 13 19 9 13.8918 18.5 9 15 19 8.5 15 19 9 14.0698 19 8.384202 16 19 9 15.5 19 8.130275 17 19 8.159709 18 19 9 17.81149 19 8.5 19 19 8.655168 20 19 9 20.32046 19 8.455965 23 19 10 0.5527748 19 9.5 0 18.38087 10 0 18.5 10 2 18.11623 10 3 19 9.5521 3 19 9.863359 4 19 10 3.86435 19 9.518947 5 19 10 5.471711 18.41461 10 7 19 9.465052 7 19 10 6.36427 18.16742 10 9 19 10 8.163653 19 9.401731 10 18.8489 10 11 18.49 10 14 19 9.121547 14 19 9.5 16 19 10 16.5875 18.5 10 18 19 10 17.4125 18.02792 10 19 19 10 20.61829 18.72028 10 22 19 9.720281 22 19 10 21.61386 19 9.656733 23 19 10.69036 1 19 11 0.7337441 19 10.5 0 18.64317 11 2 19 11 1.39543 18.5 11 3 19 10.44547 3 19 11 2.356828 18.17809 11 4 19 10.11196 4 19 11 3.5 19 11 4.683856 18.96227 11 6 19 10.92272 6 19 10.44108 7 19 11 6.036491 18.5 11 8 19 10.12496 8 18.5 11 9 18.78646 11 10 19 10.78052 10 19 11 9.833521 19 10.24918 11 18.5 11 12 19 10.5 12 18.1939 11 13 19 10.49765 13 18.68713 11 14 19 11 13.69897 18.59173 11 15 18.49752 11 16 19 10.4125 17 18.00298 11 18 19 10.88605 18 19 11 17.88605 18.82443 11 19 19 10.61328 19 18.37591 11 20 19 10.51323 20 19 10.27972 22 18.12711 11 23 19 10.56641 23 19 11.35968 1 19 12 0.5876072 19 11.5207 0 18.22344 12 0 18.42154 12 2 19 11.46123 2 19 12 1.49921 18.5 12 4 19 12 3.468972 19 11.38419 5 19 11.28794 6 18.88123 12 7 19 11.5 8 19 12 7.083708 18.48379 12 9 19 12 8.55858 18.25045 12 10 19 12 9.634657 19 11.49759 11 19 12 10.65777 18.13856 12 12 19 12 11.3752 19 12 13.9796 19 11.70462 15 19 12 14.06987 18.66315 12 16 19 12 15.22619 19 11.98837 18 19 11.17557 19 18.5 12 20 19 12 19.5 18.72176 12 21 18.49386 12 22 19 11.70385 22 19 12 21.37578 19 11.28577 23 18.64442 13 1 19 12.4793 0 18.5 13 0 19 12.59199 2 18.5 13 3 19 12.46897 3 18.44743 13 5 19 12.08371 7 19 13 6.395849 19 12.5 8 19 13 7.5 18.33555 13 10 19 12.32684 10 19 12.93652 12 19 12.78119 13 19 13 14.5 18.01272 13 16 19 12.33685 16 18.48608 13 17 19 12.5 17 18.9165 13 18 19 13 17.9165 18.9453 13 19 19 13 19.19371 19 12.24208 21 19 13 20.16771 18.55679 13 22 19 12.3458 22 19 13 21.49906 19 12.5 23 19 13.36764 1 19 13.56 0 18.30193 14 2 19 14 1.339479 18.14288 14 3 19 13.50677 3 19 14 2.506767 18.18323 14 4 19 14 3.493233 18.37293 14 5 18.72832 14 7 19 13.72832 7 18.5 14 8 18.68144 14 9 18.63332 14 10 18.14478 14 11 19 13.5 11 19 14 10.13498 19 14 11.5 18.25631 14 13 19 13.13044 13 19 14 12.5 19 13.81546 14 19 13.76824 15 19 14 14.42862 19 14 15.45337 19 13.91309 17 19 14 16.79259 18.5 14 18 18.11085 14 19 18.25795 14 20 19 13.13778 20 18.38296 14 21 19 13.5829 21 19 14 20.63797 18.76789 15 1 19 15 0.3790354 19 14.80984 0 18.6655 15 2 19 15 1.729229 19 14.55851 3 19 14.52112 4 19 15 3.455703 18.5 15 5 19 15 4.478876 19 14.06516 6 19 15 5.5 19 15 6.806181 18.69418 15 8 18.61708 15 10 18.5 15 11 19 14.5 11 18.51886 15 12 19 14.55214 12 19 15 11.55214 18.15216 15 13 18.59087 15 15 19 15 14.01124 19 15 15.39781 18.57047 15 17 19 15 16.70101 19 14.45837 19 19 15 18.04109 19 14.84695 20 19 14.6534 22 19 15 21.6534 18.61159 15 23 19 14.25934 23 18.5 16 1 19 15.23211 1 18.61539 16 2 18.69262 16 3 18.51518 16 4 19 16 3.255689 19 15.5 5 18.61836 16 7 19 16 6.582411 18.81252 16 8 19 15.65627 8 19 16 7.724984 19 15.5 9 19 15.38292 10 19 15.69531 11 19 15.55587 12 19 16 11.40341 18.31735 16 13 19 15.5 13 19 16 13.5 19 16 14.71399 19 16 15.28601 19 15.29899 17 18.91142 16 18 19 15.30597 18 18.67308 16 19 18.33439 16 21 19 15.5 21 19 16 20.24393 18.62231 16 22 19 15.4664 22 19 16 21.62231 19 15.60634 23 19 17 0.3890056 19 16.66375 0 19 16.22091 3 19 17 2.212297 18.35306 17 4 18.00198 17 5 18.32466 17 6 19 16.47221 6 19 17 5.513294 18.7206 17 7 19 16.61072 7 19 17 6.709769 18.38679 17 10 19 16.5 10 19 17 9.5 19 17 10.89806 18.5 17 12 19 16.39323 12 18.68859 17 13 19 17 12.68859 19 17 13.34721 19 16.34368 15 19 16.9595 17 19 17 16.93332 18.79818 17 18 19 17 17.16046 18.35308 17 21 19 16.5367 21 18.5 17 23 19 16.29194 23 19 17 22.10666 19 18 0.9882663 18.00059 18 0 18.71146 18 2 19 17.39924 2 19 18 1.028443 18.37126 18 3 18.42425 18 4 19 17.75496 4 19 18 3.683787 19 18 4.187064 19 17.89966 6 19 17.2794 7 19 18 6.095643 19 18 7.5 19 17.5 9 19 18 8.5 18.5 18 10 19 18 10.5 19 17.31141 13 18.63256 18 14 18.39786 18 15 19 17.51507 15 19 18 14.44646 19 18 15.68658 18.5 18 17 19 17.0405 17 18.54402 18 19 18.17672 18 20 19 17.71163 20 19 18 19.69359 18.14155 18 21 19 17.6463 21 19 18 21.50396 18.38939 18 23 19 18 22.31741 18.55583 19 1 19 18.01464 1 18.99287 19 0 19 18.28854 2 19 19 1.444168 18.18272 19 3 19 19 2.5 19 19 3.675185 18.65262 19 5 19 18.65262 5 19 19 5.958074 18.75457 19 7 19 18.84333 7 18.97574 19 8 19 18.97574 8 19 19 7.881967 18.44537 19 9 18.81849 19 10 19 18.81849 10 19 19 9.818489 19 18.5 11 19 19 10.18151 19 18.12489 12 18.55493 19 13 19 19 12.55493 18.47971 19 14 19 18.64792 15 18.20617 19 16 19 18.24743 16 19 19 15.28128 19 19 16.5 18.57418 19 18 19 18.59336 18 19 19 17.59336 19 19 18.40664 18.93308 19 20 19 18.91193 20 18.38452 19 21 19 19 20.03664 19 18.31741 22 18.42055 19 23 18.5 20 0 18.60076 20 2 19 19.60076 2 19 19.84837 4 18.41982 20 5 19 19.48332 5 19 19.02276 6 19 20 5.362665 18.49749 20 7 19 20 6.5 18.5 20 8 19 20 7.5 18.4038 20 9 18.76874 20 10 19 20 9.681026 18.49711 20 11 19 19.67221 11 18.53435 20 12 19 20 11.66902 18.84339 20 13 19 20 12.65943 18.5 20 14 19 19.4634 14 19 20 13.11079 19 19.28128 15 18.72207 20 16 18.39106 20 17 19 19.54578 17 18.5 20 19 19 20 18.5 19 19.0553 20 19 20 19.62076 18.40147 20 22 19 19.51143 22 19 20 21.2029 18.5 20 23 19 20 22.48857 18.59977 21 1 19 21 0.5997721 19 20.5 0 18.10612 21 2 19 20.44161 3 19 21 2.54652 19 20.08556 4 18.69474 21 5 19 21 4.676529 19 21 5.740461 18.00046 21 7 19 20.64146 7 19 20.5 8 19 21 7.358536 18.59047 21 9 19 21 8.777561 18.42912 21 10 19 21 9.222439 18.48432 21 11 19 20.19435 12 19 20.11986 13 19 21 12.52221 19 20.5 15 19 21 14.14814 19 20.27793 16 18.88674 21 17 19 20.86694 17 18.39378 21 18 19 21 17.22517 19 20.8495 19 18.26328 21 21 18.59671 21 22 19 21 21.59671 19 20.5 23 19 22 0.5 19 21.69248 3 18.19658 22 4 19 22 3.269262 19 22 4.5 18.66945 22 6 19 21.23775 6 19 22 6.537398 18.38155 22 8 19 22 7.45253 19 21.24209 9 19 21.5 12 19 22 11.41823 19 21.47779 13 19 22 12.5 19 21.14814 14 19 21.69844 15 19 22 14.69844 19 22 15.30156 18.59581 22 18 19 22 17.59581 19 21.5435 20 19 22 19.5435 19 22 20.8315 18.48395 22 22 19 21.40329 22 19 22 22.5 19 22.5 1 18.48403 23 0 18.91504 23 2 19 22.8623 2 19 22.26926 3 18.5 23 4 19 22.5 4 19 23 3.5 19 22.5 5 19 23 4.5 19 22.34658 6 18.0614 23 8 19 22.50832 8 19 22.78097 9 18.35959 23 10 19 23 9.309034 18.81778 23 11 19 22.76338 11 19 23 10.71593 18.81769 23 13 19 22.81769 13 19 22.5 14 19 22.49127 15 19 23 14.69103 19 22.81399 17 19 23 16.81399 18.57057 23 18 18.24828 23 19 19 22.71832 19 19 23 18.48352 18.46456 23 20 19 22.59224 20 19 23 19.40409 19 22.22396 21 19 23 20.49508 18.31385 23 22 19 23 21.37099 19 23 22.59849 19.14047 1 1 20 0.4362704 1 20 1 0.408859 19.54735 1 0 20 1 1.805263 19.72953 1 4 19.31229 0 4 19.5 1 5 19.52343 0 5 20 0.7064179 6 20 1 5.995403 20 0.5147241 7 20 0.9615011 8 20 1 7.94162 19.23215 0 8 20 0 7.406532 20 1 8.153148 19.7143 1 10 20 0.6772904 10 20 1 9.356314 19.35348 0 10 19.54234 1 11 20 0.4464154 11 20 1 10.32157 20 0 10.55229 19.98279 1 12 20 0.9756638 12 20 1 11.97979 20 0 11.49368 19.4255 1 13 20 0.445603 13 20 1 12.0189 19.19973 0 13 20 0 12.49006 20 0 13.94883 19.41544 1 15 20 0.3511589 15 20 1 14.16541 20 0.1028492 16 19.95706 0 16 19.5 1 17 20 1 16.28131 20 0.5 18 20 1 17.5 19.3463 0 18 19.67858 1 19 20 0.1667118 19 19.88764 0 19 19.75448 1 20 20 0.2619996 20 20 1 19.64944 19.91678 0 20 20 0 19.51076 20 0.3023511 21 20 1 20.20362 19.54124 0 21 20 0 20.17317 19.70256 1 22 19.53913 0 22 20 0 21.33642 19.47393 1 23 19.52448 0 23 19.66623 2 1 20 2 0.03241402 19.96166 2 0 19.36072 2 2 20 1.194737 2 20 2 2.887872 19.5 2 4 20 1.604442 5 20 2 4.604442 19.79298 2 6 20 1.017383 6 20 2 5.714838 20 1.55526 7 20 1.076192 8 20 2 7.515854 20 1.181274 9 20 2 8.326817 19.5 2 10 19.5 2 11 20 2 10.5 20 2 11.7632 20 1.883417 13 20 1.251804 14 19.47217 2 16 20 1.281306 16 20 2 15.5 19.54697 2 17 20 1.546966 17 20 2 16.54697 19.7081 2 18 20 1.718849 18 20 2 17.67925 20 1.321419 19 19.5 2 20 20 1.203617 20 20 2 19.5 20 1.736433 21 20 2 20.73643 20 2 21.26357 19.02666 2 23 20 1.541719 23 20 2 22.54172 19.28097 3 1 20 3 0.4114406 20 2.703717 2 20 3 1.540212 19.86517 3 3 20 2.537661 3 20 3 2.794955 19.47546 3 4 20 2.53272 4 19.75358 3 5 20 3 5.24642 20 2.326817 8 19.06389 3 9 20 2.504428 9 20 3 8.504428 19.11107 3 10 20 3 9.495572 19.20712 3 11 20 2.5 11 19.4463 3 14 20 2.507688 14 20 3 13.64652 20 2.675405 15 19.5 3 16 20 2.5 16 20 3 15.3246 20 2.808032 17 20 3 16.83558 20 2.421593 18 20 3 17.26832 19.5 3 19 20 2.5 19 19.90717 3 20 20 3 20.23532 20 3 21.24953 19.97817 3 23 20 3 22.97817 20 3.330956 1 20 4 0.2490498 20 3.510451 0 19.75095 4 0 19.66695 4 2 20 3.457441 2 20 4 1.666948 19.85617 4 3 19.5 4 4 19.11833 4 5 20 3.24642 5 20 4 4.5 19.21409 4 6 19.46575 4 7 20 3.811944 9 20 3.872659 10 20 4 9.609278 19.51373 4 11 20 4 10.23978 20 3.857515 12 20 4 11.73576 20 4 12.14249 19.30512 4 14 20 3.583397 14 20 4 14.2808 19.40523 4 16 20 4 15.68969 20 4 16.76015 19.4844 4 18 20 4 17.20204 19.20477 4 20 20 3.249534 21 20 3.703661 22 20 4 21.70366 20 3.021833 23 20 4 22.29634 19.5 5 1 20 4.5 1 19.27521 5 0 19.98856 5 4 19.11465 5 5 20 5 4.01144 20 4.5 7 20 5 6.043719 20 4.178797 8 19.44799 5 9 20 5 8.5 19.35112 5 10 20 4.127341 10 19.99784 5 11 20 5 11.00216 19.6667 5 13 20 5 12.6667 19.62439 5 14 20 4.39358 14 20 5 13.45386 20 4.602886 16 19.23672 5 17 20 4.124314 17 20 5 16.22861 20 4.60156 18 20 5 17.7292 20 5 18.30978 20 4.5 20 20 5 19.45278 19.67098 5 21 20 5 20.67098 20 4.296339 22 20 4.5 23 20 5 22.5 19.43603 6 1 20 5.894932 2 20 6 1.845343 19.51664 6 3 20 5.354256 3 19.18696 6 4 20 5.01144 4 20 5.534844 5 20 6 4.534844 19.5 6 6 20 5.043719 6 20 5.995535 8 20 6 7.995535 19.96469 6 9 19.50911 6 11 20 5.00224 11 20 6 10.50911 20 5.5 12 20 6 11.49089 19.42773 6 13 20 5.464418 13 20 6 12.6343 19.57764 6 14 20 5.470365 14 20 6 13.45979 20 5.444094 15 20 5.228606 16 20 5.5 17 20 6 16.5 19.88913 6 18 20 5.760434 18 20 6 17.89526 20 5.5 20 20 5.548924 21 20 6 20.71278 19.02901 6 22 20 5.5 22 19.3988 6 23 20 5.5 23 20 6 22.5 19.5 7 1 20 6.39088 1 20 7 0.4892724 20 6.760169 4 20 7 3.760169 19.67414 7 5 19.19947 7 6 20 6.5 6 20 7 5.325863 20 6.584937 7 20 6.013242 8 20 7 7.679824 20 6.273076 9 20 6.5 10 20 6.99932 12 20 7 13.61792 19.49959 7 16 19.56247 7 17 20 6.562467 17 20 6.104739 18 20 7 17.43753 19.72614 7 19 20 6.804879 19 19.88644 7 20 20 7 19.65426 19.49783 7 21 20 6.287219 21 19.5 7 22 20 6.5 22 19.37235 8 1 20 8 0.5 19.49505 8 2 20 7.247352 2 20 8 1.5 20 8 2.5 19.83195 8 4 20 7.609659 4 19.26768 8 5 20 7.325863 5 20 7.776798 6 20 8 5.776798 19.5 8 7 20 8 6.223202 19.77913 8 8 20 7.710371 8 20 7.140204 9 20 8 9.789373 19.79566 8 11 20 7.647836 11 20 8 10.48983 20 7.001296 12 19.72884 8 13 20 8 12.61655 19.78918 8 14 20 8 13.59461 19.81105 8 15 20 8 17.48208 19.75674 8 19 20 7.429918 19 20 8 18.75674 20 7.208462 20 20 8 19.39791 20 7.743848 21 19.70264 8 22 20 8 21.47628 20 9 0.8965366 19.5 9 0 20 8.626606 2 20 8.728973 3 20 9 2.615795 20 9 3.271027 19.3611 9 5 20 8.564764 5 20 9 4.564764 19.13004 9 6 19.57063 9 7 20 8.659532 7 19.99691 9 8 20 9 7.994037 19.29647 9 9 20 8.379501 9 20 9 8.003159 19.97931 9 11 20 8.981574 11 20 9 11.10285 20 8.246034 13 20 8.584475 14 20 9 13.86343 19.86884 9 15 20 8.606795 15 19.5 9 16 20 9 15.13116 20 8.956242 17 20 9 16.95915 20 8.848223 18 20 9 17.19227 19.5 9 19 20 8.243261 19 20 9 18.15178 19.24546 9 20 19.52815 9 21 20 8.358472 21 20 9 20.61871 20 8.809414 22 20 9 21.87361 20 8.834785 23 20 10 0.700609 19.44547 10 3 20 10 2.5 19.72089 10 4 20 10 3.953459 19.37548 10 5 20 9.534355 5 19.34401 10 6 20 10 5.43783 19.46668 10 7 20 9.364036 7 20 10 6.488786 19.25275 10 8 20 9.679309 9 20 9.551469 10 20 9.003108 11 19.49765 10 13 20 9.5 13 20 10 12.38882 20 9.185727 14 20 10 13.59051 19.78702 10 15 20 10 14.71929 20 10 15.37435 19.4125 10 17 20 9.040853 17 19.80094 10 19 20 10 18.81126 19.86267 10 20 20 9.507362 21 19.27972 10 22 20 9.443089 23 20 10 22.8008 19.3005 11 1 20 10.58374 0 19.5 11 3 20 10.5 3 19.5204 11 4 20 10.0503 4 20 11 3.520401 19.3582 11 5 20 11 4.526648 19.10383 11 6 20 10.72512 6 19.6773 11 8 20 10.46982 8 20 11 7.492192 20 11 8.84286 19.24365 11 10 19.1899 11 11 20 10.59015 12 20 11 11.69357 19.56408 11 13 20 10.56408 13 20 11 12.36375 19.30863 11 14 20 10.41818 14 20 11 13.44476 20 10.49143 15 20 11 14.77503 19.47807 11 16 20 10.31143 16 20 11 15.21878 20 11 16.74479 20 10.51122 18 20 11 17.49835 19.4435 11 21 20 10.55398 21 20 11 20.67487 20 11 21.37891 20 10.68693 23 20 12 0.9434275 20 11.40304 0 19.39322 12 2 19.66803 12 3 20 11.5216 4 19.52466 12 7 20 11.84801 7 20 12 6.830533 19.5 12 8 20 11.3227 8 20 12 7.07644 19.44142 12 9 20 11.08158 9 20 12 8.5 20 11.38272 10 20 12 10.51382 20 12 11.48618 20 11.43592 13 19.01103 12 14 19.18404 12 15 20 12 14.60302 19.36474 12 16 20 12 15.42664 20 12 16.67909 20 11.25646 18 20 11.7344 19 19.5 12 20 20 11.5 20 19.23207 12 21 19.29615 12 22 20 12 21.45598 19.5 12 23 19.35157 13 1 20 12.09813 1 20 13 0.3842997 20 12.74406 0 20 13 1.355298 19.5 13 4 20 12.45808 4 20 13 3.5 20 13 4.566724 19.9404 13 6 20 12.90714 6 20 13 5.948486 20 13 7.21643 20 12.5 9 19.61261 13 10 20 13 9.627953 20 13 10.58498 20 12.5 12 20 12.63338 13 20 12.92064 14 20 12.80222 15 20 13 14.34689 19.5 13 16 20 12.46941 16 20 13 15.13964 20 12.29482 17 20 13 16.5 20 13 17.99998 19.15056 13 20 19.76002 13 21 20 12.76997 21 20 13 20.78264 19.5971 14 1 20 13.61377 1 20 14 0.5857435 20 13.41228 0 19.64684 14 2 20 13.64684 2 20 14 1.388454 19.60645 14 3 20 14 2.463636 20 13.86282 4 19.9956 14 5 20 13.99547 5 20 14 4.978592 19.06516 14 6 19.27168 14 7 19.69397 14 8 20 13.69397 8 20 14 8.763693 20 13.37205 10 20 13.29595 11 20 14 10.5 20 14 11.7552 19.53252 14 13 20 13.07936 14 20 14 13.46748 20 13.80628 15 20 14 14.96247 19.26672 14 16 20 13.53624 17 19.5 14 18 20 13.00002 18 20 14 17.46376 19.53031 14 19 20 13.14353 19 19.7703 14 20 20 13.75146 20 19.5 14 22 20 13.5 22 20 14 21.5 19.18191 14 23 20 13.5 23 19.64871 15 1 20 14.98137 0 20 14.55608 2 20 14.13718 4 20 15 3.174066 19.82879 15 5 19.59582 15 6 20 14.59582 6 20 15 5.233437 20 14.5083 7 19.35864 15 8 20 15 7.55113 20 15 8.939245 19.42199 15 10 20 14.54055 10 20 15 9.056568 20 14.5 11 20 15 10.45945 19.70236 15 12 19.51832 15 13 20 15 13.61159 20 15 14.83945 20 14.58179 16 20 15 15.13572 19.96331 15 17 20 14.98156 17 20 14.79252 18 20 15 17.05843 20 15 18.20914 19.15305 15 20 20 14.2297 20 20 15 19.49749 19.66518 15 21 20 14.66518 21 19.89255 15 23 20 14.92897 23 20 15 22.69534 19.5 16 1 20 15.14066 1 20 16 0.2193432 20 16 1.769262 20 16 3.791547 19.5 16 5 20 15.17121 5 20 16 4.1787 19.45898 16 6 19.44963 16 8 20 15.73611 8 19.56619 16 9 20 16 9.433807 20 15.8998 11 20 16 11.27766 19.9052 16 13 20 15.89872 13 20 16 12.73449 19.50908 16 14 20 15.37966 14 20 16 13.09796 19.53761 16 16 20 15.45527 16 20 16 16.46239 19.17612 16 18 20 16 17.68744 20 16 18.3174 20 15.70865 20 20 16 20.57504 19.52257 16 22 20 16 22.79056 20 16.5 1 19.63385 17 0 20 16.45242 3 20 17 2.062618 19.41485 17 4 20 16.1787 4 20 17 3.5 20 16.81708 5 20 17 4.817078 20 17 5.242726 20 16.79041 7 20 17 6.898356 20 16.22024 8 19.5 17 9 20 17 8.5 19.95887 17 10 20 17 9.958868 19.10194 17 11 20 16.1002 11 20 17 10.04113 20 16.2821 12 20 17 11.57561 19.31141 17 13 19.67908 17 14 20 17 13.71335 19.49441 17 15 20 16.46239 16 20 17 15.43892 19.0405 17 17 20 16.57152 18 19.57123 17 20 20 16.37478 20 20 17 19.59316 20 16.23303 21 20 17 20.40684 19.10666 17 22 20 17 21.5 19.5 17 23 20 17 22.5 19.01173 18 1 20 17.5 1 20 17.40629 0 19.33438 18 2 20 18 1.553309 19.47878 18 3 20 17.64863 3 20 18 4.404583 19.09564 18 6 20 18 5.5 20 17.09078 7 19.5 18 8 20 17.5 8 19.5 18 9 20 17.5 9 20 18 8.5 20 17.13124 10 20 18 9.778847 20 17.5509 11 20 18 10.25834 19.3396 18 12 20 17.72651 12 20 18 11.74602 20 18 12.44729 20 17.63649 14 19.79778 18 15 20 17.81079 15 19.3922 18 16 20 17.66247 16 20 18 15.26378 19.54189 18 17 20 17.54189 17 19.5 18 18 20 17.25422 18 20 18 18.68413 19.28634 18 20 20 17.42635 20 19.32084 18 21 20 17.5 22 20 17.69963 23 20 18 22.69963 20 19 0.9904114 20 18.29953 0 19.00452 19 0 19.5 19 2 20 18.44669 2 19.6341 19 3 20 19 2.634103 19.32482 19 4 20 18.40458 4 20 19 3.365897 20 18.79039 5 20 19 4.790394 19.0559 19 6 20 18.44181 7 20 19 6.282345 19.02426 19 8 20 18.5 8 19.5 19 9 19.21689 19 10 20 19 9.555335 20 18.4491 11 20 19 12.55173 19.88607 19 14 20 18.67393 14 20 19 13.66425 20 19 14.24347 20 19 15.30228 20 18.45811 17 20 19 16.44333 20 19 17.5 20 19 18.5 19.85201 19 21 20 18.5 22 20 19 21.14041 19.5622 19 23 20 18.3554 23 20 19 22.5622 19.8551 20 1 20 19.10517 1 19.99471 20 0 20 20 1.076108 19.93177 20 3 20 20 2.954147 19.30576 20 4 20 19.83666 4 20 19.39621 5 20 20 4.325726 20 20 5.28782 20 20 6.803408 20 19.5 8 20 20 7.196592 19.75853 20 9 20 20 8.83024 20 19.53846 10 20 19.59201 11 19.3472 20 12 20 19.37346 12 19.19742 20 13 20 19.30249 13 20 20 12.47243 19.58459 20 14 20 19.13514 14 20 20 13.41617 19.76781 20 15 19.6886 20 16 20 19.82064 16 19.9983 20 17 20 20 17.00142 19.74113 20 19 20 19.74113 19 20 19.67358 20 20 19.14086 21 19.51054 20 22 20 19.4378 23 19.40023 21 1 20 21 1.5 19.57235 21 3 20 20.07194 3 20 21 3.382708 19.30526 21 5 20 20.28782 5 20 20.44824 7 20 20.54917 8 20 21 7.268427 20 20.16976 9 20 21 8.450826 20 21 9.611506 19.79055 21 11 20 20.79554 11 20 21 10.78199 19.5 21 12 20 20.31205 12 19.14814 21 14 20 21 13.5 19.5 21 15 20 20.23219 15 20 21 14.5 20 21 15.67915 19.3204 21 18 20 20.51751 18 19.1505 21 19 20 20.25887 19 20 21 19.64672 19.4661 21 22 20 20.69612 23 20 21 22.63944 19.76613 22 1 20 22 0.3327514 20 21.86788 0 19.86788 22 0 20 22 1.233874 19.26926 22 3 20 21.38271 3 20 22 2.5 19.50106 22 5 20 21.19301 6 20 22 5.686475 19.5205 22 7 20 21.43479 7 19.98456 22 8 20 21.99027 8 20 22 7.979818 19.72 22 9 19.58626 22 10 20 21.47375 10 19.61001 22 11 19.99885 22 12 20 21.99885 12 20 22 11.9975 20 21.5 13 20 22 14.34667 20 22 15.56875 19.58395 22 17 20 21.40523 17 20 22 16.51556 19.71787 22 18 20 22 17.72769 19.61804 22 19 20 21.35328 20 20 22 20.68443 19.5 22 23 20 21.30388 23 19.98159 23 1 20 22.94212 1 19.5 23 0 20 22.79753 2 20 23 1.068791 19.78542 23 3 20 22.78542 3 20 23 2.481648 20 22.24101 4 19.5 23 5 20 22.49894 5 20 22.31262 6 20 23 5.5 20 22.28138 7 19.33217 23 8 20 22.008 8 20 23 7.5 20 23 8.682923 19.36107 23 10 19.29079 23 11 20 22.4582 11 20 23 10.64647 20 22.0072 12 20 23 11.77373 19.66075 23 13 20 23 12.58129 19.5 23 14 20 22.7106 15 20 23 16.39113 19.26854 23 18 20 23 17.4729 20 22.83401 20 20 23 19.80534 19.59069 23 21 20 22.5 23 20 23 22.28317 20.53324 1 1 20.22859 1 2 21 0.504726 2 21 1 1.517509 21 0.8177484 3 21 1 2.902882 20.49475 0 3 21 0 2.678612 21 0.622815 4 20.5 0 4 20.87558 1 5 21 1 4.809959 20.47657 0 5 20.01099 0 6 20.45901 0 7 21 1 7.650976 20.5 0 8 21 0 7.44671 21 0.3100589 9 21 1 8.349024 20.68994 0 9 21 0.2521632 10 21 1 9.607807 21 0 9.673788 20.45766 1 11 21 0.5 11 20.40494 0 11 21 0.399531 12 20.47466 1 13 21 0 12.39953 20.15949 1 14 20.06489 0 14 20.73943 1 15 21 1 14.74772 21 0 14.3633 20.46294 1 16 20.5 1 17 21 0.3979392 17 21 1 16.31228 20.65258 1 18 21 0.330198 18 21 1 17.65258 20.79211 0 18 21 0 17.71578 21 0.2633543 19 21 1 18.436 21 0 18.51597 20.20362 1 20 21 0.1081911 20 20.42798 0 20 20.5 1 21 21 1 20.5 21 0.7665268 22 21 1 21.76653 20.46087 0 22 21 0 22.67728 20.37767 2 1 21 2 1.853779 21 2 2.165595 20.85127 2 4 21 1.776094 4 21 2 3.775958 20.98564 2 5 21 1.937135 5 21 2 4.948267 20.98928 2 6 21 2 5.771139 21 1.5 7 21 2 6.002821 20.32682 2 8 20.73724 2 9 21 2 8.737238 20.80904 2 10 21 1.732172 10 21 1.755344 11 21 2 11.24466 20.15146 2 13 21 1.599511 13 21 2 12.59951 20.69791 2 14 21 1.803821 14 20.70531 2 15 20.5 2 16 21 1.312285 16 21 2 15.29469 20.45303 2 17 21 1.5 17 21 2 16.5 20.87073 2 18 21 1.901654 18 21 2 17.94512 20.5 2 19 20.54951 2 21 21 1.773152 21 21 1.518052 23 21 2 22.51805 21 2.435709 1 21 2.5 0 20.25695 3 0 20.29628 3 2 20.1326 3 3 21 3 2.584657 21 3 3.978023 20.24642 3 5 21 3 4.015712 21 2.016565 6 20.35695 3 7 21 2.5 7 21 3 6.143801 21 3 7.641849 20.67777 3 9 21 2.432806 9 21 2.266905 10 20.5 3 11 21 3 10.39332 21 3 11.86593 20.63509 3 13 21 3 12.21227 20.35348 3 14 21 2.196179 14 21 3 13.36491 20.3246 3 15 21 2.294689 15 20.41545 3 17 21 2.783165 17 20.44129 3 18 21 2.078741 18 21 3 17.28954 21 3 18.72885 21 2.287217 21 21 3 20.57865 21 3 21.50359 21 3 22.41785 20.90834 4 1 21 4 0.8705063 21 3.59583 0 20.32837 4 0 21 3.480464 3 21 4 4.470221 21 3.623959 7 20.69515 4 8 21 3.85389 8 21 4 7.863239 20.18537 4 9 21 3.318374 9 21 3.393317 10 21 3.622504 11 21 4 10.6225 21 3.134072 12 21 4 11.3775 21 3.539155 13 21 4 12.67064 20.45089 4 14 21 3.677745 14 21 4 13.50809 21 3.857979 15 20.31031 4 16 21 3.5 16 21 3.216835 17 21 3.779848 18 21 4 17.83907 20.46266 4 19 21 3.201755 19 21 4 18.16093 20.5 4 20 21 3.5 20 21 3.421345 21 21 4 20.5 20.41065 4 22 20.5 4 23 21 4 22.37672 21 5 0.4147941 20.58521 5 0 20.71332 5 5 21 4.593835 5 21 5 5.56458 20.5 5 7 20.74469 5 8 21 4.217829 8 20.5 5 9 21 5 8.255313 21 4.738517 10 21 5 9.738517 20.01648 5 11 21 4.824364 11 21 5 10.73265 20.56085 5 13 21 4.55647 13 20.56678 5 14 21 4.508375 14 21 5 13.45984 21 5 14.31498 20.22861 5 16 21 4.5 16 21 5 15.5 21 4.651428 17 20.27772 5 18 20.48607 5 19 21 5 18.52472 20.5 5 20 21 4.5 20 21 5 19.46662 20.32902 5 21 21 4.5 21 21 5 20.5 21 5 21.60697 20.5 5 23 21 4.5 23 20.52451 6 1 21 5.632218 1 20.72102 6 0 20.32642 6 2 21 6 1.705985 21 5.670284 3 21 6 2.329988 21 5.376358 4 21 6 4.707584 20.5 6 6 21 6 5.292416 20.5 6 7 20.03531 6 9 21 6 8.5 21 6 9.5 20.49089 6 11 21 5.114418 11 20.54739 6 12 21 6 11.54739 20.66457 6 13 21 5.573602 13 21 6 12.73969 20.40383 6 14 21 5.314982 14 21 6 13.2254 20.5 6 15 21 6 15.67123 21 5.348572 17 21 6 16.32877 21 6 17.86062 20.96526 6 19 21 6 18.8182 20.5412 6 20 21 5.541205 20 21 5.393027 22 21 6 22.68156 20.53877 7 1 21 6.404599 1 21 6.270583 0 20.24735 7 2 20.96951 7 3 21 6.939901 3 21 6.891354 4 20.5 7 6 21 6.5 6 20.41506 7 7 21 6.5 7 21 6.50103 8 20.13968 7 9 21 6.624921 9 21 7 8.623955 20.5 7 10 21 6.5 11 21 7 10.5 20.00068 7 12 21 6.452612 12 21 7 11.5 20.53321 7 13 20.38208 7 14 21 7 13.46679 21 6.857807 15 21 7 14.85781 20.9231 7 16 21 6.966555 16 21 7 15.90724 20.43753 7 17 21 6.434341 18 20.19512 7 19 21 6.034736 19 21 7 18.17418 21 6.458795 20 21 6.431841 21 20.70019 7 22 21 7 21.41918 20.28058 7 23 21 6.318437 23 20.58703 8 1 20.73921 8 2 21 7.739215 2 21 8 1.666005 21 7.090675 3 21 7.561603 4 21 7.222424 5 20.36593 8 6 21 7.667604 6 20.50758 8 7 21 8 6.339163 21 7.813736 8 21 8 7.809729 20.83586 8 9 21 7.836458 9 21 8 8.660159 21 7.709459 10 20.16873 8 11 21 8 11.9996 20.309 8 13 20.18199 8 14 21 8 13.42187 20.24576 8 15 21 7.188215 15 20.93858 8 16 20.48208 8 17 20.5 8 18 21 7.174183 18 21 8 17.5 20.3524 8 19 21 7.628641 19 21 8 18.62864 21 7.62183 20 21 7.236075 21 20.27465 8 22 20.5 8 23 21 8.412965 1 21 9 0.4054576 20.37339 9 2 21 8.260785 2 21 9 1.5 20.3625 9 3 21 9 2.604649 21 8.5 5 21 9 4.19864 20.40509 9 6 21 9 5.5 20.34047 9 7 21 8.492415 7 20.00309 9 8 21 8.18564 8 21 9 7.5 20.49421 9 9 21 8.105026 9 21 9 8.5 20.85349 9 10 21 8.704643 10 21 9 10.50732 20.0478 9 12 21 8.000608 12 21 9 12.41377 21 9 13.44909 20.62739 9 16 20.04085 9 17 21 8.5 17 21 9 16.37261 20.5 9 19 21 8.371359 19 21 9 19.5 20.39718 9 21 20.1074 9 22 21 8.574372 22 21 9 21.55795 20.34671 9 23 21 8.728371 23 21 9.991776 0 20.99406 10 0 20.5 10 2 21 10 1.5 21 9.603402 3 20.12448 10 4 21 9.41929 4 21 9.83383 5 21 10 4.632718 21 9.853166 6 21 10 5.536592 21 10 6.193255 21 9.5 8 20.94235 10 9 21 9.972555 9 21 10 8.972555 20.58142 10 10 21 9.226696 10 21 9.184534 11 21 10 10.44286 21 9.351358 12 21 9.55584 13 21 10 12.61987 20.70553 10 14 20.21298 10 15 21 9.401023 15 21 10 14.22446 21 9.481753 16 20.07743 10 19 20.13733 10 20 21 9.5 20 21 10 20.7384 20.5 10 22 21 10 21.2616 20.64387 10 23 21 9.730492 23 21 10 22.87905 20.8334 11 2 21 11 1.745716 20.5 11 3 20.4796 11 4 21 10.25557 4 21 11 3.5 21 10.52548 6 20.44901 11 8 21 10.0374 9 21 10.90569 10 20.76503 11 11 21 10.70575 11 21 11 10.16565 21 10.5 12 20.8261 11 13 20.80449 11 14 21 10.55245 14 21 11 13.40963 20.21878 11 15 21 10.5 15 21 11 14.18993 21 10.42873 16 20.25521 11 17 21 10.5 17 21 10.0604 18 21 10.5 19 20.76548 11 20 21 11 19.76548 20.35579 11 21 21 11 20.25993 20.44125 11 22 21 11 21.4659 20.21349 11 23 21 10.24779 23 20.5 12 0 21 11.52482 2 21 11.5 3 20.5 12 5 21 11.5 5 21 12 4.420612 21 12 5.531976 21 11.5 7 21 12 6.468024 21 12 7.585068 21 11.77815 9 21 12 8.773993 20.89136 12 10 21 12 9.629514 21 11.31829 11 20.89575 12 12 21 11.89575 12 20.5961 12 13 21 11.19361 13 20.75601 12 14 21 11.61567 15 20.62953 12 16 21 11.62051 16 21 11.80786 17 21 11.8411 18 21 11.92978 19 21 11.4659 21 20.76177 12 22 21 11.36624 23 21 12 22.30202 20.47016 13 1 21 13 0.5100243 21 12.60736 0 20.34729 13 0 20.8884 13 2 21 12.59031 2 21 13 1.831772 20.92487 13 3 21 12.92487 3 20.5 13 4 21 13 3.07513 21 12.68227 5 21 12.65149 6 21 13 5.497358 20.28032 13 7 21 12.58509 7 21 13 6.398923 20.74982 13 8 21 12.68005 8 21 13 7.680033 20.5 13 9 21 12.10864 10 20.84974 13 11 21 12.89848 11 20.73213 13 12 21 12.24133 12 20.43986 13 13 21 12.47895 13 21 13 13.42433 20.24791 13 15 20.74735 13 16 21 12.60631 16 21 13 15.59291 21 12.19214 17 21 13 17.5 20.53597 13 20 21 12.56161 20 21 13 19.4999 20.27032 13 21 21 13 20.53593 20.5 13 22 21 13 22.64231 20.29388 14 1 21 13.42704 1 21 13.16881 3 21 14 2.714296 20.50085 14 4 21 13.86322 4 21 14 3.716247 21 13.31773 5 20.73932 14 7 21 14 6.523294 20.30603 14 8 21 13.25018 8 20.13248 14 9 21 14 8.528126 21 13.51633 10 21 14 9.488184 21 14 10.48367 20.88982 14 12 20.68368 14 13 20.56719 14 14 21 14 13.34738 21 13.75363 16 20.46376 14 17 21 14 16.09952 20.99617 14 18 21 14 17.99617 20.42842 14 19 21 14 19.99581 21 13.6983 21 20.63455 14 22 21 13.63455 22 21 13.80375 23 21 14 22.809 21 14.45453 1 21 15 0.5 20.00922 15 0 21 14.7604 2 20.17407 15 3 21 14.2857 3 21 15 2.2396 20.56232 15 4 21 14.16915 4 21 15 3.562324 21 15 4.51389 20.40418 15 6 20.59337 15 7 21 14.34721 7 21 14.62387 8 20.1844 15 9 21 14.55183 10 21 14.5 11 21 15 10.43207 21 14.17213 12 20.56601 15 13 21 15 12.21318 21 14.43281 14 20.17289 15 15 21 14.39417 15 20.53227 15 16 21 15 15.46088 21 15 16.38714 21 15 17.60492 21 14.76735 19 21 15 18.68295 20.80234 15 20 21 14.22602 21 21 15 20.19766 21 14.36545 22 21 14.1197 23 21 15 22.5 21 15.7508 1 20.21934 16 0 21 16 1.498011 21 15.5 3 21 15.98401 4 21 16 3.987506 20.96949 16 5 21 15.91327 6 21 16 5.248866 21 15.89019 7 20.72078 16 8 21 16 7.427716 20.63326 16 9 20.15617 16 11 21 16 10.46067 21 16 12.57444 20.70725 16 14 21 15.86406 15 21 16 14.82451 20.5 16 17 21 15.5 17 20.57957 16 18 21 15.66445 18 21 16 17.75198 20.95684 16 19 21 15.873 19 21 16 18.88205 20.33428 16 20 21 15.23129 20 20.3567 16 22 21 15.5 22 21 16 21.19939 20.25498 16 23 21 15.69968 23 21 16 22.69968 21 16.2492 1 21 16.5 0 20.15827 17 2 21 16.48498 2 21 17 1.737854 21 16.72752 3 21 16.04434 4 21 17 3.578676 21 17 4.214264 20.41123 17 6 21 16.08673 6 21 16.2067 7 21 16.44631 9 21 17 8.529881 21 17 9.355038 20.5693 17 11 21 16.443 11 20.8558 17 12 21 17 11.85896 21 17 12.19624 21 16.30774 14 21 17 13.3617 20.93642 17 15 21 16.61534 15 21 17 14.94415 21 16.45844 16 21 16.5 17 21 16.04224 19 21 17 19.5 20.93658 17 21 21 16.5 22 21 16.38413 23 21 17 22.59236 20.68973 18 1 20.68949 18 0 21 17.5663 2 21 17.48736 3 20.44127 18 4 21 17.24067 4 21 18 3.314088 20.61334 18 6 20.44181 18 7 21 17.72248 8 21 18 7.807542 20.52982 18 9 20.22115 18 10 21 18 9.470177 21 18 11.65693 21 18 12.94898 20.18665 18 14 21 18 13.02731 20.98839 18 15 21 17.96118 15 20.39669 18 16 21 18 15.00276 20.60247 18 17 21 17.64012 18 21 18 17.49804 21 18 18.7682 21 17.5 20 21 17.53334 21 20.5 18 22 21 18 21.05594 20.41889 18 23 21 18 22.62673 21 18.48078 1 21 19 0.5787076 20.5 19 2 21 19 1.326963 20.52414 19 4 21 18.48656 4 20.98769 19 5 21 19 4.996374 21 18.74972 6 21 19 5.015456 21 19 6.313648 20.55157 19 8 21 19 7.361617 21 18.55335 9 21 19 8.531613 20.45814 19 10 20.55832 19 11 20.49653 19 12 21 18.65576 12 20.53706 19 13 21 18.12913 13 21 19 12.59146 20.25652 19 15 20.70491 19 16 21 19 15.74997 20.90247 19 18 21 18.83877 18 20.5 19 19 21 18.14504 19 21 19 18.09753 20.50491 19 20 21 18.64753 20 21 19 20.37228 20.5 19 22 21 18.5 22 20.07611 20 1 21 20 0.5 21 19.52971 2 20.04585 20 3 21 19.30734 3 21 20 3.5 20.4173 20 5 21 19.00582 5 20.55219 20 6 21 19.20604 6 21 20 5.410329 20.99873 20 8 21 19.99844 8 20.9818 20 9 21 19.99474 9 21 20 8.250597 20.40699 20 10 21 19.4864 10 21 20 10.5 20.33622 20 13 21 19.15921 13 21 19.68171 14 20.76635 20 15 21 20 14.81619 21 20 15.22621 20.5 20 18 21 20 18.5 20.4284 20 20 21 19.60263 20 21 20 19.73588 21 19.71118 21 21 20 20.49056 20.58079 20 22 21 20 21.36055 21 19.41591 23 21 20 22.39798 21 20.61641 1 21 21 0.008215235 21 20.99487 0 20.99487 21 0 20.8278 21 2 21 20.81017 2 20.45338 21 3 21 20.57225 3 20.5 21 5 21 20.36075 5 21 21 4.213018 21 20.64144 6 21 21 5.68807 21 20.43805 7 21 21 7.499744 20.5 21 9 21 20.00378 9 21 20.5 10 21 20.81189 11 21 21 10.81189 21 20.5 12 20.5 21 13 21 21 12.5 20.84313 21 14 21 20.68754 14 21 21 13.84313 20.84484 21 15 21 20.33423 15 21 21 14.50324 21 20.80484 19 21 20.39896 20 21 21 19.30961 20.21338 21 21 21 20.33095 21 21 21 20.41778 20.43636 21 22 20.30388 21 23 21 21 22.5 20.41612 22 1 21 21.5923 1 21 22 0.7001124 21 21.00513 0 20.13212 22 0 20.5 22 2 21 22 1.299888 20.22048 22 4 21 21.21302 4 21 22 3.5 21 21.69263 5 21 22 4.692627 20.31262 22 6 21 21.71519 7 21 22 6.715402 20.00806 22 8 21 21.5 9 21 22 8.498195 21 21.67257 10 20.03181 22 12 20.6266 22 13 21 21.6266 13 20.4315 22 14 20.59557 22 15 21 22 14.50726 21 21.91276 17 21 22 16.93977 20.21049 22 18 21 21.31573 18 21 22 18.8309 20.61875 22 20 21 22 19.24829 21 21.69729 21 20.72292 22 22 21 22 21.53648 21 22 22.74283 20.01841 23 1 21 22.29989 1 20.72733 23 0 20.20247 23 2 21 22.5 2 21 23 1.5 21 22.65799 3 20.47111 23 4 21 22.5 4 21 23 3.342006 20.7409 23 5 21 22.2846 7 20.5 23 8 21 22.4982 8 20.3521 23 11 20.50414 23 12 21 22.18326 12 21 23 11.86481 20.10973 23 13 21 23 12.14406 20.71498 23 14 21 23 14.38254 20.4729 23 17 21 22.06023 17 21 22.87928 18 20.16599 23 20 21 22.38125 20 20.29012 23 21 21 22.24649 21 21 22.48307 22 21 23 21.76779 21 22.98163 23 21 23 22.99398 21.74554 1 1 22 0.3279671 1 22 1 0.7699664 21.80861 0 0 22 0.1913853 0 22 0 0.6188055 21.75174 1 2 22 0.7877022 2 22 1 1.525729 21.45405 0 2 22 0 1.127248 21.0807 1 3 22 1 2.212298 22 0.8248641 4 22 1 3.824864 21.25679 1 5 21.60845 0 5 22 0 4.60845 21.5 1 6 22 0.5 6 22 0 5.39155 22 1 6.666368 22 1 7.953525 22 0 7.5 22 1 8.023821 21.31006 0 9 22 0 8.5 21.39219 1 10 22 0.5883176 11 22 1 10.64709 22 0.1757732 12 21.52821 1 13 22 0.4081807 13 22 1 12.47555 22 0 12.21898 21.5 1 14 22 0.5 14 21.65168 1 15 22 1 14.84722 21.4973 0 15 21.31228 1 16 21.5 0 16 21.5 1 17 22 1 16.5 22 0 16.5 21.61393 1 18 22 0.749187 18 22 1 17.74919 21.20789 0 18 21.63536 1 19 22 1 18.45859 22 0.4600571 20 22 1 19.28327 22 1 20.95491 21.83424 1 22 22 0.8714106 22 21.70916 0 22 22 0 21.05997 22 0.8394567 23 22 1 22.24038 21.32272 0 23 22 0 22.29084 22 1.311883 1 22 2 0.1859966 22 1.8691 0 21.8691 2 0 22 1.261637 2 22 2 1.464276 22 1.5 3 22 2 2.432011 21.29664 2 4 21.03339 2 5 22 1.598461 5 22 2 4.600223 22 1.5 6 22 1.503447 7 22 2 6.669426 21.5 2 8 22 1.023821 8 22 2 7.330574 21.75742 2 9 22 1.897547 9 22 2 8.897547 21.19096 2 10 22 1.5 10 21.72268 2 11 21.78614 2 12 22 1.748571 12 22 2 11.31361 21.47302 2 13 22 1.545492 13 22 2 12.26768 22 2 13.47178 22 1.152782 15 22 2 15.94344 21.74318 2 17 22 1.74318 17 22 1.469874 19 21.41039 2 20 22 1.5 20 22 2 19.3084 22 1.178246 21 22 2 20.82124 22 1.116826 22 22 1.160543 23 22 2 22.31389 22 2.454106 1 21.769 3 2 22 2.716874 2 22 3 1.725112 21.60873 3 3 22 2.686522 3 22 3 2.396816 22 2.292925 4 21.5 3 5 22 2.998859 6 22 3 5.998859 22 2.619435 7 22 3 6.003749 22 2.846217 8 22 3 7.625391 21.92296 3 10 22 2.948665 10 22 3 9.846831 21.61444 3 11 22 3 10.07939 22 2.363201 12 21.36491 3 13 21.84149 3 14 22 3 13.84149 22 2.501295 15 22 3 14.15921 21.21683 3 17 22 2.25682 17 22 3 16.5 22 2.480657 18 21.58594 3 19 22 2.714013 19 21.76915 3 20 22 2.374816 21 21.7005 3 22 22 2.59853 22 21.87243 4 0 21.90829 4 2 22 4 1.973407 22 4 2.294316 21.34277 4 4 22 3.5 4 22 4 3.061477 22 3.972775 5 22 3.367013 7 21.09145 4 8 22 3.993695 9 22 4 8.998003 21.5 4 10 22 3.051335 10 22 4 9.001895 22 3.322933 12 22 4 11.22699 22 4 12.97136 22 4 13.0427 21.36451 4 15 22 4 14.69612 22 3.5 16 22 4 15.22395 21.43354 4 18 21.5 4 20 22 3.230852 20 22 4 19.5 22 3.266368 21 22 3.234816 22 21.5 4 23 22 3.315539 23 22 5 0.9078859 22 4.114245 0 21.83639 5 2 22 5 1.371637 22 5 2.116545 21.86262 5 4 22 5 3.912315 21.34502 5 5 21.5 5 7 22 4.343511 7 22 5 6.5 21.66107 5 8 22 4.843672 8 21.5 5 9 22 4.001895 9 22 5 8.149499 21.11442 5 11 21.30715 5 12 22 4.5 12 22 4.02864 13 22 5 12.5 22 4.567352 14 22 5 13.66484 21.6494 5 15 21.79535 5 16 22 5 15.67722 21.64697 5 17 22 4.550673 18 22 5 17.58813 22 5 18.7766 22 5 19.13303 21.5 5 21 21.39303 5 22 22 4.5 22 22 5 21.5 22 5 22.5 22 5.078509 1 21.75502 6 2 22 5.949364 3 21.29242 6 5 21.7258 6 6 22 5.725802 6 22 6 5.725802 22 5.5 7 22 6 6.274198 21.66694 6 8 22 6 7.666941 21.51372 6 9 22 6 8.345365 21.88797 6 10 22 5.887969 10 22 6 9.88239 22 6 10.87398 22 5.85765 12 22 6 11.09878 21.98342 6 13 22 5.335157 14 21.59513 6 15 22 6 14.59513 22 5.571177 16 21.5 6 17 22 5.225997 17 21.25518 6 19 22 5.358979 19 21.70426 6 20 21.33549 6 21 21.5 6 22 22 5.5 22 21.31844 6 23 22 5.5 23 22 6 22.5 22 6.478018 1 22 6.509194 0 22 6.377053 2 21.0532 7 3 22 7 2.188328 22 6.145131 4 22 7 3.832749 21.22242 7 5 22 7 4.101058 21.82724 7 6 22 6.643996 6 21.5 7 7 21.78933 7 8 22 6.65263 8 22 6.149393 10 21.5 7 11 21.5 7 12 22 7 11.5 22 6.149443 13 22 7 12.97284 21.52514 7 14 22 6.525136 14 21.28002 7 15 22 6.614812 15 22 7 14.67965 21.02926 7 16 22 7 15.43119 22 6.827806 17 22 7 16.72994 22 6.360054 18 21.5 7 19 22 6.095049 19 22 7 19.64512 22 6.865972 22 22 7 21.86597 21.69585 8 1 22 7.764827 1 22 8 0.7648265 21.64516 8 2 22 8 1.613112 21.23979 8 3 22 7.358866 3 22 7.101058 4 22 8 3.5 21.65782 8 5 22 7.657824 5 22 8 4.657824 21.63244 8 6 22 7.419189 6 21.49242 8 7 22 8 6.224423 21.18564 8 8 22 7.209987 8 22 8 7.5 22 7.839307 9 22 7.480245 10 22 7.5 11 21.00033 8 12 21.42187 8 13 22 7.027162 13 21.5 8 14 22 8 13.5 22 8 14.58387 21.06096 8 16 22 8 15.41613 21.70975 8 17 22 7.337153 17 22 7.597763 18 21.37136 8 19 22 7.5 19 21.37817 8 20 21.51414 8 21 21.5 8 22 22 7.134028 22 22 8 22.5 21.5 9 1 22 8.235173 1 21.61217 9 3 21.40054 9 4 22 8.729402 4 21.5 9 5 22 8.342176 5 22 9 4.270598 22 8.88237 6 21.64748 9 7 22 8.647481 7 22 9 6.066164 21.56343 9 8 22 8.563429 8 22 9 7.41268 21.52893 9 9 22 9 8.465246 22 8.574581 10 22 9 9.607413 21.33099 9 11 22 8.747977 11 21.99797 9 12 22 8.998897 12 21.43421 9 13 22 9 12.0011 22 8.807067 14 21.40102 9 15 22 8.416135 15 22 9 14.19293 22 8.723108 16 22 9 15.72311 22 9 16.28728 21.11179 9 18 22 8.341923 18 22 9 17.48717 21.82573 9 19 22 8.825726 19 22 8.546632 20 22 8.722791 21 21.42563 9 22 22 8.5 22 22 8.5 23 22 9 22.5 21.5 10 1 21.00562 10 0 21.5 10 2 22 9.283277 2 22 10 1.5 22 10 2.5 21.425 10 4 22 9.444047 4 22 10 3.682836 22 9.168027 6 22 10 5.839629 21.41808 10 7 21.5 10 8 22 9.436571 8 22 9.365332 10 22 10 10.7374 22 10 12.3947 21.22446 10 14 22 9.192933 14 22 10 13.49259 21.5 10 15 22 9.5 15 22 10 14.5 22 9.389998 16 22 10 15.62542 21.5 10 17 22 9.487173 17 22 10 16.37458 22 9.5 18 22 10 17.5 21.62478 10 19 22 10 18.62478 21.72001 10 20 21.66341 10 22 21.17469 10 23 22 10 22.43837 22 10.88745 1 22 10.59324 0 21.27487 11 2 22 11 2.345273 22 11 3.5 21.51004 11 5 22 10.51004 5 22 11 4.510038 21.13451 11 6 21.55999 11 7 21.80173 11 8 22 10.91708 9 22 11 8.762659 22 10.5 10 21.23951 11 11 22 10.38765 12 22 11 11.49373 22 11 13.5 22 11 14.77147 21.45984 11 16 22 11 15.22853 21.96133 11 17 22 10.96133 17 21.46516 11 18 21.5 11 19 22 10.37522 19 21.33509 11 20 22 11 19.62191 21.81536 11 21 22 10.30377 21 22 11 20.75476 22 10.33659 22 22 12 0.6612964 22 11.40676 0 21.5 12 0 21.32187 12 2 22 11.58036 2 22 12 1.57323 22 11.5 3 22 12 2.276055 21.48116 12 4 22 11.56092 4 22 12 3.560918 21.5 12 5 22 11.48996 5 22 12 4.439082 22 11.5 6 22 12 6.774457 22 11.12632 8 22 12 7.225543 22 11.04306 9 22 12 8.5 22 12 9.691109 21.20275 12 12 22 12 11.68603 21.4039 12 13 22 12 13.79071 22 11.22853 15 21.14112 12 18 22 11.5 18 22 12 17.5 22 12 18.5 21.5 12 20 22 12 19.5 22 12 20.5 21.62039 12 22 22 11.83938 22 22 12 21.83938 22 11.0515 23 21.52244 13 1 22 12.47429 1 22 13 0.5469571 22 12.59333 0 21.48539 13 0 21.1338 13 2 22 12.31922 2 22 13 1.411106 21.07513 13 3 21.63829 13 4 22 13 3.638285 21.31773 13 5 22 12.5 5 21.32002 13 6 22 13 5.5 21.41491 13 7 22 13 6.5 22 12.63525 8 21.5 13 9 22 12.5 9 22 13 8.364748 21.62544 13 10 22 12.85148 11 22 13 10.77444 21.75042 13 12 22 12.78996 12 22 13 11.58905 22 13 12.10849 21.5 13 14 22 12.20929 14 22 13 14.54561 21.27195 13 16 21.92428 13 17 22 12.5 18 21.63833 13 20 22 12.69336 20 21.5 13 22 22 13 21.312 21.6638 13 23 22 12.78 23 22 13 22.78 21.7389 14 1 22 13.65847 1 22 14 0.7725252 22 13.40667 0 21.5 14 2 21.53384 14 3 22 13.74114 3 22 14 2.741138 21.83272 14 5 22 13.83272 5 22 14 4.832717 22 13.67235 6 22 14 5.2919 22 13.69881 7 22 14 6.530663 22 13.9604 8 22 13.5 9 22 14 8.02313 21.48367 14 10 22 13.37456 10 22 13.10849 12 21.28885 14 13 22 13.5 13 22 14 12.5 22 13.5 14 21.38789 14 16 22 13.83843 16 22 14 15.8515 22 13.07572 17 22 14 17.5 21.00419 14 20 21.40713 14 21 21.60319 14 22 22 13.72523 22 21.34373 14 23 22 13.5207 23 22 14 22.59339 21.5 15 1 22 14.22747 1 22 15 0.3521091 22 14.64789 0 21.64789 15 0 21.2396 15 2 22 14.5 2 21.6446 15 3 22 14.38781 3 22 15 2.644595 22 14.5 4 22 14.26027 5 22 15 4.636556 21.5 15 6 22 14.32765 6 22 15 5.363444 22 14.30119 7 22 15 6.5 22 14.03849 8 21.5 15 11 22 14.5 12 22 15 11.5 22 14.9175 13 22 15 12.9175 21.74971 15 14 22 15 13.21218 21.38202 15 15 21.89714 15 16 22 15 15.92344 21.5 15 17 22 14.5 17 22 15 16.06753 22 14.4825 19 22 15 18.00037 22 14.5 20 21.97076 15 21 22 14.93384 21 21.64147 15 22 22 14.40401 22 21.81396 15 23 22 14.53181 23 22 15 22.70976 22 16 0.9100711 21.5 16 0 21.64352 16 2 21.5 16 3 22 15.3554 3 22 15.67387 4 21.20528 16 6 22 15.73118 6 21.07559 16 7 21.33948 16 10 22 15.47993 10 22 16 9.431278 21.37567 16 11 22 16 10.5 21.59406 16 12 22 15.69838 12 22 15.25029 14 22 16 14.5 22 15.18089 16 21.5 16 17 22 15.5 17 22 16 16.24696 21.24802 16 18 22 16 17.5 21.24501 16 19 22 16 18.88035 21.48603 16 20 21.43968 16 21 21.77199 16 22 22 15.65427 22 22 16 21.51797 21.30032 16 23 22 15.18604 23 22 16 22.22801 21.5 17 1 22 16.73227 0 21.73227 17 0 21.53657 17 2 22 16.37655 2 22 17 1.765198 21.27248 17 3 22 16.5 3 22 16.36284 4 22 17 4.674669 21.3523 17 7 22 16.63411 7 22 17 6.422008 22 17 7.365887 22 16.98417 9 22 17 8.987949 21.5 17 10 22 17 10.85156 21.12697 17 12 21.56681 17 13 22 16.34421 13 22 17 12.68718 22 16.58141 14 21.29316 17 15 21.46096 17 16 21.53925 17 17 22 16.53925 17 21.5 17 18 22 17 18.5 21.51901 17 20 22 16.2596 21 22 17 20.50588 21.68031 17 23 22 16.75564 23 21.59599 18 1 22 18 0.7451383 22 17.29083 0 22 18 1.760283 21.62885 18 4 21.30427 18 5 22 17.29068 5 22 18 5.5 22 17.36589 7 21.21247 18 8 22 18 8.469038 22 17.50585 10 22 18 9.505854 21.5 18 11 22 17.14844 11 22 18 10.49415 21.35713 18 12 22 18 11.51544 22 17.29125 13 22 18 13.48619 21.63463 18 16 22 17.46075 17 22 18 16.30849 22 18 17.5 21.14504 18 19 22 17.5 19 21.72418 18 20 22 17.70873 20 22 17.72402 21 22 18 20.52468 22 18 21.686 22 17.24436 23 22 18 22.13639 22 18.47132 0 21.40024 19 0 21.5 19 2 22 18.08771 2 22 19 2.5 22 18.56009 5 22 19 4.528146 22 18.5 6 22 19 5.439906 22 19 6.742191 22 18.71967 8 22 19 7.502365 21.41736 19 9 21.74659 19 10 22 18.75241 10 21.44168 19 11 22 19 11.5 21.15921 19 13 22 19 13.5 21.45241 19 16 21.23517 19 17 22 18.5 17 21.09753 19 18 21.52924 19 19 22 18.52924 19 22 19 18.52924 22 19 19.47076 21.6145 19 21 22 18.3747 21 21.5 19 22 21.48031 19 23 22 18.56482 23 22 20 0.5 22 19.5 0 21.55804 20 3 22 20 2.134618 21.61866 20 4 22 19.58784 4 22 20 3.562338 22 19.43991 5 22 20 4.381337 22 19.76577 6 22 20 5.765771 21.4378 20 7 22 19.25781 7 22 20 6.234229 21.00127 20 8 21.5 20 10 22 19.24325 10 22 20 9.259676 21.58278 20 11 22 20 10.58278 22 20 11.87192 21.58106 20 13 22 19.58106 13 22 20 12.12729 22 19.5 14 22 20 13.41894 22 20 14.5 21.23976 20 16 22 19.71509 17 22 20 16.71509 21.5 20 18 22 20 17.28491 22 19.66182 19 21.34906 20 20 21.27153 20 21 22 19.3654 21 22 20 20.40096 22 19.5 22 21.5 20 23 22 19.43518 23 21.38359 21 1 22 20.5 0 22 20.10969 2 22 21 1.5 21.71708 21 3 22 20.72866 3 22 21 2.772253 22 20.4308 4 22 21 3.265851 22 20.75478 5 22 21 4.71483 21.99514 21 6 21.49974 21 7 22 20.5 7 21.89538 21 8 22 21 7.895384 22 20.25968 9 22 21 8.104616 21.94053 21 10 22 20.94053 10 22 21 9.94053 21.74196 21 12 22 21 11.74196 21.5 21 13 22 21 12.25804 22 20.64356 14 21.15516 21 15 21.91728 21 16 22 21 16.25949 22 20.56102 18 22 20.5207 19 22 21 19.88111 21.59757 21 21 22 20.66337 21 22 21 21.33663 21.5 21 23 21.29989 22 1 22 21.5 1 22 21.99678 0 21.5 22 2 22 21.5 2 22 22 1.5 22 21.22775 3 22 22 2.5 21.68395 22 4 21.80958 22 5 22 22 4.81574 21.53555 22 6 21.4982 22 8 22 22 7.5 22 21.65783 9 21.32743 22 10 22 21.05947 10 22 22 9.342173 21.19158 22 11 22 21.56499 11 21.03389 22 12 22 22 12.5 21.41144 22 14 22 21.35644 14 22 22 13.5 22 21.6188 15 22 21.08272 16 21.06023 22 17 21.97135 22 18 21.31645 22 19 22 21.48764 19 22 22 18.06287 21.38125 22 20 22 21.05344 20 22 22 19.30536 22 22 20.58102 21.36909 22 22 22 21.67425 22 22 21.60081 23 22 23 0.9638027 22 22.00701 0 21.45026 23 0 22 23 1.982744 22 22.5 3 22 23 3.749589 22 22.09451 5 21.21662 23 6 22 23 5.895655 21.53994 23 7 22 23 7.460056 21.22326 23 9 22 22.34217 9 22 23 8.5 21.43912 23 10 22 22.43531 11 22 23 10.50031 21.13519 23 12 22 22.5 12 22 22.5 14 21.47795 23 15 22 22.46709 15 21.52396 23 16 22 22.67245 16 21.5 23 17 22 22.5 17 21.12072 23 18 22 22.02865 18 22 22.30536 19 22 23 18.5 21.52643 23 20 22 22.52643 20 22 23 19.52643 21.7246 23 21 21.54917 23 22 22 22.66054 22 22 23 21.60486 22 22.51691 23 23 1 0.6661645 23 0.5866015 0 22.35392 0 1 23 1 1.620204 22.5 0 2 23 0 1.210212 23 0.140931 3 23 1 2.177813 22.85907 0 3 23 1 3.555584 22.5 0 4 22.32265 1 5 23 0.2183187 5 23 1 4.480924 23 0.02306672 6 23 1 5.463336 23 0 5.910814 23 0.5 7 23 1 6.5 22.5 0 7 23 0 6.023067 22.25299 1 8 23 0.6081794 8 22.57511 1 9 23 1 8.088862 22.65586 0 9 22.74083 1 10 22.29972 0 10 22.35291 1 11 23 0.05682786 11 23 1 10.25917 22.92824 0 11 23 1 11.57076 22.26074 0 12 23 1 12.42924 22.5318 0 13 23 0 12.47449 22.78098 1 14 23 1 13.78098 23 0 13.54647 22.5 1 17 23 0.4350096 17 23 0 16.5414 22.4778 1 18 23 1 17.73212 23 0.1008816 19 22.87814 0 19 23 0 18.66892 23 1 19.62717 22.46006 0 20 23 0.6053486 21 23 1 20.54741 22.04105 0 21 22.05706 1 22 23 0.3675857 22 23 1 21.28489 22.41369 0 22 23 0 21.51251 22.16054 1 23 23 0.1733412 23 23 1 22.5 22.82666 0 23 23 0 22.73488 23 1.526105 1 22.15827 2 0 22.43201 2 2 22.61011 2 3 23 2 2.610111 22.29292 2 4 23 1.444416 4 22.28971 2 5 23 1.560676 5 23 2 4.596481 23 1.5 6 23 2 5.403519 22.33057 2 7 23 2 8.537431 23 1.5 11 22.21386 2 12 23 1.54144 13 22.8839 2 14 23 1.5 15 23 2 14.09865 23 2 15.5 22.25682 2 17 23 1.5 17 23 2 16.5 23 1.353387 18 23 2 17.59898 23 1.978089 19 22.5 2 20 22.17876 2 21 23 2 20.5 22.31389 2 22 23 1.5 22 22.82577 2 23 23 1.825767 23 23 2 22.82577 22.56427 3 1 23 3 0.3015891 23 2.751952 0 22.60862 3 3 23 2.685175 3 22.67241 3 4 23 2.67241 4 22.5 3 5 23 2.869404 6 23 3 6.233799 22.22337 3 8 23 3 8.462758 23 2.336118 10 23 3 9.423143 23 3 10.5 22.15851 3 14 23 2.5 15 23 3 16.10403 23 2.576362 18 23 2.069199 19 22.28818 3 20 23 3 19.24781 23 3 20.57573 22.26915 3 22 23 2.545465 22 23 3 21.396 22.682 3 23 23 3.472269 1 22.03316 4 2 23 3.556629 2 22.06148 4 3 23 4 2.443371 22.99817 4 6 23 3.987938 6 23 4 5.998169 22.34351 4 7 22.49877 4 8 23 3.500577 9 22.72698 4 10 22.23227 4 11 23 3.507455 11 23 3.064429 12 23 4 12.5 23 3.658159 14 23 4 13.65816 22.25454 4 15 23 3.541968 15 22.58519 4 16 23 4 15.54385 22.14904 4 17 23 3.463347 17 23 4 17.90703 22.5 4 20 23 3.42574 20 22.58896 4 21 23 4 21.41104 22.5 4 23 23 3.176927 23 23 4 22.5 23 5 0.6131662 23 4.884668 0 22.15826 5 2 22.76854 5 3 23 5 2.699682 22.08769 5 4 23 4.444296 4 23 5 3.231457 23 5 4.5 22.5 5 6 23 5 5.5 22.1495 5 8 23 4.488052 8 23 5 7.5 23 4.537593 9 23 4.409881 10 22.92002 5 11 23 5 10.86149 22.5 5 12 23 4.796395 13 22.72132 5 14 22.46136 5 15 23 4.667062 16 22.29001 5 17 23 5 16.33108 22.23642 5 18 23 5 17.51978 23 4.5 20 23 5 19.4516 23 4.75242 21 23 4.5 22 23 5 21.18676 22.60008 5 23 23 5.064943 1 22.12857 6 2 23 6 1.6524 22.1293 6 3 23 5.456066 3 22.01873 6 4 22.77123 6 5 23 5.771235 5 23 5.5 7 23 6 6.5 23 5.5 8 23 6 7.5 22.53758 6 9 23 5.436013 9 22.11203 6 10 23 6 9.448807 23 5.121553 11 22.17376 6 12 23 5.558902 12 23 6 12.4411 22.50132 6 15 23 5.653495 16 23 6 15.78296 22.84877 6 17 23 5.800472 17 23 6 16.51287 22.30286 6 18 22.19779 6 19 22.35936 6 20 23 5.611757 20 22.31752 6 21 23 5.186758 21 23 5.736987 22 23 6 21.73699 23 6 22.26301 22.60378 7 1 22.49984 7 0 23 7 1.441927 22.37927 7 3 22.31445 7 4 23 6.803154 4 23 7 3.788927 22.81914 7 5 23 7 4.526082 23 6.650842 6 23 7 5.291563 23 6.574615 8 22.5 7 9 23 7 8.425385 23 7 9.977621 23 6.441098 12 23 7 11.5 23 6.764818 13 23 7 12.76482 23 6.723507 14 23 7 14.22477 23 7 15.47476 22.17219 7 17 23 6.15123 17 23 7 17.5 22.94095 7 19 23 6.871588 19 23 7 18.94095 23 6.407559 20 23 6.5 21 23 6.263013 22 23 7 21.5 22.68224 7 23 23 6.682237 23 23 7 22.68224 23 8 0.3538773 23 7.63782 0 23 8 1.671847 22.685 8 3 23 7.665788 3 23 8 2.51507 23 8 4.468172 23 7.533834 6 22.68125 8 7 23 7.68125 7 23 7.425385 8 23 7.022379 10 22.51651 8 11 23 8 10.51651 22.5 8 12 23 7.5 12 23 7.447338 13 23 8 12.72469 22.81031 8 14 23 7.518174 14 22.64896 8 15 23 7.692515 15 23 8 14.37779 22.77664 8 16 23 7.769603 16 23 8 15.57276 23 8 16.25367 23 7.505248 18 23 7.5 22 22.5 8 23 23 8.839296 1 23 9 0.8392957 23 8.353877 0 22.02549 9 0 22.28328 9 2 23 8.328153 2 23 9 1.160704 23 8.314999 3 23 9 2.5 22.2706 9 4 23 9 3.5 22.5 9 5 23 9 4.5 22.03714 9 6 22.6698 9 8 22.51318 9 10 23 9 10.35319 22.01157 9 12 23 8.913784 12 23 9 11.91378 22.78816 9 13 23 8.585651 13 23 9 12.25983 23 9 13.21184 23 9 14.94933 22.33326 9 16 23 8.272938 16 23 8.873136 18 23 9 17.84452 23 8.386973 19 22.45337 9 20 23 9 19.37025 23 8.485146 21 23 9 20.78618 22.79853 9 22 23 9 21.51876 22.57449 10 1 23 9.205412 1 23 10 0.5346573 23 9.540248 0 22.71789 10 2 23 9.71789 2 23 10 1.653357 22.34273 10 4 23 9.528893 4 23 9.935703 5 23 10 4.928381 23 10 5.19143 23 10 10.03049 22.99753 10 12 23 10 11.99843 22.49259 10 13 23 10 12.00157 22.60901 10 14 23 10 13.60901 22.74574 10 15 23 10 14.65314 22.86121 10 16 23 9.888104 16 23 10 15.77936 23 9.43593 17 23 9.124557 18 23 10 17.5 22.55925 10 19 23 9.553996 19 23 9.944131 20 23 10 19.88887 22.07935 10 21 23 9.21382 21 23 10 20.05587 23 9.201473 22 23 10 21.5 22.6661 10 23 23 9.651638 23 23 10.45975 0 22.81455 11 2 23 11 1.759151 23 10.47111 4 23 11 3.433479 23 10.07873 5 23 11 4.554313 22.14698 11 8 23 10.37251 8 23 11 7.374362 22.16068 11 9 23 11 8.781187 23 10.03049 10 23 11 9.190308 22.81619 11 12 23 10.00693 12 22.5 11 13 23 10.4287 14 22.388 11 15 22.65971 11 16 23 11 15.47529 23 10.72608 17 23 11 16.57757 22.5 11 18 23 10.5 18 23 11 17.27392 22.8185 11 19 23 10.68098 19 22.37809 11 20 23 10.05587 20 23 11 19.1815 22.58518 11 22 23 11 21.40868 23 10.6038 23 23 11 22.76827 22.3387 12 1 23 11.27454 1 23 11.65997 0 22.27605 12 2 23 11.10719 2 23 12 1.5 22.50783 12 3 23 12 2.507828 22.86865 12 4 23 12 3.891165 22.5 12 5 23 12 4.105835 23 11.71117 6 23 12 5.717287 23 12 6.492773 23 12 7.480416 22.88416 12 9 23 11.64208 9 22.83078 12 10 23 11.91656 10 23 12 9.590022 22.66865 12 11 23 11.66865 11 23 11.45842 12 23 11.5 13 23 12 13.5 23 11.34029 16 22.60238 12 18 23 11.60238 18 23 11.93278 19 22.52631 12 20 22.16062 12 22 23 11.41482 22 23 11.17615 23 23 12 22.5 22.52226 13 0 22.64312 13 2 23 12.68905 2 23 12.49217 3 23 13 2.310948 22.36171 13 4 22.5 13 5 23 12.5 5 22.5 13 6 23 12.28271 6 23 13 5.5 22.53679 13 7 23 12.3198 7 23 13 6.536795 22.36475 13 8 22.70039 13 9 23 12.23447 9 23 13 8.700389 23 12.45191 10 23 13 9.794839 22.14852 13 11 23 12.33135 11 22.10849 13 12 23 13 11.5 22.6884 13 13 23 12.6884 13 23 13 12.6884 22.77221 13 14 22.61279 13 15 23 12.23716 15 23 13 14.35921 22.47508 13 16 23 12.5 16 23 13 16.5 22.52316 13 19 23 12.02309 19 23 13 18.25118 23 13 19.70744 23 12.5 22 23 13 21.30971 23 12.5 23 23 13 22.5 23 13.68082 1 23 13.4316 0 22.54773 14 0 23 13.59721 2 23 13.98241 3 23 14 2.944434 23 13.64492 4 22.16728 14 5 23 13.5 5 22.35602 14 6 23 13.53149 6 23 14 5.531493 22.02313 14 8 23 13.5 8 23 14 7.065376 22.77168 14 9 23 13.59114 9 23 14 8.771684 22.5 14 10 23 13.74234 11 23 14 10.74234 22.52681 14 12 23 13.52681 12 23 14 11.27872 22.5 14 13 23 13.3116 13 23 14 12.47319 23 14 13.5 22.5 14 15 23 14 14.5 22.50142 14 17 23 14 16.11848 23 13.51413 19 22.80755 14 20 23 13.53987 20 23 14 19.72836 22.80118 14 21 23 13.80958 21 22.76391 14 22 23 13.5 23 22.76315 15 1 22.58443 15 2 22.64991 15 3 23 15 2.705373 23 14.93132 4 23 15 3.87974 22.36344 15 5 23 14.5 5 22.78902 15 7 23 15 7.284789 22.86947 15 9 23 15 8.839711 22.47993 15 10 23 15 10.88988 23 15 11.39407 23 15 12.47929 23 15 13.1713 23 14.5459 15 22.06753 15 16 23 14.11789 16 22.83875 15 17 23 14.83798 17 23 15 16.83875 23 15 17.72918 22.49484 15 19 23 15 19.5 22.03734 15 21 23 14.11964 21 23 15 20.56288 22.35853 15 22 23 14.10482 22 22.18604 15 23 23 15 22.5 23 15.23685 1 23 16 0.5 22.27911 16 2 23 16 1.676285 23 16 2.835878 23 15.03902 4 23 15.5 5 23 15.37192 6 22.5 16 7 23 16 6.332799 22.6536 16 8 23 15.56124 8 22.43128 16 9 22.70407 16 10 23 15.70407 10 23 16 9.70407 23 15.33465 12 22.52633 16 13 23 15.52951 13 23 16 12.67316 22.76868 16 14 22.52008 16 16 23 15.76768 16 23 16 15.76768 23 16 17.99703 23 15.5 19 23 16 18.00114 23 15.43712 21 22.37548 16 22 23 15.67058 22 22.93821 16 23 23 15.93821 23 23 16 22.88177 23 17 0.568517 22.26773 17 0 22.6538 17 2 23 16.74657 2 23 16.08591 3 23 17 2.139773 22.45941 17 4 23 17 3.5 22.93561 17 6 23 16.94506 6 23 17 5.971822 23 16.34425 8 23 17 7.080685 22.91075 17 9 23 16.99881 9 23 16.29593 10 23 17 9.001194 23 17 10.5 22.94309 17 12 23 16.88009 12 23 17 11.95098 22.27998 17 13 23 16.15517 13 23 17 12.04902 22.41859 17 14 23 16.23132 14 22.11352 17 15 23 16.5 15 22.50097 17 16 23 16.31253 17 23 17 16.54113 23 17 18.21274 23 16.51362 21 23 17 20.51362 22.40868 17 22 23 17 21.48638 22.24436 17 23 23 16.06179 23 23 18 0.6729933 23 17.14815 2 23 18 1.342135 22.19557 18 3 23 17.5 3 23 18 2.483017 22.33677 18 4 23 17.6322 5 23 18 4.632205 23 17.03542 6 23 18 5.424249 23 17.08928 7 22.46904 18 8 23 17.5 8 23 18 7.472359 22.5649 18 9 23 18 8.564896 22.49415 18 10 23 18 9.435104 23 17.5 11 23 17.16281 12 23 18 11.79049 22.48619 18 13 23 17.5 13 23 18 12.20951 23 17.5 14 23 17.57276 15 22.68453 18 16 23 18 15.78393 23 17.86325 17 23 18 17.11801 22.5 18 19 23 18 18.5 22.27582 18 20 22.66632 18 21 23 18 20.85267 23 17.67301 22 22.5 18 23 23 17.5 23 23 19 0.4963996 22.6373 19 0 23 18.96366 2 22.99583 19 3 23 18.7581 4 23 19 3.012957 22.43991 19 5 22.90131 19 6 23 19 5.901308 22.256 19 8 23 18.5 8 22.5 19 9 23 19 9.85906 22.51608 19 12 23 18.22037 12 22.5 19 13 22.30605 19 15 23 18.42724 15 23 19 14.5 22.30505 19 16 22.5 19 17 23 19 17.66605 23 19 18.33395 22.78526 19 20 22.47705 19 21 23 18.21491 21 23 19 21.42085 22.43518 19 23 23 18.5 23 23 19 22.46485 22.5039 20 1 23 19.36966 1 23 20 1.739322 23 19.02375 3 23 20 2.66845 23 19.2419 4 23 20 3.146889 23 20 4.839518 23 20 5.160482 23 19.5 7 23 20 6.5 23 19.88106 8 23 19.53074 9 22.54557 20 10 22.41722 20 11 23 19.32051 11 23 20 10.45443 22.29249 20 12 23 20 11.79721 22.41894 20 13 23 19.5 13 23 20 12.20279 22.506 20 14 23 20 13.506 22.69565 20 15 23 20 14.69054 22.945 20 16 22.6998 20 18 23 19.53891 18 23 19.5 19 23 20 18.3002 23 19.37458 20 23 20 20.32535 22.5 20 22 23 20 21.48633 23 20 22.5 23 20.76665 1 23 20.27479 0 23 20.25769 2 23 21 1.230578 23 20.37925 3 23 21 2.780142 23 20.98554 4 23 21 3.950517 23 20.16048 5 23 21 4.014459 23 20.5 7 23 21 7.5 23 20.46926 9 23 21 8.5 22.46739 21 10 23 20.92038 10 22.77718 21 11 23 20.34459 12 22.69736 21 13 22.6822 21 14 23 20.79096 14 23 20.30435 15 23 21 14.20509 23 20.09169 16 23 21 16.4684 22.29498 21 19 23 21 18.07396 22.05344 21 20 23 20.31346 20 23 21 19.5 23 20.87218 21 23 21 20.87816 23 20.5 22 23 21 21.12184 22.5 21 23 23 20.5 23 23 21 22.5 22.5 22 1 22.01965 22 0 23 21.5 2 23 21.25418 3 23 22 2.547375 22.34091 22 4 23 21.01616 4 23 22 3.480677 22.66163 22 6 23 21.29411 6 23 22 5.317425 22.5 22 7 23 21.5 7 22.5 22 8 23 21.5 8 23 22 7.5 22.57308 22 9 22.43501 22 11 23 21.22282 11 23 22 10.4567 23 22 11.94605 22.5 22 13 22.93315 22 14 23 21.78269 14 23 22 13.93315 23 21.55104 15 23 22 14.08082 23 21.71458 16 22.46925 22 19 23 21.66791 19 23 22 20.99416 23 21.5 22 22.39919 22 23 23 21.5 23 23 22 22.5 23 22.65862 1 23 23 0.01436826 22.0003 23 2 23 22.5 2 23 22.864 3 23 23 2.884829 23 22.47184 4 23 23 3.115171 23 22.34227 5 23 22.30725 6 23 23 5.283857 23 22.69738 7 23 22.58703 8 23 23 7.381514 22.5 23 9 23 22.27927 9 22.58148 23 10 23 22.53873 10 22.49969 23 11 23 22.5 11 23 23 10.41852 23 22.13249 12 23 23 11.7281 22.48038 23 13 23 23 12.2719 23 23 13.7638 23 22.53398 15 23 22.18719 16 22.5 23 17 23 23 16.5 22.60634 23 18 22.6141 23 20 22.40709 23 21 23 22.00204 21 22.1989 23 22 23 23 21.35631 22.38308 23 23 23 22.5 23</float_array>
          <technique_common>
            <accessor count="20000" source="#verts-array-array" stride="3">
              <param type="float" name="X" />
              <param type="float" name="Y" />
              <param type="float" name="Z" />
            </accessor>
          </technique_common>
        </source>
        <vertices id="verts-array-vertices">
          <input semantic="POSITION" source="#verts-array" />
        </vertices>
        <triangles count="39166" material="">
          <input offset="0" semantic="VERTEX" source="#verts-array-vertices" />
          <p>2 1 0 1 3 0 5 7 6 4 5 6 12 8 10 12 10 9 8 4 10 11 10 6 4 6 10 13 9 10 14 13 10 16 17 13 16 13 15 14 18 13 18 15 13 22 20 19 22 19 15 21 16 19 16 15 19 20 24 19 20 25 24 25 23 24 26 28 27 29 28 26 32 30 31 32 26 30 26 27 30 33 31 30 34 31 33 33 38 34 36 37 35 36 35 41 36 41 40 40 41 39 44 42 43 44 43 45 45 43 46 49 47 48 42 44 50 48 47 55 54 53 52 54 52 56 52 53 51 53 57 51 53 58 57 58 59 57 61 62 60 63 64 65 64 63 66 64 66 67 61 60 66 60 67 66 70 69 68 69 71 68 74 73 72 72 73 75 78 76 77 2 0 79 2 79 81 2 81 80 82 81 79 3 84 83 3 83 0 0 83 79 5 83 84 5 89 83 5 4 89 88 89 4 86 87 85 4 93 88 4 90 93 4 8 90 91 90 8 86 85 92 91 94 90 95 15 18 96 95 18 100 22 98 100 98 97 22 15 98 99 98 95 15 95 98 98 101 97 98 23 101 23 25 101 102 29 26 103 29 102 105 26 32 105 104 26 104 102 26 105 106 104 108 35 37 107 35 108 110 41 35 110 35 109 109 35 107 43 42 111 109 112 110 42 113 111 42 50 113 50 114 113 52 115 56 115 116 56 57 59 117 117 59 118 62 119 60 121 120 122 119 121 122 119 122 67 119 67 60 120 124 123 120 123 122 122 123 125 126 128 125 126 125 127 127 125 123 127 129 126 127 75 129 127 72 75 75 130 129 132 76 78 132 131 76 133 129 130 135 136 134 82 79 137 83 137 79 138 137 83 83 89 138 85 87 140 87 141 140 87 139 141 90 143 93 92 85 144 92 144 142 144 85 140 94 143 90 94 145 143 145 146 143 96 147 95 96 146 147 146 145 147 95 147 99 100 97 149 100 149 150 149 97 148 97 101 153 97 153 152 97 152 148 152 153 151 151 154 152 151 103 154 151 155 103 102 154 103 157 154 159 157 159 156 154 102 159 158 159 104 102 104 159 104 106 158 157 156 161 157 161 160 161 156 162 108 163 107 108 161 163 108 160 161 164 163 161 168 165 169 166 109 167 109 163 167 109 107 163 165 168 172 109 166 112 166 171 112 166 170 171 170 114 171 113 114 170 173 115 174 173 175 115 175 116 115 177 178 176 174 117 173 117 179 173 117 118 179 181 177 176 180 183 182 186 180 182 186 184 180 185 120 121 185 124 120 184 186 187 188 128 126 188 189 128 189 190 128 188 193 191 188 129 193 188 126 129 192 193 129 132 194 131 129 133 192 134 136 197 195 196 199 195 199 200 199 196 198 200 201 195 202 201 200 203 139 204 203 205 139 205 141 139 207 208 206 204 142 203 142 209 203 142 144 209 207 206 210 213 211 212 212 211 214 212 214 149 149 214 150 215 151 153 216 215 153 155 151 215 155 215 217 155 217 219 218 217 215 219 217 156 219 156 159 217 220 156 221 156 222 220 222 156 226 224 156 226 156 221 224 223 156 162 156 225 223 225 156 230 229 227 164 225 163 225 228 163 225 223 228 229 232 227 229 231 232 229 169 231 165 231 169 163 228 167 165 172 235 165 235 234 165 234 231 234 235 233 234 236 237 233 236 234 237 236 238 175 173 239 176 241 240 176 178 241 173 179 239 181 240 242 181 176 240 183 180 243 184 243 180 244 243 184 184 187 244 247 246 245 247 190 246 190 189 246 249 191 193 249 193 245 249 245 248 247 245 193 251 249 248 250 253 252 256 198 196 256 196 257 254 255 196 255 257 196 260 258 259 260 259 202 202 259 201 205 203 261 260 262 258 206 264 263 206 208 264 203 209 261 210 266 265 210 263 266 210 206 263 263 267 266 213 269 211 270 265 268 265 271 268 265 266 271 269 214 211 269 274 214 269 273 274 272 274 273 268 271 275 216 274 272 216 272 215 215 272 276 218 276 277 215 276 218 280 279 278 280 222 279 222 220 279 278 226 280 278 281 226 281 224 226 227 282 230 282 283 285 227 283 282 227 284 283 227 232 284 286 233 284 286 284 287 233 235 284 283 284 288 235 288 284 292 289 293 290 236 291 236 286 291 236 233 286 238 236 290 294 295 292 294 292 296 292 295 289 241 297 240 241 296 297 241 294 296 298 297 296 242 300 299 242 297 300 242 240 297 297 301 300 303 304 302 303 299 304 299 300 304 304 305 302 245 246 307 308 306 309 308 311 310 308 310 306 311 248 310 307 310 245 248 245 310 248 313 251 248 312 313 248 311 312 315 312 311 253 250 314 255 319 257 255 317 319 255 318 317 317 316 319 320 321 316 320 316 258 317 259 316 259 258 316 258 322 320 258 262 322 262 323 322 264 324 263 263 326 267 263 324 326 324 325 326 329 327 328 325 270 330 325 330 326 330 270 268 331 335 334 328 327 333 268 275 330 272 273 332 334 336 331 334 338 336 332 337 272 337 276 272 337 277 276 336 338 339 341 278 279 340 278 341 340 281 278 340 343 281 342 345 344 342 346 347 342 344 346 344 348 346 285 283 349 285 349 348 348 349 346 286 287 349 286 349 350 283 288 349 288 350 349 286 352 291 286 351 352 286 350 351 354 351 350 293 289 353 289 358 353 289 355 358 289 295 355 356 355 295 352 351 357 356 359 355 298 360 297 297 360 301 361 362 303 361 303 364 302 363 303 363 364 303 362 361 366 363 302 305 365 368 367 367 373 365 372 309 306 371 369 370 375 370 369 310 374 306 374 372 306 374 376 372 315 376 374 315 374 377 315 377 312 377 374 378 319 316 383 382 384 380 382 380 381 380 384 379 383 316 321 383 321 385 380 379 321 379 385 321 322 323 386 386 323 387 389 388 390 392 388 389 391 388 392 391 329 393 391 394 329 391 392 394 394 327 329 327 396 333 327 395 396 327 394 395 398 395 394 335 331 397 331 336 400 331 400 397 336 399 400 395 400 396 399 396 400 336 339 403 336 403 402 336 402 399 402 403 401 402 340 341 402 401 340 401 404 340 343 404 405 343 340 404 345 342 406 342 409 406 342 408 409 342 347 408 407 409 408 407 411 410 407 410 409 409 410 412 413 415 412 413 412 414 414 412 410 416 351 414 416 414 417 351 354 414 413 414 418 354 418 414 357 416 419 357 351 416 358 355 420 359 420 355 359 421 420 421 422 420 423 425 422 423 422 424 424 422 421 426 423 364 426 364 428 423 424 364 361 364 427 424 427 364 366 361 427 368 365 429 426 428 430 371 431 369 365 373 429 432 435 434 432 433 435 431 375 369 378 436 377 378 434 436 378 432 434 437 436 434 438 441 384 438 384 442 441 440 384 379 384 439 440 439 384 439 444 385 439 385 379 444 443 385 442 385 438 443 438 385 446 447 445 444 386 443 386 448 443 386 387 448 446 445 449 390 388 450 451 388 391 451 453 388 451 452 453 453 450 388 454 456 391 454 391 393 456 457 391 451 391 455 457 455 391 456 454 395 456 395 398 454 458 395 459 395 460 458 460 395 395 459 400 462 461 463 462 464 461 403 465 401 404 401 465 466 404 465 466 405 404 466 468 405 468 467 405 407 471 470 407 408 471 408 469 471 470 411 407 470 473 411 473 472 411 475 476 474 413 477 415 477 413 418 475 474 417 474 416 417 474 478 416 419 478 479 416 478 419 482 480 481 483 481 480 483 484 481 423 485 425 423 426 487 423 487 485 426 486 487 483 487 484 486 484 487 426 430 489 426 489 486 486 489 488 489 490 488 491 490 489 494 493 492 494 435 493 435 433 493 492 496 495 494 492 495 494 495 436 494 436 437 497 441 438 497 500 441 497 498 500 500 499 441 497 503 501 497 443 503 497 438 443 502 503 443 443 448 502 445 447 505 507 506 504 445 505 449 504 506 511 509 510 508 509 508 512 509 512 453 509 453 452 453 512 513 514 517 516 512 515 513 515 457 513 515 455 457 519 458 518 519 460 458 516 520 514 523 521 522 518 463 524 518 524 519 524 463 461 521 525 464 521 464 522 525 526 464 461 464 524 526 524 464 528 526 525 527 528 525 530 467 468 530 468 527 530 527 529 528 527 468 530 529 531 530 531 469 469 531 471 534 532 533 534 533 473 473 533 472 536 474 476 536 535 474 537 532 534 541 538 542 539 478 540 478 535 540 478 474 535 478 539 479 538 541 546 544 545 543 544 480 482 544 543 480 543 547 480 551 548 552 549 483 550 483 547 550 483 480 547 548 551 555 483 549 487 549 554 487 549 553 554 556 558 554 556 554 557 557 554 553 490 491 556 490 556 557 491 561 556 560 556 559 561 559 556 563 561 564 563 559 561 493 562 492 565 568 567 565 566 568 562 496 492 498 569 500 569 570 500 571 572 501 571 501 573 573 501 503 571 574 572 571 507 574 571 575 507 504 574 507 508 510 574 508 574 576 504 511 574 511 576 574 512 508 579 512 579 578 508 576 579 577 579 580 576 580 579 512 578 515 514 584 517 577 580 585 582 583 581 514 520 584 582 581 587 582 587 586 587 581 588 521 523 586 521 586 589 589 586 587 589 591 590 589 590 521 521 590 525 592 590 593 592 527 590 527 525 590 527 594 529 592 594 527 529 597 531 529 596 597 529 594 596 596 595 597 598 599 595 598 595 532 596 533 595 533 532 595 537 601 598 537 598 532 601 600 598 536 598 535 600 535 598 535 600 602 535 602 540 600 603 602 538 602 542 603 542 602 546 605 602 546 602 538 605 604 602 545 602 543 604 543 602 609 606 610 607 547 608 547 604 608 547 543 604 550 547 607 552 548 611 606 609 612 548 555 611 614 615 613 614 613 616 558 556 617 617 618 620 556 618 617 556 619 618 556 560 619 619 621 618 619 563 621 563 564 621 622 566 623 622 624 566 624 568 566 625 626 627 625 627 569 569 627 570 571 573 628 571 628 575 630 629 631 635 629 630 635 630 634 633 632 630 632 634 630 632 636 579 632 579 637 632 637 634 637 579 577 583 638 581 577 585 637 640 639 641 638 640 641 638 641 588 638 588 581 639 643 642 639 642 641 641 642 644 644 642 590 644 590 591 642 645 590 646 590 647 645 647 590 646 593 590 646 649 593 649 648 593 652 650 651 653 651 650 653 654 651 595 655 597 655 595 599 655 599 656 654 653 599 653 656 599 657 600 601 658 657 601 662 603 660 662 660 659 603 600 660 661 660 657 600 657 660 663 659 605 663 605 665 659 660 605 604 605 664 660 664 605 608 604 664 610 606 666 663 665 667 671 668 669 671 670 668 612 666 606 615 672 613 615 670 672 615 668 670 673 672 670 672 616 613 672 675 616 674 677 676 676 682 674 681 620 618 680 678 679 618 621 681 679 678 683 622 684 624 626 685 686 627 626 686 688 689 687 691 631 688 691 688 687 631 629 688 692 688 690 629 690 688 629 694 690 629 635 694 632 633 693 632 693 636 698 695 696 697 695 698 700 697 701 700 695 697 640 699 639 639 699 643 704 703 702 702 703 647 702 647 705 705 647 645 708 706 707 708 707 649 649 707 648 652 709 650 706 708 710 709 711 713 709 713 653 709 653 650 712 653 713 653 712 656 657 658 714 662 659 715 662 715 714 661 657 715 657 714 715 715 718 716 715 663 718 715 659 663 717 718 663 663 667 717 719 669 720 719 721 669 721 671 669 722 672 720 722 720 723 672 673 720 719 720 724 673 724 720 677 674 727 675 672 726 672 725 726 672 722 725 728 732 731 726 725 730 674 682 727 678 680 729 683 678 729 733 734 731 733 731 735 731 734 728 736 735 738 736 737 735 737 733 735 743 740 685 743 685 741 740 739 685 686 685 742 739 742 685 742 739 687 742 687 689 739 744 687 745 687 746 744 746 687 690 747 745 690 745 692 747 748 745 687 745 691 748 691 745 750 690 694 750 749 690 749 747 690 749 751 752 749 750 751 750 753 751 751 753 698 696 751 698 700 701 755 754 700 755 704 702 756 704 756 755 755 756 754 759 756 702 759 702 757 705 758 702 758 757 702 760 761 757 760 757 706 758 707 757 707 706 757 706 762 760 706 710 762 710 763 762 766 765 764 766 713 765 713 711 765 766 764 767 769 770 768 768 772 771 768 771 769 769 771 773 771 718 773 771 716 718 775 776 774 779 775 774 779 778 775 778 777 775 778 780 777 778 782 780 781 721 719 722 784 783 722 723 784 719 724 781 788 785 789 786 725 787 725 783 787 725 722 783 725 786 730 728 793 732 785 788 794 791 792 790 790 795 734 790 734 791 795 796 734 728 734 793 796 793 734 796 736 738 796 798 736 796 795 798 799 798 795 801 800 797 802 803 740 802 740 804 804 740 743 744 807 746 744 805 807 806 803 802 809 810 747 809 747 808 810 807 747 748 747 805 807 805 747 812 808 814 812 814 811 808 747 814 813 814 749 747 749 814 749 818 813 749 815 818 749 752 815 816 815 752 812 811 817 822 815 816 822 816 821 820 819 816 819 821 816 823 826 821 823 821 824 819 825 821 825 824 821 824 827 823 759 757 828 829 831 757 829 757 761 831 832 757 828 757 830 832 830 757 829 763 831 762 763 829 764 765 834 835 833 836 834 767 764 834 839 767 834 838 839 837 839 838 833 835 840 842 841 768 842 768 837 770 839 768 839 837 768 768 841 845 768 845 844 768 844 772 843 844 845 848 843 845 848 846 843 847 774 776 846 848 779 846 779 849 774 847 779 847 849 779 852 850 851 852 851 782 782 851 780 854 783 784 854 853 783 855 850 852 789 785 858 787 783 857 783 856 857 783 853 856 858 785 794 857 856 860 790 792 859 862 790 859 862 861 790 861 795 790 795 861 863 795 863 799 861 864 863 797 863 801 864 801 863 865 868 804 865 804 869 868 867 804 802 804 866 867 866 804 866 806 802 865 869 870 871 809 872 871 873 809 873 810 809 872 874 871 814 875 811 815 877 818 817 811 878 817 878 876 878 811 875 815 822 877 819 820 880 820 881 880 820 879 881 826 823 882 826 882 880 825 819 882 819 880 882 885 882 823 885 823 883 827 884 823 884 883 823 888 883 884 888 884 887 887 884 886 886 832 887 886 830 832 890 891 889 890 892 893 889 892 890 893 892 894 836 833 895 838 896 837 833 840 895 898 897 899 896 898 899 896 899 842 896 842 837 901 844 899 901 899 897 844 843 899 902 899 900 843 900 899 904 905 903 846 906 900 846 900 843 900 906 907 903 908 849 903 849 904 908 909 849 846 849 906 909 906 849 911 851 909 911 909 908 851 850 909 912 909 910 850 910 909 854 913 914 854 914 853 913 910 914 855 914 850 910 850 914 856 853 914 915 856 914 915 918 916 856 915 916 856 916 917 856 917 860 917 916 920 862 919 861 922 921 923 919 922 923 919 923 864 919 864 861 868 865 924 925 868 924 865 870 927 865 927 924 924 927 926 873 926 927 873 928 926 873 871 928 928 929 926 874 931 930 874 930 871 871 930 928 931 932 930 931 876 932 876 878 932 935 934 933 935 881 934 881 879 934 933 937 936 933 936 935 935 936 938 885 883 939 885 939 938 885 938 936 940 938 939 942 883 888 942 941 883 941 939 883 941 891 943 941 944 891 941 942 944 944 889 891 892 889 944 945 892 944 894 892 945 894 945 946 946 945 947 946 947 948 947 949 948 898 950 897 898 949 950 898 948 949 951 950 949 901 950 952 901 897 950 902 900 953 903 955 954 903 905 955 900 907 953 959 956 960 957 908 958 908 954 958 908 903 954 957 911 908 956 959 910 956 910 961 910 959 912 913 963 962 913 962 910 910 962 961 963 965 964 962 963 964 964 965 966 964 966 918 964 918 967 916 918 966 968 971 970 968 969 971 966 920 916 921 922 968 921 968 972 972 968 970 974 973 975 978 977 976 929 976 977 929 983 976 929 928 983 982 983 928 980 981 979 928 930 985 928 985 982 930 984 985 979 985 980 984 980 985 930 932 988 930 988 987 930 987 984 987 988 986 987 933 934 987 986 933 986 989 933 989 937 933 989 991 937 990 993 992 940 990 992 940 939 990 939 994 990 939 941 994 941 995 994 995 941 998 995 998 999 941 943 998 996 998 997 943 997 998 1001 998 996 1000 1001 996 1000 1003 1002 1000 1002 1001 1001 1002 1004 1004 1002 1005 1006 1004 1005 1010 1007 1009 1010 1009 951 1008 950 1009 950 951 1009 1008 952 950 1007 1010 1011 954 1014 1013 954 955 1014 955 1012 1014 960 956 1015 960 1015 1013 958 954 1015 954 1013 1015 956 961 1016 1015 956 1016 1018 1016 1020 1018 1020 1017 1016 961 1020 1019 1020 962 961 962 1020 1018 1017 1022 1019 962 1023 962 1021 1023 962 964 1021 964 1024 1021 967 1024 964 969 1026 971 1025 1026 969 1025 1027 1026 1026 1027 1028 973 1029 1030 975 973 1030 976 1032 1033 976 1033 978 978 1033 1031 976 983 1032 979 981 1035 981 1036 1035 981 1034 1036 979 1035 985 1040 1037 1039 1040 1039 988 1038 986 1039 986 988 1039 986 1041 989 986 1038 1041 1037 1040 1042 989 1041 991 993 990 1043 994 1043 990 994 1047 1043 1044 1045 1046 994 995 1049 994 1049 1047 995 1048 1049 1044 1049 1045 1048 1045 1049 996 997 1048 996 1048 1050 995 999 1048 999 1050 1048 1000 996 1050 1051 1000 1050 1051 1054 1052 1000 1051 1052 1000 1052 1053 1000 1053 1003 1053 1052 1057 1005 1056 1058 1005 1058 1006 1058 1056 1055 1056 1009 1007 1056 1007 1055 1055 1007 1059 1007 1060 1059 1011 1060 1007 1012 1062 1014 1061 1062 1012 1061 1063 1062 1062 1063 1064 1063 1065 1064 1064 1065 1066 1020 1066 1065 1020 1065 1067 1020 1067 1017 1067 1065 1068 1017 1067 1069 1017 1069 1022 1067 1070 1069 1021 1069 1023 1070 1023 1069 1021 1071 1069 1021 1024 1071 1024 1072 1071 1074 1073 1075 1030 1029 1077 1079 1076 1078 1081 1080 1076 1081 1076 1082 1080 1031 1076 1078 1076 1033 1031 1033 1076 1080 1081 1036 1034 1080 1036 1037 1084 1085 1037 1085 1039 1039 1085 1083 1089 1086 1087 1089 1088 1086 1042 1084 1037 1091 1092 1090 1091 1086 1092 1086 1088 1092 1094 1044 1046 1094 1093 1044 1095 1090 1092 1049 1044 1093 1049 1093 1096 1049 1096 1098 1097 1096 1093 1099 1101 1098 1099 1098 1100 1100 1098 1096 1100 1102 1099 1103 1052 1054 1103 1054 1104 1104 1054 1105 1052 1103 1057 1058 1055 1106 1059 1106 1055 1059 1110 1106 1107 1108 1109 1108 1111 1112 1108 1107 1111 1110 1059 1060 1112 1113 1114 1111 1113 1112 1117 1114 1113 1117 1116 1114 1116 1115 1114 1118 1116 1120 1118 1119 1116 1119 1115 1116 1068 1122 1067 1123 1119 1118 1124 1121 1125 1121 1124 1128 1067 1122 1070 1122 1127 1070 1122 1126 1127 1130 1131 1129 1130 1132 1131 1071 1072 1126 1072 1127 1126 1129 1131 1133 1131 1134 1133 1134 1135 1133 1134 1137 1135 1136 1075 1073 1138 1076 1079 1138 1079 1139 1139 1079 1140 1076 1142 1082 1076 1138 1142 1138 1141 1142 1142 1141 1143 1144 1142 1143 1147 1145 1146 1147 1146 1085 1085 1146 1083 1145 1147 1089 1145 1089 1148 1148 1089 1087 1091 1090 1149 1093 1094 1149 1093 1149 1150 1090 1095 1149 1095 1150 1149 1150 1097 1093 1150 1152 1097 1152 1151 1097 1154 1155 1153 1099 1156 1101 1156 1099 1102 1156 1102 1157 1154 1153 1102 1153 1157 1102 1158 1159 1104 1158 1104 1160 1160 1104 1105 1159 1158 1161 1163 1107 1109 1162 1107 1163 1165 1164 1111 1165 1111 1162 1162 1111 1107 1164 1167 1166 1164 1166 1111 1111 1166 1113 1117 1113 1166 1117 1166 1168 1117 1168 1170 1169 1168 1166 1120 1170 1168 1120 1168 1171 1120 1171 1118 1171 1168 1172 1125 1121 1175 1123 1118 1174 1118 1173 1174 1118 1171 1173 1121 1128 1175 1174 1173 1177 1174 1177 1176 1177 1173 1178 1132 1130 1179 1132 1179 1180 1130 1176 1179 1181 1179 1177 1176 1177 1179 1180 1179 1182 1183 1184 1135 1183 1135 1185 1185 1135 1137 1189 1140 1190 1189 1139 1140 1187 1188 1186 1192 1187 1186 1191 1194 1193 1196 1143 1195 1196 1144 1143 1193 1197 1191 1195 1198 1196 1196 1198 1199 1146 1145 1200 1146 1200 1199 1146 1199 1198 1201 1199 1200 1148 1202 1203 1148 1203 1200 1148 1200 1145 1200 1203 1204 1203 1202 1205 1206 1203 1205 1209 1207 1208 1209 1208 1152 1152 1208 1151 1155 1210 1153 1207 1209 1211 1153 1210 1212 1153 1212 1157 1157 1212 1213 1158 1160 1214 1161 1158 1214 1161 1214 1215 1215 1214 1216 1162 1163 1215 1162 1215 1217 1217 1215 1216 1162 1217 1165 1219 1218 1220 1218 1219 1221 1218 1221 1167 1218 1167 1222 1166 1167 1221 1223 1226 1225 1223 1224 1226 1221 1169 1166 1172 1228 1171 1229 1223 1227 1223 1230 1227 1223 1225 1230 1230 1233 1227 1171 1228 1231 1171 1231 1173 1231 1228 1232 1237 1178 1235 1237 1235 1234 1178 1173 1235 1236 1235 1231 1173 1231 1235 1238 1179 1235 1238 1235 1239 1179 1181 1235 1234 1235 1240 1181 1240 1235 1182 1179 1238 1182 1238 1241 1182 1241 1243 1242 1241 1238 1185 1244 1183 1185 1243 1244 1243 1241 1244 1186 1248 1247 1188 1248 1186 1188 1246 1248 1188 1245 1246 1194 1191 1249 1194 1249 1247 1192 1186 1249 1186 1247 1249 1191 1197 1252 1191 1252 1251 1191 1251 1249 1251 1252 1250 1255 1251 1250 1255 1254 1251 1254 1253 1251 1254 1256 1253 1254 1258 1256 1257 1201 1200 1200 1204 1257 1205 1260 1206 1259 1260 1205 1261 1263 1260 1261 1260 1262 1262 1260 1259 1207 1264 1265 1208 1207 1265 1208 1265 1261 1208 1261 1262 1207 1211 1264 1267 1268 1266 1267 1266 1269 1267 1269 1212 1212 1269 1213 1271 1272 1270 1273 1276 1271 1273 1271 1274 1270 1275 1271 1275 1274 1271 1280 1273 1274 1280 1274 1279 1278 1277 1274 1277 1279 1274 1220 1218 1281 1277 1282 1279 1218 1222 1285 1218 1285 1284 1218 1284 1281 1284 1285 1283 1224 1288 1226 1224 1286 1288 1287 1284 1283 1291 1289 1290 1286 1229 1292 1286 1292 1288 1292 1229 1227 1232 1293 1231 1232 1294 1293 1232 1290 1294 1289 1294 1290 1227 1233 1292 1234 1295 1293 1234 1293 1237 1295 1296 1293 1231 1293 1236 1296 1236 1293 1239 1298 1238 1234 1240 1297 1234 1297 1295 1297 1240 1299 1297 1301 1300 1297 1299 1301 1238 1298 1242 1301 1302 1300 1305 1248 1246 1305 1246 1303 1303 1246 1304 1306 1309 1305 1306 1305 1307 1303 1308 1305 1308 1307 1305 1310 1306 1252 1310 1252 1312 1306 1307 1252 1250 1252 1311 1307 1311 1252 1311 1314 1255 1311 1255 1250 1314 1313 1255 1312 1255 1310 1313 1310 1255 1256 1258 1313 1256 1313 1314 1258 1317 1313 1316 1313 1315 1317 1315 1313 1317 1318 1315 1319 1318 1317 1323 1320 1321 1322 1320 1323 1322 1324 1320 1322 1326 1324 1325 1263 1261 1261 1265 1325 1268 1327 1266 1266 1330 1269 1266 1329 1330 1266 1327 1329 1329 1328 1330 1331 1270 1329 1331 1329 1332 1270 1272 1329 1328 1329 1333 1272 1333 1329 1276 1273 1336 1275 1270 1335 1270 1334 1335 1270 1331 1334 1337 1341 1340 1335 1334 1339 1273 1280 1336 1277 1278 1338 1338 1343 1282 1338 1282 1277 1343 1342 1282 1340 1282 1337 1342 1337 1282 1344 1342 1285 1344 1285 1346 1342 1343 1285 1283 1285 1345 1343 1345 1285 1287 1283 1345 1347 1348 1346 1347 1346 1349 1346 1348 1344 1291 1350 1289 1291 1349 1350 1291 1347 1349 1351 1350 1349 1294 1289 1350 1294 1350 1352 1294 1352 1354 1353 1352 1350 1356 1357 1295 1356 1295 1355 1357 1354 1295 1296 1295 1352 1354 1352 1295 1359 1355 1295 1359 1295 1358 1358 1295 1297 1297 1300 1358 1300 1360 1358 1362 1300 1302 1362 1361 1300 1361 1360 1300 1364 1 2 1364 2 1365 1365 2 1363 1 1364 1367 1 1367 3 3 1367 1366 1368 1370 7 1368 7 1369 1369 7 5 1370 8 12 1370 1372 8 1370 1368 1372 1372 1371 8 1372 1373 1371 1376 1375 1374 1375 1379 1378 1375 1378 1374 1374 1378 1377 1378 24 1377 1377 24 23 1382 1383 1381 1382 1381 1380 1382 1380 1385 1385 1380 1384 1387 1384 1386 1385 1384 1387 1390 1388 1389 1391 37 36 1391 1392 37 1388 1393 1389 40 1395 1394 40 1394 36 36 1394 1391 46 43 1394 46 1394 1395 43 1396 1394 1398 1394 1397 1396 1397 1394 49 1401 47 1402 1397 1400 1397 1399 1400 1397 1396 1399 1404 51 1403 1404 52 51 1404 1400 52 1399 52 1400 1401 55 47 51 1406 1403 51 57 1406 57 1405 1406 1408 62 61 1408 1409 62 1409 1407 62 1412 1410 61 1412 61 66 1410 1411 61 1408 61 1413 1411 1413 61 1416 1414 68 1416 68 1415 1414 1410 68 70 68 1412 1410 1412 68 1415 68 71 1418 1417 1419 1420 1422 1418 1420 1418 1421 1422 74 1418 1417 1418 72 74 72 1418 1420 1425 1422 1420 1424 1425 1423 78 77 1427 1363 2 1427 2 1428 1427 1428 1426 80 1428 2 1366 84 3 1366 1429 84 1430 1427 1426 1432 86 1431 1432 87 86 1369 5 1429 5 84 1429 8 1371 91 86 92 1434 86 1434 1431 1434 92 1433 91 1371 1373 91 1373 94 1434 1433 1373 1433 94 1373 1436 1376 1374 1435 1436 1374 99 1377 98 99 1435 1377 1435 1374 1377 1380 1438 1437 1380 1381 1438 1377 23 98 1380 1437 1384 1384 1437 1439 1386 1439 1440 1384 1439 1386 1392 1441 37 1441 108 37 1444 1443 1442 1445 1442 43 1445 43 111 1442 1443 43 1396 43 1446 1443 1446 43 111 113 1445 1396 1446 1447 1396 1447 1399 1447 1446 1448 1399 1447 115 52 1399 115 1405 57 1449 1449 57 117 119 1451 1450 119 62 1451 62 1407 1451 1453 1411 119 1453 119 1450 1411 1410 119 121 119 1452 1410 1452 119 1414 1454 123 1414 123 1452 1414 1452 1410 1452 123 124 1457 1455 1456 1454 1419 127 1454 127 123 127 1419 1417 127 1417 72 1456 1455 1421 1455 1420 1421 1455 1458 1420 1420 1458 1459 1420 1459 1424 1458 132 1459 1423 1459 78 132 78 1459 135 134 1463 1428 1462 1460 1428 1460 1426 1460 1462 1461 1430 1460 1464 1426 1460 1430 1432 1465 87 1465 139 87 1466 1433 92 1466 92 1467 1467 92 142 1433 145 94 1433 1466 145 1466 1468 145 1435 1468 1436 1435 147 1468 147 145 1468 149 1469 1470 149 148 1469 99 147 1435 1438 1472 1437 1473 1469 1471 1469 152 1471 1469 148 152 152 1474 1471 152 154 1474 1472 1475 1437 1475 1439 1437 1440 1439 1475 1476 1477 154 1476 154 157 154 1477 1474 1479 160 1478 1479 1476 160 1476 157 160 1481 108 1441 1481 1478 108 1481 1480 1478 160 108 1478 1444 1480 1481 1444 167 1480 1444 1442 167 166 167 1442 1483 1484 1482 1483 1482 1486 1486 1482 1485 166 1442 1445 166 1445 170 170 1445 113 1486 1485 1448 1485 1447 1448 1485 1487 1447 174 115 1447 174 1447 1488 1488 1447 1487 177 1489 1488 177 1488 178 1489 1449 1488 174 1488 117 1449 117 1488 1491 177 181 1491 1489 177 1451 1490 1450 1450 1490 1453 121 1452 185 1452 124 185 1455 1457 1493 188 1492 189 188 191 1492 1455 1493 1494 1455 1494 1458 1494 1493 1495 132 1458 1494 132 1494 1496 132 1496 194 1497 1496 1494 1461 195 1460 1461 196 195 1461 1498 196 1499 196 1498 1463 134 197 195 1464 1460 195 201 1464 201 1500 1464 204 1502 1501 204 139 1502 139 1465 1502 207 1503 1501 207 1501 208 1503 1467 1501 204 1501 142 1467 142 1501 207 1504 1503 210 1504 207 212 1505 213 1507 149 1470 1507 1505 149 1507 1506 1505 212 149 1505 1508 1509 1506 1508 1506 1471 1507 1473 1506 1473 1471 1506 1511 1508 218 1511 218 1510 1508 1471 218 217 218 1474 1471 1474 218 1474 220 217 1474 1512 220 1474 1477 1512 1513 1512 1477 1511 1510 1514 1479 1512 1513 1479 224 1512 1479 1478 224 223 224 1478 1516 1517 1515 1516 1515 1519 1519 1515 1518 223 1478 1480 223 1480 228 1520 232 231 1519 1518 1522 1480 167 228 1482 1484 1521 231 1523 1520 231 234 1523 1521 1524 1482 1524 1485 1482 234 1525 1523 234 237 1525 1524 1526 1485 1526 1487 1485 1487 1527 1488 1487 1526 1527 1525 237 238 1488 241 178 1488 1529 241 1488 1527 1529 1529 1528 241 1531 1532 1530 1529 1491 1528 1491 242 1528 1491 181 242 1531 1533 1534 1530 1533 1531 1534 1535 1536 1533 1535 1534 1537 189 1492 1537 246 189 1535 1538 1536 1495 1540 1494 1492 191 1539 1492 1539 1537 1539 191 249 1540 1497 1494 1539 249 251 1499 254 196 1541 1542 1500 1541 1500 259 259 1500 201 1542 1501 1502 1542 1541 1501 1541 1543 1501 264 208 1545 264 1545 1544 208 1501 1545 1546 1545 1543 1501 1543 1545 1504 210 1544 1504 1544 1545 210 265 1544 1548 1544 1547 265 1547 1544 265 1549 1547 265 270 1549 269 213 1505 269 1550 273 269 1505 1550 1505 1506 1550 1509 1551 1550 1506 1509 1550 1552 1510 218 277 1552 218 1512 279 220 1512 1553 279 1510 1552 1514 1552 1554 1514 1512 281 1553 1512 224 281 1515 1517 1555 1557 1515 1555 1557 1556 1515 1556 1518 1515 1522 1556 1558 1522 1518 1556 232 1520 284 284 1559 287 284 1520 1559 1520 1523 1559 1561 1562 1560 1525 290 1559 1525 1559 1523 1559 290 291 1525 238 290 1561 1560 294 1561 294 1563 294 1560 295 241 1528 1564 241 1564 294 294 1564 1563 1530 1532 1564 1530 1564 299 1528 242 1564 242 299 1564 299 303 1565 299 1565 1530 1530 1565 1533 1533 1565 1535 1535 1565 1566 246 1537 307 1538 1535 1568 1535 1567 1568 1535 1566 1567 1568 1567 1570 307 1537 310 1537 1569 310 1537 1539 1569 251 1569 1539 251 1571 1569 251 313 1571 1572 1569 1571 1574 1573 318 318 1573 317 321 320 1575 259 317 1541 317 1576 1541 317 1573 1576 320 322 1575 1541 1576 1577 1541 1577 1543 1577 1576 1578 264 1544 324 1546 1543 1580 1543 1579 1580 1543 1577 1579 1579 1581 1548 1579 1548 1580 1581 325 1548 1544 1548 324 325 324 1548 328 1582 1581 328 1581 329 1582 1549 1581 325 1581 270 1549 270 1581 328 1583 1582 328 333 1583 332 273 1550 1550 337 332 1550 1585 337 1550 1551 1585 1584 337 1585 277 337 1584 277 1584 1552 1552 1584 1586 1553 341 279 1553 1587 341 1552 1586 1554 1586 1588 1554 1553 343 1587 281 343 1553 1556 1557 1590 346 1589 347 1589 349 1591 1589 346 349 1556 1590 1558 1591 1592 1593 349 1592 1591 349 1559 1592 349 287 1559 1592 1594 1596 1592 352 1594 1592 1559 352 291 352 1559 1562 1595 1560 1594 352 357 1560 1595 295 1595 356 295 1595 1597 356 1598 359 356 1598 356 1599 1599 356 1597 1599 1600 1598 362 1601 1603 362 1603 303 1602 1565 1603 1565 303 1603 1565 1604 1566 1565 1602 1604 1601 362 366 1604 1605 371 1604 371 1567 1604 1567 1566 370 1567 371 1569 374 310 1570 1567 375 1570 375 1606 375 1567 370 374 1607 378 1569 1607 374 1569 1608 1607 1569 1572 1608 1611 1609 1610 1611 381 1609 381 380 1609 321 1575 1612 321 1612 380 380 1612 1609 322 386 1612 322 1612 1575 386 1613 1612 1578 1612 1577 1613 1577 1612 1614 1613 1615 1614 1579 1613 1579 1577 1613 1617 1579 1614 1617 1616 1579 1616 1581 1579 1581 1616 393 329 1581 393 1583 333 396 1618 1583 396 1585 1620 1584 1621 1618 1619 1618 399 1619 1618 396 399 399 402 1622 399 1622 1619 402 1586 1622 1620 1622 1584 1586 1584 1622 1587 1623 402 1587 402 341 1623 1624 402 1586 402 1588 1624 1588 402 405 1587 343 405 1623 1587 1627 1625 1626 1628 347 1589 1628 408 347 1625 1629 1626 1631 1632 1630 1591 410 1628 1591 1628 1589 1628 410 411 1630 1633 1593 1630 1593 1631 1633 414 1593 1591 1593 410 414 410 1593 1635 1596 414 1635 414 1633 1596 1594 414 417 414 1634 1594 1634 414 419 1594 357 419 1634 1594 1638 1636 1637 1639 1637 1636 1639 1640 1637 1598 421 359 1639 1641 1600 1639 1600 1640 1641 424 1600 1598 1600 421 424 421 1600 1641 1642 1603 1641 1603 427 1641 427 424 427 1603 1601 1601 366 427 431 1644 1643 431 371 1644 371 1605 1644 1645 433 432 1643 1646 431 1646 375 431 1646 1606 375 378 1645 432 378 1607 1645 1607 1647 1645 1649 1650 1651 1610 1648 1611 1648 440 1611 1648 439 440 1648 1652 439 439 1652 444 444 1652 1613 444 1613 386 1652 1653 1613 446 1613 447 1653 447 1613 446 449 1654 1613 446 1654 1613 1654 1655 1613 1655 1615 1617 1657 1616 1658 1655 1654 451 1656 452 1656 451 455 1616 1657 393 1657 454 393 1657 1659 454 454 1659 1660 458 454 1660 1619 462 463 1619 463 1621 1621 463 1661 462 1662 464 1619 1662 462 1619 1663 1662 1619 1622 1663 1664 1665 1662 1664 1662 1623 1663 1624 1662 1624 1623 1662 405 467 1664 405 1664 1623 467 1666 1664 1627 1664 1625 1666 1625 1664 1625 1666 1667 1625 1667 1629 1666 469 1667 1628 1667 408 469 408 1667 411 472 1667 411 1667 1628 472 1668 1667 1632 1667 1630 1668 1630 1667 476 475 1633 476 1633 1668 1668 1633 1630 417 1634 1669 417 1669 475 1635 1633 1669 1633 475 1669 419 479 1669 419 1669 1634 479 1670 1669 1638 1669 1636 1670 1636 1669 481 1671 482 1672 1639 1673 1639 1670 1673 1639 1636 1670 481 484 1674 481 1674 1671 484 1641 1674 1672 1674 1639 1641 1639 1674 1641 484 486 1641 486 1676 1641 1676 1642 1675 1676 486 488 1675 486 1677 1675 488 1644 1678 1643 1677 488 490 1643 1678 1646 433 1645 1680 433 1680 493 1680 1645 1679 1679 496 1681 1679 1647 496 1679 1645 1647 495 496 1647 1682 498 497 1682 1683 498 1684 1649 1651 1685 497 501 1685 1686 497 1686 1682 497 1686 1685 1687 1686 1687 447 1686 447 1653 447 1687 505 510 509 1654 510 1654 1687 449 505 1654 505 1687 1654 452 1656 1688 452 1688 509 1658 1654 1688 1654 509 1688 1656 1689 1688 1656 455 1689 455 515 1689 518 1691 1690 518 458 1691 458 1660 1691 1692 523 522 1690 1693 518 1693 463 518 1693 1661 463 464 1692 522 464 1662 1692 1662 1694 1692 1665 1695 1694 1662 1665 1694 530 1696 1698 530 1698 467 1697 1666 1698 1666 467 1698 1696 530 469 1696 469 1699 1666 1697 469 1697 1699 469 1700 1668 472 1700 472 1701 1701 472 533 1668 1700 1702 1668 1702 476 476 1702 536 539 540 1703 539 1670 479 539 1705 1670 539 1703 1705 1706 1705 1703 545 544 1704 544 1708 1704 544 1707 1708 544 482 1707 1671 1707 482 1670 1705 1673 1709 549 1671 1709 1671 1674 549 550 1671 1707 1671 1710 550 1710 1671 1713 1711 1712 1709 1676 553 1709 553 549 553 1676 1675 553 1677 557 553 1675 1677 1712 1711 1714 560 1715 1716 560 559 1715 490 557 1677 493 1680 1717 493 1717 562 1680 1715 1717 563 1717 559 1715 559 1717 1718 566 565 1717 1719 562 1719 496 562 1719 1681 496 1723 1724 1722 1683 1721 569 1683 569 498 569 1721 1720 1725 1720 501 1725 501 572 1720 1721 501 1685 501 1726 1721 1726 501 572 574 1727 572 1727 1725 574 1687 1727 1726 1727 1685 1687 1685 1727 1687 574 510 1729 1728 1730 579 1728 1729 579 1729 578 1732 1731 1729 1731 578 1729 1733 583 582 1731 1734 578 1734 515 578 1734 1689 515 1733 1691 1735 1733 586 1691 1733 582 586 586 1690 1691 523 1692 1736 523 1736 586 1693 1690 1736 1690 586 1736 1738 1736 1692 1738 1692 1737 1737 1692 1694 1695 1739 592 1695 592 1737 1695 1737 1694 1737 592 593 1742 1740 1741 1739 1698 594 1739 594 592 594 1698 1696 1744 1741 1740 1699 1743 1696 1743 594 1696 1743 596 594 1746 598 1745 1746 599 598 1701 533 1743 533 596 1743 1745 598 1747 1745 1747 1749 598 536 1747 1748 1747 1702 536 1702 1747 1748 1750 1747 540 602 1703 1704 1751 602 1704 602 545 1751 1752 602 1703 602 1706 1752 1706 602 1708 1753 607 1708 607 1751 1708 1751 1704 1751 607 608 1753 550 607 1710 550 1753 1711 1713 1755 614 1754 615 1755 1714 1711 1754 614 616 619 1757 1756 619 560 1757 560 1716 1757 1756 1759 1758 619 1756 1758 619 1758 1717 619 1717 563 1758 1719 1717 1761 1762 1760 566 1718 623 625 1764 1766 625 1763 1764 625 569 1763 1720 1763 569 1724 1765 1722 1720 1725 1767 1763 1720 1767 1768 630 1725 1768 1725 1727 630 631 1725 1767 1725 1769 631 1769 1725 1771 633 1728 1771 1728 1770 633 630 1728 1730 1728 1768 630 1768 1728 579 636 1770 579 1770 1728 636 1772 1770 1732 1770 1731 1772 1731 1770 583 1733 638 1734 1731 1774 1731 1773 1774 1731 1772 1773 638 1733 1735 638 1735 640 1774 1773 1735 1773 640 1735 642 643 1775 1777 1738 642 1777 642 1775 1738 1737 642 645 642 1776 1737 1776 642 648 1737 593 648 1776 1737 1780 1778 1779 1742 1782 1740 1783 1779 1778 651 1781 652 1744 1740 1782 1784 1785 651 1784 651 654 651 1785 1781 1784 654 1786 1784 1786 1788 654 599 1786 1787 1786 1746 599 1746 1786 1789 1790 1786 1789 1786 1747 1787 1749 1786 1749 1747 1786 1747 1750 1789 661 1791 660 664 660 1752 664 1752 1751 660 1791 1752 1793 1752 1792 1791 1792 1752 1751 608 664 1793 1792 1794 669 1795 1796 668 1795 669 615 1795 668 615 1797 1795 615 1754 1797 1797 1798 1795 675 1754 616 675 1797 1754 1801 1799 1800 1757 1803 1756 1804 1800 1799 679 1802 680 1803 1759 1756 1802 679 683 1762 1805 1760 1764 1806 1807 1766 1764 1807 1810 1809 1808 1809 691 1808 1809 1769 691 1769 631 691 693 1812 1811 693 633 1812 633 1771 1812 1811 1814 1813 693 1811 1813 693 1813 1772 693 1772 636 1813 1815 696 1813 696 1773 1813 1773 1772 695 1773 696 699 640 1773 699 1773 1816 695 700 1773 700 1816 1773 1816 1818 1817 699 1816 1817 699 1817 1775 699 1775 643 645 1819 705 645 1776 1819 1777 1775 1817 1776 707 1819 1776 648 707 1778 1780 1820 1778 1820 1783 652 1781 709 709 1821 711 1781 1821 709 1781 1822 1821 1781 1785 1822 1822 1788 1786 1822 1786 1821 1821 1786 1823 1790 1825 1824 1790 1824 1786 1786 1824 1823 1825 1826 1824 661 715 1791 715 716 1827 715 1827 1791 1791 1827 1792 1794 1827 1828 1792 1827 1794 1796 720 669 1829 720 1796 1798 1797 1830 1798 1830 720 1798 720 1829 723 720 1830 1801 1831 726 1801 726 1799 1831 1830 726 675 726 1797 1830 1797 726 1802 729 680 1804 1799 730 1804 730 1832 730 1799 726 729 1802 683 734 733 1833 1833 1834 1835 1833 733 1834 733 737 1834 1838 1807 739 1838 739 740 1807 1806 739 1836 739 1837 1806 1837 739 1810 1808 1839 1836 744 739 1808 691 748 1808 748 1841 1808 1841 1839 1841 748 1840 1841 1811 1812 1841 1840 1811 1840 1842 1811 1814 751 1843 1814 1842 751 1814 1811 1842 1842 752 751 1843 751 696 1815 1843 696 754 1844 1846 754 1846 700 1845 1816 1846 1816 700 1846 1844 756 1847 1844 754 756 1816 1845 1818 705 1819 758 756 759 1847 758 1819 707 761 760 1848 1848 760 762 1851 1849 1850 1852 711 1821 1852 765 711 1849 1853 1850 1821 1823 1852 1823 1854 1852 1855 1856 1854 1855 1854 1824 1824 1854 1823 1824 1826 1855 772 1857 771 771 1827 716 771 1859 1827 771 1857 1859 1860 1859 1857 776 775 1858 1828 1827 1859 1861 1862 775 1861 775 777 775 1862 1858 1863 777 780 1863 1864 777 1864 1861 777 1865 723 1830 1865 784 723 1863 1866 1864 1831 1867 786 1831 786 1865 1831 1865 1830 1865 786 787 1869 791 1868 1869 792 791 1832 730 1867 730 786 1867 734 1868 791 734 1870 1868 734 1833 1870 1870 1871 1868 1835 1872 798 1835 798 1870 1835 1870 1833 1870 798 799 1876 1873 1875 1876 803 1873 1876 1838 803 740 803 1838 1837 1874 1836 1873 803 806 1836 1874 744 1874 805 744 1874 1877 805 809 808 1878 748 805 1840 805 1879 1840 805 1877 1879 808 1880 1878 808 812 1880 1879 1881 1840 1881 1842 1840 1881 752 1842 1881 816 752 1881 1883 816 1882 816 1883 1880 812 817 816 1882 820 1844 824 825 1844 825 1846 1846 825 1884 1885 1844 1847 1885 827 1844 1885 1886 827 827 824 1844 1888 828 1887 1885 828 1888 1885 759 828 1885 1847 759 828 830 1887 829 761 1848 1891 1889 1890 829 1848 762 1890 1889 1893 1849 1851 1892 1892 1853 1849 1895 1896 1894 765 1852 834 1852 1854 838 1852 838 834 1854 1897 838 1894 838 1895 1897 1895 838 1854 1856 1897 1898 1857 772 844 1898 772 776 1858 847 1860 1857 1900 1857 1899 1900 1857 1898 1899 1858 849 847 1858 1901 849 1858 1862 1901 1902 1901 1862 1900 1899 1903 1901 1902 1904 1901 1904 780 1901 780 851 1863 780 1904 1863 1904 1866 784 1865 1906 784 1906 854 1906 1865 1905 1908 857 1907 1905 857 1908 1905 787 857 1905 1865 787 859 1869 1909 859 792 1869 857 860 1907 1911 862 1870 1911 1870 1910 862 859 1870 1871 1870 1909 859 1909 1870 1913 863 1912 1910 863 1913 1910 799 863 1910 1870 799 1916 1914 1915 1917 1875 866 1917 866 867 866 1875 1873 1915 1918 1919 1915 1914 1918 866 1873 806 1920 1919 1918 1920 1921 1919 1878 872 809 1921 1920 1923 872 1878 874 1878 1922 874 1878 1880 1922 1880 876 1922 1880 817 876 1882 1883 1924 1882 879 820 1882 1926 879 1882 1924 1926 1926 1925 879 1884 825 1925 1884 1925 1926 825 882 1925 1928 1925 1927 882 1927 1925 827 1886 1929 827 1929 884 1886 1927 1929 885 1929 882 1927 882 1929 1929 1930 1888 1929 1888 886 1929 886 884 886 1888 1887 1887 830 886 1889 1891 1932 891 890 1931 1931 893 1933 1931 890 893 1889 1932 1893 1896 1934 1894 1933 893 894 1894 896 838 1894 1934 896 1934 1935 896 1936 898 896 1936 896 1937 1937 896 1935 1938 1898 1937 1938 1937 1939 1898 844 1937 1936 1937 901 844 901 1937 905 904 1899 905 1899 1938 1938 1899 1898 849 1901 1940 849 1940 904 1903 1899 1940 1899 904 1940 1901 1941 1940 1901 851 1941 851 911 1941 1906 1942 854 1942 913 854 1908 1907 1943 1907 860 917 1907 917 1943 1943 917 1944 862 1911 1945 862 1945 919 1911 1944 1945 920 1945 917 1944 917 1945 1913 1912 1946 1945 922 919 1914 1916 1947 1914 1947 924 924 1947 925 1918 1914 924 926 1918 924 1948 1920 1918 1948 1918 929 1948 929 1949 929 1918 926 1920 1948 1923 874 1922 931 1922 876 931 1951 1952 1950 1950 1953 1951 1950 879 1953 1950 934 879 1925 1953 879 1925 1928 1953 937 1954 936 885 936 1954 885 1954 1929 1929 1954 1955 1930 1955 1956 1929 1955 1930 1957 891 1931 943 891 1957 1931 1933 1957 1933 1958 1957 946 1933 894 946 1959 1933 1959 1958 1933 948 1959 946 1960 1959 948 1960 1961 1962 948 1961 1960 948 1936 1961 948 898 1936 1938 1939 1963 1936 901 1961 901 1964 1961 901 952 1964 1938 955 905 1938 1966 955 1938 1963 1966 1966 1965 955 958 1965 1966 958 1966 957 1968 1967 1966 1967 957 1966 1967 911 957 1967 1969 911 1969 1941 911 963 1971 1970 963 913 1971 913 1942 1971 1970 1973 1972 1970 1972 963 963 1972 965 1972 1974 965 965 1974 966 969 968 1975 920 966 1945 966 1976 1945 966 1974 1976 1975 968 922 1975 922 1977 1945 1976 922 1976 1977 922 1978 973 974 1978 974 1979 1981 1980 974 1980 1979 974 978 1978 1979 978 1979 977 1983 1982 1979 1982 977 1979 980 1984 1982 980 1982 981 1984 1949 1982 977 1982 929 1949 929 1982 1986 984 1985 1986 1984 984 1984 980 984 987 1985 984 987 1987 1985 1988 1950 1952 1987 987 934 1987 934 1989 1950 1988 934 1988 1989 934 1990 1954 937 1990 937 1991 1991 937 991 1993 1954 1990 1993 1992 1954 1992 1955 1954 1956 1994 1995 1956 1955 1994 1955 1992 1994 1996 943 1957 1996 997 943 1994 1997 1995 1957 1958 1996 1958 1998 1996 2000 2001 1999 1959 1002 1998 1959 1998 1958 1998 1002 1003 2000 1999 2003 1002 1959 1005 1959 2002 1005 1959 1960 2002 1962 2004 1008 1962 1008 2002 1962 2002 1960 2002 1008 1009 2004 952 1008 2004 1964 952 2006 2007 2005 2008 955 1965 2008 1012 955 2005 2009 2006 1968 2011 1967 1965 958 2010 1965 2010 2008 2010 958 1015 2010 1016 2012 2010 1015 1016 1967 2011 1969 1018 2012 1016 1018 2013 2012 2014 1970 1971 1970 2014 1973 2013 1018 1022 2016 2017 2015 2016 2015 2018 2020 2021 2019 1975 1025 969 2023 2020 2019 1977 2022 1975 2022 1025 1975 2022 1027 1025 1981 2026 1980 973 1978 2025 973 2025 1029 2025 1978 2024 1982 1983 2027 1978 978 2024 978 2028 2024 978 1031 2028 1982 1034 981 1982 2030 1034 1982 2027 2030 2030 2029 1034 2030 1986 1985 2030 1985 2029 2029 1985 2031 2033 2034 2032 1987 1038 2031 1987 2031 1985 2031 1038 1039 2032 2035 1989 2032 1989 2033 2035 1041 1989 1987 1989 1038 1041 1038 1989 2035 991 1041 2035 2036 991 2036 1991 991 1992 1046 1045 1992 1993 1046 1993 2037 1046 1994 1992 2040 1994 2040 2039 1992 1045 2040 2038 2040 1048 1045 1048 2040 1048 2042 2038 1048 2041 2042 1048 997 2041 1996 2041 997 1994 2039 1997 1996 1998 2043 2041 1996 2043 1999 2001 2043 1999 2043 1053 1998 1003 2043 1003 1053 2043 1999 2045 2003 1999 2044 2045 1999 1053 2044 1057 2044 1053 1005 2002 1056 2045 2046 2047 2045 2044 2046 1056 2002 1009 2047 2005 2007 2047 2046 2005 2046 2048 2005 2009 2048 2049 2009 2005 2048 1012 2008 1061 2010 1061 2008 2010 1063 1061 2050 2051 2052 1063 2012 1065 1063 2010 2012 2051 2050 2053 1065 2054 1068 1065 2012 2054 2012 2013 2054 2017 2056 2015 2013 1022 2055 2013 2055 2054 2055 1022 1069 2015 2056 2018 2055 1069 1071 2058 2059 2057 2058 2057 2061 2021 2060 2019 2019 2060 2023 2065 1077 2062 2065 2062 2064 1077 1029 2062 2063 2062 2025 1029 2025 2062 2063 2066 2062 2063 1031 2066 2063 2028 1031 1031 1080 2066 2066 2067 2068 1080 2067 2066 1080 2029 2067 1080 1034 2029 2070 2067 2029 2070 2029 2069 2069 2029 2031 2031 1039 2069 2069 1039 1083 2032 2034 2072 2032 2072 2071 1086 2073 1087 2074 2035 2075 2035 2071 2075 2035 2032 2071 2035 2074 2036 2073 1086 1091 2077 2078 2076 2077 2076 1094 2077 1094 2037 2037 1094 1046 2079 2080 2040 2079 2040 1097 2038 1096 2040 1096 1097 2040 2079 2081 2042 2079 2042 2080 2081 1100 2042 2038 2042 1096 1100 1096 2042 2082 1102 1100 2082 1100 2083 2081 2084 1100 2084 2083 1100 1104 2082 2083 1104 2083 1103 1103 2083 2085 1057 2086 2044 1057 1103 2086 1103 2085 2086 2086 2087 1109 2086 1109 2046 2086 2046 2044 1108 2046 1109 2048 2046 1108 1112 2048 1108 2048 1112 1114 2048 1114 2089 2048 2089 2049 2088 2089 1114 1115 2088 1114 1115 2090 2088 2091 2050 2052 2090 1119 2092 2090 1115 1119 2050 2091 2053 1068 2054 1122 1119 1123 2092 2055 1122 2054 1126 1122 2055 2055 1071 1126 2057 2059 1129 2059 1130 1129 2059 2093 1130 2061 2057 1129 2061 1129 2094 2094 1129 1133 2095 1133 1135 2095 2096 1133 2096 2094 1133 2097 2098 2064 2097 2064 1139 2062 1138 2064 1138 1139 2064 1138 2066 1141 1138 2062 2066 2098 2097 2099 1141 2100 1143 2066 2100 1141 2066 2101 2100 2066 2068 2101 2102 2103 2100 2102 2100 2069 2101 2070 2100 2070 2069 2100 2071 2072 2104 2069 1083 2102 1083 2105 2102 1083 1146 2105 1087 2106 1148 1087 2073 2106 2075 2071 2104 2078 2107 1149 2078 1149 2076 2107 2106 1149 1091 1149 2073 2106 2073 1149 2076 1149 1094 2108 2079 1097 2108 1097 2109 2109 1097 1151 2111 2079 2108 2111 2081 2079 1154 2110 1155 1154 2113 2110 1154 2112 2113 1154 1102 2112 2082 2112 1102 2081 2111 2084 2115 1159 2114 2112 1159 2115 2112 1104 1159 2112 2082 1104 2114 1159 1161 2118 2116 2117 2117 2116 1163 2117 1163 2087 2087 1163 1109 2089 2088 2119 2119 1169 2120 2119 2090 1169 2119 2088 2090 1168 1169 2090 1168 2121 1172 1168 2090 2121 2090 2092 2121 1174 2092 1123 1174 2122 2092 2122 2121 2092 2122 2123 2124 2122 1174 2123 1174 1176 2123 2123 1176 2125 2123 2125 2127 1176 1130 2125 2126 2125 2093 1130 2093 2125 2126 2129 2128 2125 2126 2128 2130 2128 1135 2130 1135 1184 2128 2129 1135 2095 1135 2131 2129 2131 1135 1188 1187 2097 1188 2097 2132 1139 1189 2097 1189 2132 2097 1187 1192 2133 2097 1187 2133 2097 2133 2134 2097 2134 2099 2135 2134 2133 2135 2136 2134 2100 1195 1143 2138 2136 2135 2103 2137 2100 2137 1195 2100 2137 1198 1195 2137 1146 1198 2105 1146 2137 2106 1202 1148 1202 2139 1205 2106 2139 1202 2106 2140 2139 2106 2107 2140 2140 2141 2139 2142 2143 2109 2142 2109 1208 1208 2109 1151 2144 2143 2142 2144 2145 2143 2110 1210 1155 2110 1212 1210 2110 2146 1212 2110 2113 2146 2147 2146 2113 2145 2144 2148 2147 2115 2114 2147 2114 2146 2146 2114 2149 2118 2151 2116 2114 1161 2150 2114 2150 2149 2150 1161 1215 2150 1215 1163 2150 1163 2152 2116 2151 1163 2151 2152 1163 1220 2154 2153 1219 1220 2153 2153 2155 1219 1219 2155 1221 2157 1223 2156 2157 1224 1223 2120 1169 2155 1169 1221 2155 1223 2158 2156 1223 1229 2158 1228 1172 2121 2159 2121 2122 2159 1232 2121 2159 2160 1232 1232 1228 2121 2122 2124 2159 1236 2161 1235 2163 2127 1235 2163 1235 2161 2127 2125 1235 1239 1235 2162 2125 2162 1235 2165 2166 2164 2128 1241 2162 2128 2162 2125 2162 1241 1242 2165 2164 2168 2168 2164 2167 1241 2128 2130 1241 2130 1244 2171 1245 1188 2171 1188 2169 2132 2170 1188 2170 2169 1188 2133 1192 1249 2135 2133 2174 2135 2174 2173 2133 1249 2174 2172 2174 1251 1249 1251 2174 2138 2135 2173 2175 2176 1251 2175 1251 1253 1251 2176 2172 2177 1253 1256 2177 2178 1253 2178 2175 1253 2178 2179 2180 2177 2179 2178 2181 2180 2179 2181 2182 2180 2139 1259 1205 2184 2182 2181 2141 2183 2139 2183 1259 2139 2183 1262 1259 1208 2185 2142 1208 1262 2185 1262 2183 2185 2185 2186 1268 2185 1268 2144 2185 2144 2142 1267 2144 1268 2146 2187 1267 2146 1267 1212 2187 2188 1267 2144 1267 2148 2188 2148 1267 2189 2190 2187 2189 2187 2149 2149 2187 2146 2189 1275 2191 2189 2150 1275 2189 2149 2150 1274 1275 2150 1274 2150 2152 1274 2152 1278 1278 2152 2192 2154 1220 1281 2193 2154 1281 2193 1281 2194 1281 1284 2194 1224 2157 2195 1224 2195 1286 2157 2194 2195 1287 2195 1284 2194 1284 2195 2196 1291 1290 2195 2197 1286 2197 1229 1286 2197 2158 1229 2199 1232 2160 2199 2196 1232 2199 2198 2196 1290 1232 2196 2200 2161 2199 2200 2199 2201 2161 1236 2199 2198 2199 1296 1236 1296 2199 1239 2162 1298 2163 2161 2203 2161 2202 2203 2161 2200 2202 1298 2162 1242 2203 2202 2205 2164 2166 2204 2164 2206 2167 2204 2206 2164 2169 2207 2208 2171 2169 2208 1307 1308 2209 1311 1307 2174 1311 2174 2172 1307 2209 2174 2211 2174 2210 2209 2210 2174 2213 2211 2210 2176 2212 2172 2212 1311 2172 2212 1314 1311 1316 1315 2214 1256 1314 2177 1314 2215 2177 1314 2212 2215 1315 1318 2214 2177 2215 2216 2177 2216 2179 2216 2215 2217 1321 1320 2181 1321 2181 2216 2216 2181 2179 1320 2184 2181 1320 1324 2184 1324 2218 2184 1327 2220 2219 1327 1268 2220 1268 2186 2220 1329 1327 2188 1329 2188 2187 1327 2219 2188 2222 2188 2221 2219 2221 2188 2187 1332 1329 2187 2223 1332 2187 2190 2223 2224 2223 2190 2222 2221 2225 2191 1275 2223 2191 2223 2224 1275 1335 2223 2227 2223 2226 1335 2226 2223 1278 2192 2228 1278 2228 1338 2192 2226 2228 1339 2228 1335 2226 1335 2228 1343 1338 2228 2229 1343 2228 1345 1343 2229 2230 1345 2229 1348 1347 2195 1348 2195 2230 1287 1345 2195 1345 2230 2195 1291 2196 2231 1291 2231 1347 2197 2195 2231 2195 1347 2231 2233 2231 1353 2233 1353 2232 2231 2196 1353 1352 1353 2198 2196 2198 1353 2234 1356 1355 2233 2232 2236 2198 1296 1352 2200 2201 2235 1355 1359 2234 2200 2235 2237 2200 2237 2202 2237 2235 2238 2205 2237 2239 2202 2237 2205 2242 2241 2240 2242 2240 1365 2242 1365 1363 2243 1365 2240 2243 2240 2247 1367 2246 2245 1367 2245 1366 2245 2246 2244 2249 2244 1369 2249 1369 2248 2244 2246 1369 1368 1369 2250 2246 2250 1369 2252 2249 2248 2253 2251 2250 2251 1368 2250 2251 1372 1368 2254 1373 1372 2254 1372 2255 2255 1372 2251 2260 2254 2255 2260 1376 2254 2260 2259 1376 1375 1376 2259 2257 2258 2256 2259 1379 1375 2257 2256 2261 2262 1383 2264 2262 2263 1383 2263 1381 1383 2264 2265 2262 2266 2267 2268 2266 2268 1386 1386 2268 1387 2271 1388 1390 2271 2269 1388 2270 2267 2266 2273 1391 2272 2273 1392 1391 2274 1393 2269 1393 1388 2269 2275 2276 2272 2275 2272 1394 1394 2272 1391 1398 2278 2277 1398 2277 1394 2279 2275 2277 2275 1394 2277 2278 1402 1400 2278 1400 2277 2277 1400 2280 1404 2282 2281 1404 2281 1400 1400 2281 2280 2282 1406 1405 2282 1405 2284 2282 2284 2281 2284 1405 2283 2284 2283 2287 2288 2286 1407 2288 1407 1409 1407 2286 2285 2290 2291 2289 2286 2292 2285 2292 1411 2285 2292 1413 1411 2290 2289 2295 2296 2294 1414 2296 1414 1416 1414 2294 2293 2297 1418 1419 2298 2297 1419 2298 1419 2293 2298 2293 2294 1418 2299 1421 1418 2297 2299 2297 2300 2299 2300 1425 2299 2299 1425 1424 2303 2304 2302 2303 2302 2301 1427 2242 1363 1427 2305 2242 2305 2306 2242 1429 2245 2307 1429 1366 2245 1427 1430 2305 1432 1431 2308 1369 1429 2248 1429 2309 2248 1429 2307 2309 2308 1434 2310 2308 1431 1434 2248 2309 2252 2310 2311 2312 1434 2311 2310 1434 2254 2311 1434 1373 2254 2256 2258 2313 2254 1376 2311 1376 2314 2311 1376 1436 2314 2256 2313 2261 2315 2263 2316 2315 1438 2263 1438 1381 2263 2316 2317 2315 2318 2266 1386 1440 2318 1386 2270 2318 2319 2266 2318 2270 2273 2320 1392 2320 1441 1392 1444 2322 2321 1443 1444 2321 2324 2323 1446 2324 1446 2321 2321 1446 1443 1446 2323 1448 2327 2326 2325 2325 2326 2328 2325 2328 1405 2325 1405 1449 2283 1405 2328 1407 2329 1451 1407 2285 2329 2287 2283 2328 2285 1411 2329 2329 1411 1453 2289 2291 2331 2289 2331 2330 2295 2330 2332 2295 2289 2330 1414 2293 1454 1454 2293 1419 1457 1456 2333 1421 2333 1456 1421 2299 2333 2299 2334 2333 2302 2336 2301 2299 1424 2335 2299 2335 2334 2335 1424 1459 1462 2337 1461 1462 2306 2337 2306 2305 2337 2305 1464 2337 1430 1464 2305 2338 1432 2308 1465 1432 2338 1467 2310 1466 1467 2338 2310 2338 2308 2310 2310 1468 1466 2310 2340 1468 2310 2312 2340 2339 1468 2340 2339 1436 1468 2339 2341 1436 2341 2314 1436 1470 2342 2343 1469 2342 1470 1438 2315 1472 1469 1473 2345 1469 2345 2342 2345 1473 2344 2344 2346 2317 2344 2317 2345 2346 1475 2317 2315 2317 1472 1475 1472 2317 1477 1476 2318 1477 2318 2346 1440 1475 2318 1475 2346 2318 1476 1479 2347 2318 1476 2347 2318 2347 2348 2318 2348 2319 2348 2347 2349 2348 2349 1441 2348 1441 2320 1441 2349 1481 2350 1484 1483 2349 2351 1481 2351 1444 1481 2351 2322 1444 1486 2350 1483 1486 2352 2350 2353 2323 2324 2352 1486 1448 2352 1448 2354 2323 2353 1448 2353 2354 1448 2327 2325 2355 2357 1489 2356 2355 1489 2357 2355 1449 1489 2355 2325 1449 1451 2329 1490 1489 1491 2356 2330 2359 2358 2330 2331 2359 2329 1453 1490 2332 2358 2360 2330 2358 2332 2333 1493 1457 2361 2333 2334 2361 1495 2333 2361 2362 1495 1495 1493 2333 2361 1497 2363 2361 2335 1497 2361 2334 2335 1496 1497 2335 1461 2365 1498 1461 2337 2365 2337 2364 2365 1500 2337 1464 1500 2364 2337 2368 2366 2367 2366 2369 2367 2366 1465 2369 2366 1502 1465 2338 2369 1465 2371 1503 2370 2369 1503 2371 2369 1467 1503 2369 2338 1467 2373 2339 2340 2373 2372 2339 1504 2370 1503 2341 2372 2374 2339 2372 2341 1507 2376 2375 1507 1470 2376 1470 2343 2376 1507 2344 1473 1507 2378 2344 1507 2375 2378 2379 2378 2375 1509 1508 2377 1508 2380 2377 1508 1511 2380 2378 2381 2344 2381 2346 2344 2380 1511 1514 2346 2381 1477 2381 1513 1477 2381 2382 1513 1517 1516 2383 1479 1513 2347 1513 2384 2347 1513 2382 2384 1516 2385 2383 1516 1519 2385 2384 2386 2347 2386 2349 2347 2349 2386 2351 2350 1521 1484 2385 1519 1522 2388 2389 2387 1521 2352 1524 1521 2350 2352 2388 2387 2390 2352 1526 1524 2352 2392 1526 2352 2354 2392 2391 1526 2392 2391 2394 2393 2391 2393 1526 1526 2393 1527 2356 2393 2357 2356 1529 2393 1529 1527 2393 1532 2395 2396 1532 1531 2395 1491 1529 2356 2358 2359 2395 2358 2395 1534 1534 2395 1531 2360 2358 1534 2360 1534 2397 2397 1534 1536 1536 2398 2397 1538 2398 1536 1540 2400 2399 1540 1495 2400 1495 2362 2400 2399 1497 1540 2399 2401 1497 2401 2363 1497 2403 2404 2365 2403 2365 2402 2402 2365 2364 2368 2405 1542 2368 1542 2366 2405 2402 1542 1500 1542 2364 2402 2364 1542 2366 1542 1502 2370 1545 1546 2370 1546 2371 2371 1546 2406 2370 1504 1545 2372 2373 1547 2373 1548 1547 2373 2407 1548 1547 1549 2408 2372 1547 2408 2372 2408 2409 2372 2409 2374 2409 2375 2376 2409 2408 2375 2408 2410 2375 2377 1551 1509 2377 2411 1551 2375 2410 2379 2410 2412 2379 2377 2380 2411 2380 2413 2411 1554 2380 1514 1554 2413 2380 2416 2414 2415 2415 2414 2417 1517 2383 1555 1555 2418 1557 1555 2383 2418 2383 2385 2418 2385 1558 2418 2385 1522 1558 2387 2389 2419 2390 2387 2419 2421 2422 2420 2391 1562 1561 2392 1562 2391 2392 2420 1562 2392 2421 2420 2391 1561 1563 2391 1563 2424 2391 2424 2394 2423 2424 1563 1564 2423 1563 2425 2423 1564 2425 1564 1532 2425 1532 2426 2426 1532 2396 2429 2428 2427 2428 2431 2430 2427 2428 2430 2431 2432 2430 2431 1538 2432 2431 2398 1538 1538 1568 2432 2434 2399 2400 2434 2433 2399 1570 2432 1568 2401 1571 2435 2401 2433 1571 2401 2399 2433 2433 1572 1571 2437 2436 2403 2437 2403 1573 2437 1573 1574 1573 2403 2402 2405 1573 2402 2405 2438 1573 2438 1576 1573 2439 1578 1576 2439 1576 2440 2440 1576 2438 2406 1546 2439 2406 2439 2440 1546 1580 2439 2442 2439 2441 1580 2441 2439 2441 1580 1548 2407 2441 1548 2408 1549 1582 1582 1583 2443 1582 2443 2408 2408 2443 2410 2411 1585 1551 2411 2444 1585 2410 2443 2412 2443 2445 2412 2446 2447 2444 2446 2444 2413 2413 2444 2411 2414 2416 2448 2413 1554 2446 1554 2449 2446 1554 1588 2449 2414 2448 2417 2451 2452 2450 2418 1590 1557 2451 2453 2454 2451 2450 2453 1590 2418 1558 2422 2456 2420 2457 2454 2453 1592 2455 1593 2456 1562 2420 2456 1595 1562 2456 2459 1595 2458 1595 2459 2455 1592 1596 1597 1595 2424 1597 2424 2423 1595 2458 2424 2461 2424 2460 2458 2460 2424 2461 2460 2463 2463 2460 2462 1597 2423 2425 1597 2425 1599 2425 1600 1599 2425 2464 1600 2425 2426 2464 2465 2464 2426 2463 2462 2466 2429 2464 2465 2429 1603 2464 2429 2427 1603 1602 1603 2427 2468 2469 2467 2468 2467 2471 2471 2467 2470 1602 2427 2430 1602 2430 1604 2471 2470 2473 1604 2430 1605 2430 2472 1605 2430 2432 2472 2432 1570 2472 2472 1570 1606 2433 2434 2475 2433 2475 2474 1572 2433 2474 1572 2474 2476 1572 2476 1608 2477 2476 2474 2436 1609 2478 2436 2479 1609 2436 2437 2479 2479 1610 1609 2481 1612 2480 2481 2478 1612 2478 1609 1612 2480 2482 2483 1612 2482 2480 1612 2439 2482 1612 1578 2439 2484 1614 2439 2484 2439 2442 1614 1615 2439 2482 2439 2485 1615 2485 2439 2486 1617 1614 2486 1614 2487 2487 1614 2484 2487 2488 2486 1618 2489 2491 1618 2491 1583 2490 2443 2491 2443 1583 2491 2443 2490 2445 2444 1620 1585 2489 1618 1621 2493 2494 2492 1620 2444 2447 1620 2447 1622 2493 2492 2447 2492 1622 2447 2449 1588 2495 2495 1588 1624 1627 2496 2497 1626 2496 1627 2499 1626 1629 2499 2496 1626 2452 2498 2450 2501 2450 2498 2501 2453 2450 1631 2500 1632 1631 2503 2500 1631 2502 2503 1631 1593 2502 2455 2502 1593 2453 2501 2457 1596 1635 2502 1596 2502 2455 1635 2504 2502 2459 2502 2458 2504 2458 2502 1638 1637 2460 1638 2460 2504 2504 2460 2458 2462 2460 2507 2462 2507 2506 2460 1637 2507 2505 2507 1640 1637 1640 2507 2506 2466 2462 2505 1640 2464 2505 2464 2508 2464 1640 1600 2464 1603 2508 2508 1603 1642 2467 2469 2510 2467 2510 2509 2467 2509 2470 2470 2509 2511 2472 1644 1605 2472 2512 1644 2470 2511 2473 2511 2513 2473 2472 1646 2512 2472 1606 1646 2474 2475 2514 2477 2474 2514 2516 2517 2515 2520 1610 2479 2520 1648 1610 2520 2519 1648 2518 1648 2519 2521 1650 1649 1652 1648 2481 1652 2481 2480 1648 2518 2481 2523 2481 2522 2518 2522 2481 2480 1653 1652 2480 2524 1653 2480 2483 2524 2525 2524 2483 2523 2522 2526 2485 1615 2524 2485 2524 2525 1615 1655 2524 2528 2524 2527 1655 2527 2524 1655 2529 2527 1655 1658 2529 1657 1617 2486 2486 1659 1657 2486 2531 1659 2486 2488 2531 2530 1659 2531 2533 2491 1659 2533 1659 2530 2491 2489 1659 1660 1659 2532 2489 2532 1659 2489 1621 2532 2532 1621 1661 2492 2494 2535 2492 2535 2534 1622 2492 2534 1622 2534 2536 1622 2536 1663 2537 2536 2534 2539 1664 2538 2539 1665 1664 2495 1624 2536 1624 1663 2536 2538 1664 2540 2538 2540 2542 1664 1627 2540 2541 2540 2497 1627 2497 2540 2541 2543 2540 2541 1629 2543 2541 2499 1629 1629 1667 2543 1632 2543 1667 1632 2500 2543 2500 2544 2543 2503 2546 2545 2503 2545 2500 2500 2545 2544 2547 2545 1635 2547 1635 1669 2545 2546 1635 2504 1635 2548 2546 2548 1635 2548 2550 1638 2548 1638 2504 2550 2549 1638 1669 1638 2547 2549 2547 1638 2505 1672 1673 2507 2505 1673 2507 1673 2549 2507 2549 2550 2551 2505 2508 2551 1674 2505 2551 2552 1674 1674 1672 2505 2509 2510 2553 2508 1642 2551 1642 2554 2551 1642 1676 2554 2556 2509 2553 2556 2555 2509 2555 2511 2509 2513 2555 2557 2513 2511 2555 1644 2512 1678 1680 2558 2559 1680 1679 2558 1646 1678 2512 2517 2560 2515 2517 1679 2560 2517 2558 1679 1681 2560 1679 2521 1649 1684 2518 2519 2562 1683 1682 2561 1682 2563 2561 1682 1686 2563 2562 2564 2518 2564 2522 2518 2564 2526 2522 2563 1686 2524 2563 2524 2565 2524 1686 1653 2528 2566 2565 2524 2528 2565 1688 2567 2568 1688 2568 1658 1658 2568 2529 2570 2530 2531 2570 2569 2530 1689 2567 1688 2530 2569 2571 2530 2571 2533 2569 1691 2571 2532 2571 1660 1691 1660 2571 1661 1693 2571 1661 2571 2532 1693 2572 2571 2535 2571 2534 2572 2534 2571 2537 2573 2574 2537 2534 2573 2534 2572 2573 2574 2573 1695 2574 1695 2539 2539 1695 1665 2540 1697 1698 2540 1698 2542 2542 1698 2575 1697 2576 1699 1697 2540 2576 2540 2543 2576 2578 2579 2577 2544 1700 2576 2544 2576 2543 2576 1700 1701 2544 2545 1702 2544 1702 1700 2545 2580 1702 2577 1702 2578 2580 2578 1702 2545 2547 2581 2580 2545 2581 2581 1706 2582 2581 2549 1706 2581 2547 2549 1705 1706 2549 1708 2583 2584 1708 1707 2583 1673 1705 2549 1674 2552 2585 1674 2585 1709 2552 2583 2585 1710 2585 1707 2583 1707 2585 1712 2586 2585 1712 2585 1713 2586 2554 2585 1709 2585 1676 2554 1676 2585 2556 2587 2555 2556 1712 2587 2556 2586 1712 1714 2587 1712 2587 2557 2555 2587 2589 2557 2588 1716 1715 2588 1715 1680 2588 1680 2590 2590 1680 2559 2591 2560 1681 1719 2591 1681 1683 2561 1721 1723 1722 2592 2563 1721 2561 1726 1721 2563 1726 2593 1727 1726 2563 2593 2563 2565 2593 2593 2565 1729 2593 1729 1730 2565 2566 1729 2594 1729 2595 2566 2595 1729 2568 2567 2596 2594 1732 1729 1689 1734 2596 1689 2596 2567 1734 2597 2596 2570 2596 2569 2597 2569 2596 1735 1691 2599 1735 2599 2598 1691 2569 2599 2600 2599 2597 2569 2597 2599 2599 2601 2598 1693 1736 2572 1736 1738 2602 1736 2602 2572 2572 2602 2573 1695 2573 2602 1695 2602 2603 1695 2603 1739 2604 2603 2602 2606 1741 2605 2606 1742 1741 2575 1698 2603 1698 1739 2603 1741 2607 2605 1741 1744 2607 1743 1699 2576 2576 1701 1743 2577 2579 2609 1746 1745 2608 2608 1745 1749 2577 2609 1702 2609 1748 1702 2609 2610 1748 1748 2610 2611 1750 1748 2611 2582 1706 2612 2612 1706 1752 2584 1753 1708 2613 1753 2584 1710 2614 2585 1710 1753 2614 1753 2613 2614 2616 2615 1755 2614 2616 1755 2614 1755 1713 2614 1713 2585 2615 2618 2617 1755 2615 2617 1755 2617 2587 1755 2587 1714 1716 2619 1757 1716 2588 2619 2589 2587 2617 2590 2620 1758 2590 1758 2619 2590 2619 2588 2619 1758 1759 1758 2620 2591 1758 2591 1719 2620 2621 2591 1761 2591 1762 2621 1762 2591 2624 2625 2623 1765 2592 1722 2622 1764 1763 2622 2626 2627 2622 1763 2626 1763 1767 2626 1767 2628 2626 1767 1769 2628 1768 1727 2593 2593 1730 1768 2594 2595 2630 1771 1770 2629 2630 2632 1732 2630 1732 2594 2632 2631 1732 1770 1732 2629 2631 2629 1732 2633 2631 1734 2633 1734 1774 2631 2632 1734 2597 1734 2634 2632 2634 1734 2634 2600 2597 2633 1774 2598 2633 2598 2635 2598 1774 1735 2601 2637 2636 2601 2636 2598 2598 2636 2635 2638 2602 2637 2638 2637 2639 2602 1738 2637 2636 2637 1777 1738 1777 2637 2638 2604 2602 2638 2641 2604 2640 1780 1779 1782 2606 2642 1782 1742 2606 1779 1783 2640 1744 2642 2607 1744 1782 2642 1785 1784 2643 1784 1788 2643 1787 1746 2608 2646 2644 2645 2645 2644 2648 1787 2608 1749 2647 1790 1789 2650 1750 2611 2650 2647 1750 2650 2649 2647 1789 1750 2647 2650 2651 2649 2650 1752 2651 2650 2612 1752 1752 1793 2651 2651 1793 1794 2654 2652 2653 2656 2653 2652 2655 1796 1795 2658 2615 2616 2658 2657 2615 1798 2655 1795 2618 1800 2659 2618 2657 1800 2618 2615 2657 2657 1801 1800 1757 2619 1803 1800 1804 2661 1800 2661 2659 2661 1804 2660 2619 1759 1803 2661 2660 2662 2621 1805 1762 2663 1805 2621 2625 2665 2664 2625 2664 2623 2665 1806 2664 2622 2664 1764 1806 1764 2664 2622 2627 2664 1810 2666 1809 2666 1769 1809 2666 2667 1769 2667 2628 1769 2668 1771 2629 2668 2669 1771 2669 1812 1771 2671 2668 1814 2671 1814 2670 2668 2629 1814 1813 1814 2631 2629 2631 1814 2671 2670 2673 1813 2631 1815 2631 2672 1815 2631 2633 2672 2674 2675 2672 2674 2672 2635 2635 2672 2633 2677 2674 1818 2677 1818 2676 2674 2635 1818 1817 1818 2636 2635 2636 1818 1817 2636 1777 2677 2676 2679 2638 2639 2678 2638 2678 2641 1780 2640 1820 2640 1783 1820 2681 2682 2680 2681 2680 2683 1785 2643 1822 2646 2684 2644 2643 1788 1822 2644 2684 2648 1790 2647 1825 1825 2685 1826 1825 2647 2685 2647 2649 2685 2686 2687 2685 2686 2685 2651 2651 2685 2649 1794 1828 2686 1794 2686 2651 1828 2688 2686 2654 2686 2652 2688 2652 2686 2656 2688 2689 2656 2652 2688 1796 2655 1829 2658 2690 2657 2655 1798 1829 2657 1831 1801 2657 2692 1831 2657 2690 2692 2692 2691 1831 2693 2660 2692 2693 2692 2694 2660 1804 2692 2691 2692 1832 1804 1832 2692 2662 2693 2695 2660 2693 2662 1834 2696 1835 2665 2697 1837 1806 2665 1837 1839 2698 2700 1839 2700 1810 2699 2666 2700 2666 1810 2700 2698 1841 2701 2698 1839 1841 2666 2699 2667 2701 1841 1812 2701 1812 2702 2702 1812 2669 2670 1814 1843 2672 2703 1843 2672 1843 1815 2703 2704 1843 2670 1843 2673 2704 2673 1843 2703 2672 1845 2703 1845 1846 2672 2675 1845 2705 1845 2706 2675 2706 1845 1818 1845 2705 1818 2705 2676 2676 2705 2707 2679 2707 2708 2676 2707 2679 2711 2709 2710 2680 1851 1850 2682 1851 2680 2682 2709 1851 2682 2710 2709 1850 1853 2712 2680 1850 2712 2680 2712 2713 2680 2713 2683 2713 2714 2715 2712 2714 2713 2717 2715 2714 2716 1856 1855 2716 2718 2719 1855 2718 2716 1855 2685 2718 1855 1826 2685 2685 2687 2718 1860 2720 1859 1862 1861 2688 1862 2688 2720 1828 1859 2688 1859 2720 2688 2689 2688 1861 2689 1861 2721 2721 1861 1864 2722 1864 1866 2722 2723 1864 2723 2721 1864 2724 2723 2722 2724 2725 2723 2691 1867 1831 2694 1868 2693 2694 1869 1868 2694 2725 1869 2724 1869 2725 2691 1832 1867 1868 1871 2726 2693 1868 2726 2693 2726 2727 2693 2727 2695 2728 2727 2726 2728 2729 2727 2696 1872 1835 2732 1837 2697 2732 1874 1837 2732 2731 1874 2730 1874 2731 2733 1876 1875 1877 1874 2700 1877 2700 2698 1874 2730 2700 2735 2700 2734 2730 2734 2700 2735 2734 2737 2737 2734 2736 1877 2698 2701 1877 2701 1879 2736 2738 2702 2736 2702 2737 2738 1881 2702 2701 2702 1879 1881 1879 2702 2739 1883 1881 2739 1881 2740 2738 2741 1881 2741 2740 1881 2740 2704 2703 2740 2703 2739 2739 2703 2742 2703 1846 2742 2742 1846 1884 2705 2706 2744 2705 2744 2743 1886 1885 2707 1886 2707 2743 2743 2707 2705 1885 2708 2707 1885 1888 2708 1888 2745 2708 2709 1891 1890 2709 2711 1891 2711 2746 1891 1892 1851 2709 1892 2709 2747 1890 1893 2709 1893 2747 2709 1892 2712 1853 1892 2749 2712 1892 2747 2749 2750 2749 2747 1896 1895 2748 1895 1897 2751 1895 2751 2748 1897 2714 2751 2749 2751 2712 2714 2712 2751 1856 2716 2752 1856 2752 1897 2717 2714 2752 2714 1897 2752 2755 2752 2716 2755 2716 2753 2719 2754 2716 2754 2753 2716 2754 2756 2753 1860 1900 2720 1902 1862 2720 1902 2720 2757 1900 1903 2720 1903 2757 2720 1904 1902 2757 2758 1904 2757 1904 2722 1866 1904 2760 2722 1904 2758 2760 2761 2760 2758 1906 1905 2759 2722 2762 2724 2722 2760 2762 2759 1905 1908 2764 2763 1909 2762 2764 1909 2762 1909 1869 2762 1869 2724 1909 2726 1871 1909 2766 2726 1909 2763 2766 2767 2766 2763 1911 1910 2765 2726 2768 2728 2726 2766 2768 2765 1910 1913 2769 1916 1915 2772 2773 2771 2733 1875 1917 2730 2731 2770 1915 2774 2769 1915 1919 2774 2770 2775 2730 2775 2734 2730 1919 1921 2776 1919 2776 2774 1921 2736 2776 2775 2776 2734 2736 2734 2776 1921 1923 2777 1921 2777 2736 2736 2777 2738 1883 2739 1924 2741 2738 2779 2738 2778 2779 2738 2777 2778 1924 2742 1926 1924 2739 2742 2779 2778 2780 2742 1884 1926 2743 2744 1927 2744 1928 1927 2744 2781 1928 2743 1927 1886 2783 2782 2784 2783 1930 2782 2783 2745 1930 2745 1888 1930 2746 1932 1891 2785 1932 2746 1893 2786 2747 1893 1932 2786 1932 2785 2786 2747 2786 2750 1896 2748 1934 2748 1935 1934 2748 2788 1935 2748 2751 2788 2787 1935 2788 1937 1935 2787 2789 1937 2787 2755 2753 2790 2789 1939 1937 2753 2756 2790 2757 1903 1940 2791 2758 2757 2791 2757 1941 2791 1941 2792 1941 2757 1940 2758 2791 2761 1906 2759 2794 1906 2794 1942 2794 2759 2793 2796 1943 2795 2793 1943 2796 2793 1908 1943 2793 2759 1908 1944 2795 1943 1944 2797 2795 2798 2763 2764 2798 2767 2763 2797 1944 2765 2797 2765 2799 2765 1944 1911 1946 2765 1913 1946 2800 2765 2800 2799 2765 2769 2801 1947 2769 1947 1916 2801 2802 1947 2773 1947 2771 2802 2771 1947 2769 2774 2801 2774 2803 2801 2776 2804 1948 2776 1948 2803 2776 2803 2774 2803 1948 1949 1923 1948 2804 1923 2804 2805 1923 2805 2777 2805 2804 2806 1951 2807 1952 2808 2778 2809 2778 2805 2809 2778 2777 2805 2807 1953 2810 2807 1951 1953 2778 2808 2780 2812 1928 2781 2812 2810 1928 2812 2811 2810 1953 1928 2810 2812 2784 2782 2812 2782 2811 2811 2782 2813 2782 1956 2813 1930 1956 2782 2816 2814 2815 2815 2814 2817 2819 2787 2788 2818 2787 2819 1961 2820 1962 2821 2789 2822 2789 2818 2822 2789 2787 2818 2821 1939 2789 2821 1963 1939 2821 2824 1963 2823 1963 2824 2820 1961 1964 2823 2826 2825 2823 2825 1963 1963 2825 1966 1966 2825 2827 1968 1966 2827 2792 1941 2828 2828 1941 1969 2794 2829 1942 2829 1971 1942 2795 1972 1973 2795 1973 2796 2796 1973 2830 2797 1972 2795 1974 1972 2797 2799 1974 2797 2799 1976 1974 2831 2832 2833 2799 2800 1977 2799 1977 1976 2800 2834 1977 2831 1977 2832 2834 2832 1977 2802 2839 2838 2802 1980 2839 2802 2801 1980 1979 1980 2801 2836 2837 2835 2836 2835 2841 1979 2801 1983 2801 2840 1983 2801 2803 2840 1949 2840 2803 1949 2842 2840 1949 1984 2842 2843 2840 2842 2845 1984 1986 2845 2842 1984 2806 2844 2805 2805 2844 2809 1952 2807 1988 1988 2846 1989 1988 2807 2846 2807 2810 2846 1991 2811 1990 1991 2846 2811 2846 2810 2811 2847 2811 2813 2847 1993 2811 2847 2848 1993 1993 1990 2811 2850 1995 2849 2847 1995 2850 2847 1956 1995 2847 2813 1956 1995 1997 2849 2852 2814 2816 2851 2814 2852 2817 2000 2853 2817 2851 2000 2817 2814 2851 2851 2001 2000 2819 2854 2818 2819 2000 2854 2819 2853 2000 2003 2854 2000 2822 2854 2855 2822 2818 2854 1962 2820 2004 2820 1964 2004 2823 2824 2006 2824 2007 2006 2824 2856 2007 2006 2826 2823 2006 2009 2826 2009 2857 2826 2011 2859 2858 2011 1968 2859 1968 2827 2859 2858 1969 2011 2858 2860 1969 2860 2828 1969 2014 2862 2861 2014 1971 2862 1971 2829 2862 2016 2863 2861 2016 2861 2017 2863 2830 2861 2014 2861 1973 2830 1973 2861 2864 2016 2018 2864 2865 2016 2865 2863 2016 2833 2867 2831 2868 2865 2864 2020 2866 2021 2866 2020 2023 2831 2867 1977 2867 2022 1977 2867 2869 2022 2839 1980 2026 2835 2837 2871 2025 2024 2870 2835 2871 2841 2840 2027 1983 2870 2024 2028 2873 2874 2872 2872 2875 2843 2872 2843 2873 2875 2030 2843 2840 2843 2027 2030 2027 2843 2877 2845 1986 2877 1986 2875 2877 2875 2876 2030 2875 1986 2879 2877 2876 2878 2034 2033 1989 2878 2033 1989 2846 2878 2846 2880 2878 2846 2036 2880 1991 2036 2846 2848 2881 1993 2881 2037 1993 2882 2883 2850 2882 2850 2040 2849 2039 2850 2039 2040 2850 2883 2882 2885 2039 2849 1997 2884 2042 2041 2884 2852 2886 2884 2043 2852 2884 2041 2043 2043 2851 2852 2851 2043 2001 2854 2003 2045 2854 2045 2047 2854 2047 2888 2854 2888 2855 2887 2888 2047 2887 2047 2007 2887 2007 2889 2889 2007 2856 2890 2891 2857 2890 2857 2049 2049 2857 2009 2858 2052 2051 2859 2052 2858 2859 2890 2052 2859 2891 2890 2051 2860 2858 2051 2053 2860 2053 2892 2860 2862 2893 2861 2895 2894 2056 2893 2895 2056 2893 2056 2017 2893 2017 2861 2059 2058 2864 2059 2864 2894 2018 2056 2864 2056 2894 2864 2866 2060 2021 2868 2864 2061 2868 2061 2896 2061 2864 2058 2866 2023 2060 2025 2870 2063 2065 2064 2897 2874 2898 2872 2870 2028 2063 2898 2899 2068 2898 2068 2875 2898 2875 2872 2067 2875 2068 2067 2070 2900 2067 2900 2875 2875 2900 2876 2876 2900 2901 2876 2901 2879 2900 2072 2901 2878 2901 2034 2072 2034 2901 2903 2901 2075 2903 2075 2902 2901 2878 2075 2074 2075 2880 2878 2880 2075 2903 2902 2905 2074 2880 2036 2904 2078 2077 2904 2077 2037 2904 2037 2906 2906 2037 2881 2882 2040 2080 2884 2907 2080 2884 2080 2042 2907 2908 2080 2882 2080 2885 2908 2885 2080 2886 2909 2083 2886 2083 2907 2886 2907 2884 2907 2083 2084 2911 2910 2085 2911 2085 2909 2909 2085 2083 2910 2913 2912 2910 2912 2085 2085 2912 2086 2915 2087 2887 2915 2887 2914 2087 2086 2887 2888 2887 2912 2086 2912 2887 2918 2914 2887 2918 2887 2916 2889 2917 2887 2917 2916 2887 2919 2890 2917 2919 2917 2920 2890 2049 2917 2916 2917 2089 2049 2089 2917 2052 2890 2919 2052 2919 2921 2052 2921 2091 2922 2921 2919 2921 2053 2091 2892 2053 2921 2924 2894 2895 2923 2894 2924 2093 2059 2926 2093 2926 2925 2059 2894 2926 2927 2926 2923 2894 2923 2926 2926 2928 2925 2926 2061 2928 2926 2896 2061 2061 2094 2928 2096 2928 2094 2929 2928 2096 2931 2098 2930 2932 2098 2931 2932 2064 2098 2932 2897 2064 2098 2099 2930 2899 2101 2068 2933 2101 2899 2103 2102 2934 2070 2101 2900 2101 2935 2900 2101 2933 2935 2934 2102 2105 2900 2935 2072 2935 2104 2072 2935 2936 2104 2075 2937 2902 2075 2104 2937 2104 2936 2937 2902 2937 2905 2078 2904 2939 2078 2939 2107 2939 2904 2938 2942 2938 2904 2942 2904 2940 2906 2941 2904 2941 2940 2904 2109 2940 2941 2109 2941 2108 2944 2943 2941 2943 2108 2941 2111 2108 2908 2111 2908 2907 2108 2943 2908 2946 2908 2945 2943 2945 2908 2907 2084 2111 2946 2945 2112 2946 2112 2947 2112 2945 2113 2911 2948 2910 2911 2112 2948 2911 2947 2112 2115 2948 2112 2948 2913 2910 2948 2950 2913 2949 2118 2117 2952 2087 2915 2952 2949 2087 2952 2951 2949 2117 2087 2949 2953 2954 2951 2953 2951 2916 2952 2918 2951 2918 2916 2951 2953 2955 2957 2953 2119 2955 2953 2916 2119 2089 2119 2916 2920 2956 2919 2956 2922 2919 2955 2119 2120 2923 2124 2123 2923 2924 2124 2924 2958 2124 2923 2960 2927 2923 2959 2960 2923 2123 2959 2127 2959 2123 2093 2925 2126 2126 2928 2129 2126 2925 2928 2960 2959 2961 2929 2129 2928 2929 2131 2129 2962 2963 2964 2966 2931 2930 2965 2966 2930 2099 2965 2930 2099 2967 2965 2099 2134 2967 2968 2965 2967 2967 2134 2969 2134 2136 2969 2136 2970 2969 2136 2138 2970 2137 2103 2934 2934 2105 2137 2972 2973 2971 2972 2974 2975 2971 2974 2972 2939 2140 2107 2939 2976 2140 2977 2975 2974 2979 2141 2940 2979 2940 2978 2141 2140 2940 2942 2940 2976 2140 2976 2940 2978 2980 2982 2978 2143 2980 2978 2940 2143 2109 2143 2940 2944 2981 2943 2143 2983 2980 2143 2145 2983 2981 2984 2943 2984 2945 2943 2984 2113 2945 2984 2147 2113 2984 2986 2147 2985 2147 2986 2983 2145 2148 2115 2147 2985 2115 2985 2948 2948 2985 2987 2950 2987 2988 2950 2948 2987 2118 2949 2151 2989 2949 2951 2989 2152 2949 2989 2990 2152 2152 2151 2949 2951 2954 2989 2154 2991 2153 2991 2992 2957 2991 2957 2155 2991 2155 2153 2155 2957 2955 2155 2955 2120 2157 2156 2993 2156 2158 2993 2160 2994 2995 2159 2994 2160 2994 2159 2124 2958 2994 2124 2996 2959 2127 2163 2996 2127 2996 2961 2959 2996 2998 2961 2997 2166 2165 2168 2997 2165 2168 2999 2997 3000 2962 2964 3002 2169 2965 3002 2965 3001 2169 2170 2965 2966 2965 3003 2170 3003 2965 3006 3001 2965 3006 2965 3004 2968 3005 2965 3005 3004 2965 2174 3004 3005 2174 3005 2173 2173 3005 3007 3009 2175 3008 3009 2176 2175 2970 2138 3007 2138 2173 3007 2973 3011 2971 3012 3008 3010 3008 2178 3010 3008 2175 2178 2178 2180 3013 2178 3013 3010 2180 2974 3013 3011 3013 2971 2974 2971 3013 2977 2974 2180 2977 2180 3014 3014 2180 2182 2979 3015 2141 2141 3015 2183 3016 3014 2182 3016 2182 2184 2980 3015 2982 2980 2185 3015 2185 2183 3015 2185 3017 2186 2185 2980 3017 2980 2983 3017 2983 2188 3017 2983 2148 2188 2985 2986 3018 3020 2985 3018 3020 2987 2985 2189 3019 2190 2987 3020 2988 3019 2189 2191 3022 3023 3021 3022 3021 3026 2990 3025 2192 2990 2192 2152 2192 3025 3024 3027 3024 2154 3027 2154 2193 3024 3025 2154 2991 2154 3028 3025 3028 2154 3027 2194 3029 3027 2193 2194 2991 3028 2992 3029 3030 3031 2194 3030 3029 2194 2993 3030 2194 2157 2993 2993 3032 3030 2993 2158 3032 2158 2197 3032 2995 2199 2160 3033 2199 2995 2199 3033 3034 2201 2199 3034 2203 3035 3037 2203 3037 2163 3036 2996 3037 2996 2163 3037 2996 3036 2998 2997 2204 2166 3035 2203 2205 3039 3040 3038 2204 2999 2206 2204 2997 2999 3039 3038 3041 3045 3046 3044 3002 3043 2207 3002 2207 2169 2207 3043 3042 3047 3048 3042 3047 3042 3004 3043 3006 3042 3006 3004 3042 3050 2211 3049 3047 2211 3050 3047 2174 2211 3047 3004 2174 2212 3009 3051 2212 2176 3009 2211 2213 3049 3010 3051 3012 3010 2215 3051 2215 2212 3051 2215 3052 2217 3010 3052 2215 3010 3053 3052 3010 3013 3053 3053 3055 3054 3052 3053 3054 3057 3058 3056 3055 3016 3054 3016 2218 3054 3016 2184 2218 3057 3056 3059 3060 2186 3017 2220 2186 3060 2222 3017 2188 2222 3061 3017 3061 3060 3017 2190 3019 2224 2222 2225 3061 3019 2191 2224 3021 3023 3063 2227 2226 3062 2226 3065 3062 2226 3064 3065 2226 2192 3064 3024 3064 2192 3021 3063 3026 3024 3027 3066 3064 3024 3066 3068 3066 3027 3068 3027 3067 3067 3027 3029 3031 3070 3069 3031 3069 3029 3029 3069 3067 3070 3071 3069 3070 2197 3071 3070 3032 2197 2197 2231 3071 2233 3071 2231 3072 3071 2233 3072 2233 2236 3074 3073 2201 3074 2201 3034 2201 3073 2235 3037 3035 3075 3073 2238 2235 3038 3040 3076 3035 2205 3075 2205 3077 3075 2205 2239 3077 3038 3076 3041 3080 2240 2241 3080 3079 2240 3080 3081 3079 3078 2240 3079 2245 2244 3082 2245 3082 3078 2247 2240 3082 2240 3078 3082 3083 3082 2244 2249 3083 2244 3085 2251 2253 3086 3083 2252 3086 2252 3084 2252 3083 2249 3087 2251 3085 2255 2251 3087 2258 3088 3089 2258 2257 3088 2260 2255 3087 3092 3090 3091 3092 2257 3090 3092 3088 2257 2261 3090 2257 2263 2262 3093 2263 3093 3090 3090 3093 3091 2265 3095 3094 2265 3094 2262 3096 3093 3094 3093 2262 3094 3095 2268 2267 3095 2267 3094 3094 2267 3097 2271 3100 2269 2267 2270 3099 2267 3099 3097 3099 2270 3098 3101 2273 2272 3099 3098 3103 3100 2274 2269 3104 3105 3102 2272 3107 3101 2272 3106 3107 2272 2276 3106 3108 3106 2276 3104 3102 3109 3108 2279 2277 3108 2277 3106 3106 2277 3110 3112 2280 3111 3112 3110 2280 3110 2277 2280 3111 3115 3113 3111 2281 3115 3111 2280 2281 2281 3114 3115 3119 3114 3118 3119 3118 3117 3114 2281 3118 3116 3118 2284 2281 2284 3118 3116 2284 2287 3119 3117 2288 3117 2286 2288 3117 3120 2286 2291 2290 3121 2292 2286 3123 2286 3122 3123 2286 3120 3122 3122 2296 3123 3122 2294 2296 3122 3125 2294 3124 2294 3125 3121 2290 2295 3127 3128 2298 3127 2298 3124 3127 3124 3126 2294 3124 2298 3127 3126 3130 3132 3129 3131 3131 2302 2304 3131 3134 2302 3131 3129 3134 3134 3133 2302 3137 3138 3136 3079 3135 3078 3078 2307 2245 3078 3135 2307 3135 3139 2307 3141 3140 2309 3141 2309 3139 3139 2309 2307 3140 2252 2309 3140 3142 2252 3142 3084 2252 2312 3143 3144 2311 3143 2312 2258 3089 3145 2258 3145 2313 3089 3143 3145 2314 3145 2311 3143 2311 3145 3145 3147 3146 2313 3145 3146 2313 3146 3090 2313 3090 2261 3149 3148 2316 3146 3149 2316 3146 2316 2263 3146 2263 3090 3150 2317 2316 3150 2316 3151 3148 3152 2316 3152 3151 2316 3151 3153 3150 3154 3098 2270 3154 2270 3155 3155 2270 2319 2273 3156 2320 2273 3101 3156 3103 3098 3154 3156 3101 2321 3156 2321 2322 3101 3107 2321 3157 2321 3158 3107 3158 2321 3159 2324 2321 3159 2321 3160 3157 3161 2321 3161 3160 2321 3162 3163 3159 3162 3159 3111 3160 3112 3159 3112 3111 3159 3164 2326 3111 3164 3111 3113 2326 2327 3111 3162 3111 3165 2327 3165 3111 3116 3164 3118 3116 2328 3164 2328 2326 3164 3116 2287 2328 3166 2291 3121 3166 3167 2291 3167 2331 2291 3124 3125 3168 3121 2295 3166 2295 3169 3166 2295 2332 3169 3171 3124 3168 3171 3170 3124 3170 3126 3124 3130 3172 3173 3130 3126 3172 3126 3170 3172 3174 3173 3172 3174 3175 3173 3133 2336 2302 3138 3176 3136 3141 3177 3140 3140 3177 3142 3144 3178 2312 3178 2340 2312 3179 3145 2314 3179 2314 3180 3180 2314 2341 3181 2343 2342 3181 3182 2343 3179 3147 3145 3149 3184 3148 3185 3181 3183 3181 2345 3183 3181 2342 2345 3184 3152 3148 3183 2345 3150 3183 3150 3186 3150 2345 2317 3153 3188 3187 3153 3187 3150 3150 3187 3186 3188 3189 3187 3188 2319 3189 3188 3155 2319 2319 2348 3189 3189 3190 3191 2348 3190 3189 2348 3156 3190 2348 2320 3156 3157 3158 3192 3156 2322 3190 2322 3193 3190 2322 2351 3193 3192 3161 3157 3195 3196 3194 2324 3159 2353 2353 3159 3163 2353 3163 2354 3195 3194 3163 3194 2354 3163 3165 2327 2355 3197 3165 2355 2355 3198 3197 2357 3198 2355 3201 3199 3200 3200 3199 3204 3167 3203 2359 3167 2359 2331 2359 3203 3202 3203 2360 3202 3203 3169 2360 3169 2332 2360 3171 3205 3170 3205 3206 2362 3205 2362 3172 3205 3172 3170 2361 3172 2362 3207 3174 3172 3207 3172 2363 3207 2363 3208 2363 3172 2361 3211 3209 3210 2368 3210 3209 2368 2367 3210 2367 3212 3210 3214 2369 3213 3214 3212 2369 3212 2367 2369 2369 2371 3213 3215 3178 3216 3215 2373 3178 2373 2340 3178 3218 3219 3217 3216 3180 3215 3180 2374 3215 3180 2341 2374 3218 3217 2376 3218 2376 3182 3182 2376 2343 3183 2378 2379 3183 2379 3185 3185 2379 3220 3186 2378 3183 2381 2378 3186 3187 2381 3186 2382 2381 3187 3189 2382 3187 3189 2384 2382 3221 3222 3223 3221 3224 3191 3221 3191 3222 3224 2386 3191 3189 3191 2384 2386 2384 3191 3225 2389 2388 3224 3226 2386 3226 2351 2386 3226 3193 2351 3196 3227 3194 3225 2388 2390 3194 3227 3228 3194 3228 2354 2354 3228 2392 2393 2394 3229 3231 3198 2357 3231 2357 3229 3231 3229 3230 2393 3229 2357 3199 2396 2395 3201 2396 3199 3201 3230 2396 3201 3231 3230 2359 3202 3232 2359 3232 2395 3204 3199 3232 3199 2395 3232 3234 2397 3233 3232 2397 3234 3232 2360 2397 3232 3202 2360 3233 2397 2398 3237 3235 3236 3236 3235 3240 3206 3239 2400 3206 2400 2362 2400 3239 3238 3242 3243 3241 3239 3208 3238 3208 2401 3238 3208 2363 2401 3211 3244 3209 3211 2404 3244 3211 3245 2404 2403 3244 2404 2405 2368 3247 2405 3247 3246 2368 3209 3247 3248 3247 3244 3209 3244 3247 3247 3214 3213 3247 3213 3246 3246 3213 3249 3213 2406 3249 2371 2406 3213 3250 2373 3215 2407 2373 3250 3219 3252 3217 3215 2374 3251 3215 3251 3250 3251 2374 2409 3252 3254 2376 3252 2376 3217 3254 3253 2376 2409 2376 3251 3253 3251 2376 3254 2412 3253 3254 3220 2412 3220 2379 2412 2416 3255 3256 2415 3255 2416 3223 3257 3221 3223 2415 3257 3223 3255 2415 2417 3257 2415 3221 3257 3224 3224 3257 3258 2389 3225 2419 3226 3224 3260 3224 3259 3260 3224 3258 3259 3260 3259 3262 2419 3225 2390 3261 2422 2421 3261 2421 2392 3261 2392 3263 3263 2392 3228 3264 3229 2394 3264 2394 3265 3265 2394 2424 3229 3266 3230 3264 3266 3229 3230 2426 2396 3230 3268 2426 3230 3266 3268 3268 3267 2426 2429 3267 3268 2429 3268 2428 3270 3269 3268 3269 2428 3268 3269 3271 3234 3269 3234 2431 3269 2431 2428 2431 3234 3233 3237 3272 3235 3233 2398 2431 2400 3273 2434 2400 3238 3273 3240 3235 3272 3243 3275 3241 3238 2401 3274 3238 3274 3273 3274 2401 2435 3278 3277 3276 3278 3276 2403 3278 2403 2436 3244 2403 3276 3276 3248 3244 3280 3281 3279 2405 3246 2438 2438 3249 2440 2438 3246 3249 3280 3279 3282 2440 3249 2406 2442 2441 3283 3283 3284 3285 2441 3284 3283 2441 3250 3284 2441 2407 3250 3287 3284 3250 3287 3250 3286 3286 3250 3251 3251 3253 3286 3253 3288 3286 2445 3253 2412 2445 3288 3253 3291 3289 3290 3293 3290 3289 3292 2447 2446 3292 2446 2449 3295 3294 2416 3295 2416 3256 2416 3294 2448 2417 2448 3294 2417 3294 3257 3257 3294 3296 2451 3297 2452 3298 3258 3299 3258 3296 3299 3258 3257 3296 2451 3300 3297 2451 2454 3300 3298 3301 3258 3301 3259 3258 3259 3301 3262 3261 2456 2422 3300 2454 2457 3303 3304 3302 3261 2459 2456 3261 3305 2459 3261 3263 3305 3306 3305 3263 3303 3302 3307 3265 2424 3305 3265 3305 3306 2424 2461 3305 3309 3305 3308 2461 3308 3305 3308 2461 3310 2461 2463 3310 2463 3311 3310 2463 2466 3311 2465 2426 3267 3267 2429 2465 3269 3270 2468 3270 2469 2468 3270 3312 2469 3269 2468 2471 3269 2471 3314 3269 3314 3271 3313 3314 2471 2471 2473 3313 3315 2434 3273 3315 3316 2434 3316 2475 2434 3315 2477 3317 3315 3274 2477 3315 3273 3274 2476 2477 3274 2478 3278 2436 2478 3318 3278 3318 3319 3278 3321 3279 3281 3321 3320 3279 2481 3318 2478 3282 2482 3322 3282 3320 2482 3282 3279 3320 3320 2483 2482 2442 3283 2484 2482 2485 3324 2482 3324 3322 3324 2485 3323 3326 3324 3323 3285 3325 3283 3325 2484 3283 3325 2487 2484 3287 3286 3327 3287 3327 2487 3287 2487 3325 2488 2487 3327 3329 3330 3328 3288 2490 3327 3288 3327 3286 3327 2490 2491 3291 2493 3289 3291 2494 2493 3291 3329 2494 3328 2494 3329 3288 2445 2490 3292 3331 2493 3292 2493 2447 3331 3332 2493 3289 2493 3293 3332 3293 2493 3292 2449 3331 3331 2449 2495 3294 3295 3334 3294 3334 3333 2497 2496 3296 2497 3296 3333 3333 3296 3294 3296 3336 3299 3296 3335 3336 3296 2496 3335 2499 3335 2496 2452 3297 2498 2498 3300 2501 2498 3297 3300 3336 3335 3337 3300 2457 2501 3302 3304 3339 2503 2502 3338 2502 3341 3338 2502 3340 3341 2502 2459 3340 3305 3340 2459 3302 3339 3307 3305 3309 3340 2506 2507 3342 3344 3311 2466 3344 2466 3342 3344 3342 3343 2506 3342 2466 3344 3343 2510 3344 2510 3312 3312 2510 2469 3314 3313 3345 3313 2473 2513 3313 2513 3347 3313 3347 3345 3347 2513 3346 3316 2514 2475 3316 3348 2514 3349 3347 3346 3351 2516 3350 3351 2517 2516 3317 2477 3348 2477 2514 3348 3352 3319 3318 3352 2519 3319 3352 3353 2519 2519 2520 3319 3352 3354 3356 3352 2523 3354 3352 3318 2523 2481 2523 3318 3321 3355 3320 3355 2483 3320 3355 2525 2483 3355 3358 2525 3357 2525 3358 3354 2523 2526 2525 3323 2485 2525 3360 3323 2525 3357 3360 3361 3360 3357 2528 2527 3359 3323 3360 3326 3359 2527 2529 3363 3364 3362 3362 3365 3363 3362 2488 3365 3362 2531 2488 3327 3365 2488 3328 3330 3366 3327 2491 3365 2491 3367 3365 2491 2533 3367 3328 2535 2494 3328 3369 2535 3328 3366 3369 3369 3368 2535 3331 2536 2537 3332 3331 2537 3332 2537 3368 3332 3368 3369 3331 2495 2536 3333 3334 3371 2539 2538 3370 3371 2497 3333 3371 2541 2497 3371 3373 2541 3372 2541 3373 3370 2538 2542 3372 3375 3374 2541 3372 3374 2541 3374 3335 2541 3335 2499 3337 3335 3374 3377 3378 3376 3377 3376 3379 2503 3338 2546 3341 2546 3338 3341 3380 2546 3380 2548 2546 3382 3381 2550 3382 2550 3380 3380 2550 2548 2507 2550 3381 2507 3381 3342 3342 3381 3383 2552 2551 3343 2552 3343 3383 3383 3343 3342 2553 2510 3343 2553 3343 3384 2551 2554 3343 2554 3384 3343 3385 2556 2553 3385 2553 3386 3384 3387 2553 3387 3386 2553 3388 3346 3386 3388 3386 3389 3346 2513 3386 3385 3386 2557 2513 2557 3386 3388 3349 3346 3388 3391 3349 3390 2559 2558 3390 2558 2517 3390 2517 3392 3392 2517 3351 3394 3395 3393 3394 3393 2519 3394 2519 3353 2519 3393 2562 3393 3396 3356 3393 3356 2564 3393 2564 2562 2564 3356 3354 3357 3398 3397 3357 3358 3398 3354 2526 2564 3359 2566 2528 3359 3399 2566 3357 3397 3361 3397 3400 3361 3359 2568 3399 3359 2529 2568 3362 3364 3401 3362 2570 2531 3362 3403 2570 3362 3401 3403 3403 3402 2570 3367 2533 3402 3367 3402 3403 2533 2571 3402 3405 3402 3404 2571 3404 3402 2535 3404 2571 2535 3406 3404 2535 3368 3406 3406 3407 3404 2574 3368 2537 2574 3408 3368 3408 3406 3368 3408 3409 3410 2574 3409 3408 2574 3370 3409 2574 2539 3370 2542 2575 3409 2542 3409 3370 2575 3411 3409 3373 3409 3372 3411 3372 3409 3375 3412 3413 3375 3372 3412 3372 3411 3412 3376 2579 2578 3378 2579 3376 3378 3412 2579 3378 3413 3412 3379 3376 2578 3379 2578 3414 3414 2578 2580 3416 2581 3415 3416 3414 2581 3414 2580 2581 3382 3417 3381 3415 2581 2582 3417 3418 2584 3417 2584 3383 3417 3383 3381 2583 3383 2584 3383 2583 2552 3384 2554 2586 2556 3385 3419 2556 3419 2586 3387 3384 3419 3384 2586 3419 3388 3389 3420 3385 2557 3419 2557 3421 3419 2557 2589 3421 3388 3420 3391 2559 3390 3423 2559 3423 2590 3423 3390 3422 3390 3392 3422 3424 3426 3425 3424 3393 3426 3393 3395 3426 3393 3424 3396 3398 3427 3397 3397 3427 3400 2566 3399 3429 2566 3429 2595 3429 3399 3428 3431 2596 3430 3428 2596 3431 3428 2568 2596 3428 3399 2568 2570 3430 2596 2570 3402 3430 3402 3432 3430 3432 3402 2599 3432 2599 2600 3402 3405 2599 3433 2599 3434 3405 3434 2599 3436 3407 2599 3436 2599 3433 3407 3406 2599 2601 2599 3435 3406 3435 2599 3437 3438 3435 3437 3435 3408 3408 3435 3406 3408 3410 3437 2604 3439 2603 2603 3411 2575 2603 3441 3411 2603 3439 3441 3442 3441 3439 2606 2605 3440 2605 2607 3440 3411 3441 3443 3411 3443 3412 3443 3441 3444 2609 2579 3412 2609 3412 3445 3445 3412 3443 2610 2609 3445 3446 2610 3445 3448 3416 2610 3448 2610 3446 3416 3415 2610 2611 2610 3447 3415 3447 2610 2612 3415 2582 2612 3447 3415 3451 3449 3450 3418 2613 2584 3418 3452 2613 3453 3450 3449 3452 3454 2613 2613 3454 2614 2614 3454 3455 2616 2614 3455 2617 2618 3456 3456 2589 2617 3456 3457 2589 3457 3421 2589 2620 3459 3458 2620 2590 3459 2590 3423 3459 3460 2621 2620 3460 2620 3461 3458 3462 2620 3462 3461 2620 3463 3425 3426 3464 2624 2623 2627 3465 3466 2626 3465 2627 3467 2626 2628 3467 3468 2626 3468 3465 2626 3468 3467 3469 3468 3469 2595 3468 2595 3429 2595 3469 2630 3469 3470 3431 3469 3431 2632 3469 2632 2630 2632 3431 3430 3432 2632 3430 3432 2634 2632 3471 3472 3473 2634 3432 2600 3472 3471 3475 3433 3434 3474 3433 3474 3436 2601 3435 2637 2637 3476 2639 3435 3476 2637 3435 3477 3476 3435 3438 3477 3476 3477 3478 3476 3478 2604 3476 2604 2641 3439 2604 3478 3439 3478 3442 2606 3440 2642 3444 3479 3443 3440 2607 2642 3479 3480 2646 3479 2646 3445 3479 3445 3443 2645 3445 2646 3481 3446 3445 3481 3445 2648 3481 2648 3482 2648 3445 2645 3481 3448 3446 3484 3485 3483 2611 3447 2650 2650 3447 2612 3484 3483 3451 3483 3449 3451 3483 3486 3449 3486 3453 3449 3486 3488 3453 3487 2654 2653 3487 2653 2656 3491 3489 3490 3490 3489 2658 3490 2658 3455 3455 2658 2616 3456 2618 2659 3457 3456 2659 3457 2659 3492 3492 2659 2661 3459 3493 3458 3459 2661 3493 3459 3492 2661 2662 3493 2661 3462 3493 3494 3462 3458 3493 2621 3460 2663 3496 2664 3495 3497 2664 3496 3497 2623 2664 3497 3464 2623 3499 2627 3466 3499 3495 2627 3499 3498 3495 2664 2627 3495 3500 3467 3499 3500 3499 3501 3467 2628 3499 3498 3499 2667 2628 2667 3499 2669 2668 3469 2669 3469 3500 3500 3469 3467 3469 2668 2671 3469 2671 3503 3469 3503 3470 3502 3503 2671 3473 3504 3471 3502 2671 2673 3505 2675 2674 3505 3506 2675 3504 3475 3471 3508 2677 3507 3508 3505 2677 3505 2674 2677 2639 3476 2678 2677 2679 3507 3476 2641 2678 3510 3511 3509 2682 3510 3509 2682 2681 3510 2681 3512 3510 2681 3513 3512 2683 3513 2681 3480 2684 2646 3514 2684 3480 3514 2648 2684 3514 3482 2648 3516 3517 3515 3516 3515 3519 3485 3518 3483 3518 3520 2687 3518 2687 3486 3518 3486 3483 2686 3486 2687 3487 3521 2686 3487 2686 2654 3521 3522 2686 3486 2686 3488 3522 3488 2686 3487 2689 3521 3487 2656 2689 3489 3491 3523 3489 2690 2658 3489 3523 2690 3523 3524 2690 3526 3525 2692 3526 2692 3524 3524 2692 2690 3527 2694 2692 3527 2692 3528 3525 3529 2692 3529 3528 2692 3530 3493 3528 3530 3528 3531 3493 2662 3528 3527 3528 2695 2662 2695 3528 3494 3532 3533 3494 3493 3532 3493 3530 3532 3496 3495 3534 3536 3534 2700 3536 2700 3535 3534 3495 2700 2699 2700 3498 3495 3498 2700 2699 3498 2667 3536 3535 3501 3535 3500 3501 3535 3537 3500 3500 3537 2702 2669 3500 2702 3539 3503 3502 3538 3539 3502 3502 2704 3538 2673 2704 3502 3540 3506 3541 3540 2706 3506 2706 2675 3506 3542 3543 3540 3542 3540 3507 3541 3508 3540 3508 3507 3540 3507 2679 2708 3507 2708 3545 3507 3545 3542 3545 2708 3544 3509 2711 2710 3511 2711 3509 3511 3544 2711 3511 3545 3544 3509 2710 2682 3513 2683 2713 3546 3513 2713 3546 2713 3547 2713 2715 3547 3517 3548 3515 3517 2715 3548 3517 3547 2715 2717 3548 2715 3548 3519 3515 3548 3550 3519 3549 2719 2718 3552 2687 3520 3552 3549 2687 3552 3551 3549 2718 2687 3549 3553 3554 3551 3553 3551 3521 3552 3522 3551 3522 3521 3551 3556 2721 3555 3553 2721 3556 3553 2689 2721 3553 3521 2689 2723 3555 2721 3557 3555 2723 3557 3526 3558 3557 2725 3526 3557 2723 2725 2725 3525 3526 3527 3559 2725 3527 2725 2694 3559 3560 2725 3525 2725 3529 3560 3529 2725 3531 3562 3530 3527 2695 3561 3527 3561 3559 3561 2695 2727 2727 3563 3561 2727 2729 3563 3562 3564 3530 3564 3532 3530 3565 2731 2732 3565 2732 3566 3566 2732 3567 3568 3565 2700 3568 2700 2735 3565 3566 2700 3535 2700 3569 3566 3569 2700 2735 2737 3570 2735 3570 3568 2737 3537 3570 3569 3570 3535 3537 3535 3570 3537 2737 2702 3572 3571 3573 3538 2740 2741 3539 3538 2741 3539 2741 3571 3539 3571 3572 3538 2704 2740 3575 3576 3574 3577 2706 3540 3577 2744 2706 3574 3578 3575 3543 3580 3579 3543 3579 3540 3540 3579 3577 3581 3544 3580 3581 3580 3582 3544 2708 3580 3579 3580 2745 2708 2745 3580 3544 3581 2746 2711 3544 2746 3585 3584 3583 2750 3583 3584 2750 3584 2749 2749 3584 3586 3587 2751 2749 3587 2749 3588 3588 2749 3586 3588 3589 3587 2717 2752 3548 3548 3591 3550 3548 3590 3591 3548 2752 3590 2755 3590 2752 2719 3549 2754 3549 3551 2756 3549 2756 2754 3551 3592 2756 3590 2756 3591 3592 3591 2756 3551 3554 3592 3556 3555 3593 3595 3593 2761 3595 2761 3594 3593 3555 2761 2760 2761 3557 3555 3557 2761 3594 3596 3558 3594 3558 3595 3596 2762 3558 3557 3558 2760 2762 2760 3558 3560 3559 3597 3596 2764 2762 3599 3597 2767 3599 2767 3598 3597 3559 2767 2766 2767 3561 3559 3561 2767 3599 3598 3601 3601 3598 3600 2766 3561 3563 2766 3563 2768 2731 3565 2770 2772 2771 3603 2772 3603 3604 3603 2771 3602 3603 3602 3606 3606 3602 3605 2770 3565 3568 2770 3568 2775 3568 2776 2775 3568 3607 2776 3568 3570 3607 3608 3607 3570 3606 3605 3609 3610 3611 3607 3610 3607 3571 3608 3573 3607 3573 3571 3607 3571 2741 2779 3571 2779 3610 3610 2779 3612 3614 2779 2780 3614 3612 2779 3576 3613 3574 3574 3613 3578 2744 3577 3616 2744 3616 2781 3616 3577 3615 3615 2784 3617 3615 3579 2784 3615 3577 3579 2783 2784 3579 3581 3619 3618 3581 3582 3619 3579 2745 2783 2785 2746 3581 2785 3581 3620 3620 3581 3618 2786 2785 3585 2786 3585 3583 2785 3620 3585 3622 3585 3621 3620 3621 3585 3583 2750 2786 3622 3621 3623 3624 2751 3587 3624 3625 2751 3625 2788 2751 3628 3624 3587 3628 3587 3626 3589 3627 3587 3627 3626 3587 3627 3629 3626 2755 2790 3590 3590 2790 2756 3631 3630 3632 3631 3634 3633 3630 3631 3633 2792 3633 3634 2792 3634 2791 2791 3634 3635 2791 3635 3594 2791 3594 2761 3635 3636 3594 2793 3594 2794 3636 2794 3594 3637 3596 3594 3637 3594 2796 3637 2796 3638 2796 3594 2793 3640 3639 2798 3637 3640 2798 3637 2798 2764 3637 2764 3596 3639 3642 3641 2798 3639 3641 2798 3641 3598 2798 3598 2767 3644 3598 3641 3644 3643 3598 3643 3600 3598 3645 3602 2771 3645 2771 3646 3646 2771 2802 3648 3602 3645 3648 3647 3602 3647 3605 3602 3609 3647 3649 3609 3605 3647 2776 3607 2804 2804 3650 2806 3607 3650 2804 3607 3651 3650 3607 3611 3651 2809 3650 3651 2809 3651 2808 2808 3651 3652 3652 2780 2808 3652 3614 2780 3654 3655 3653 3616 2812 2781 3616 3656 2812 3657 3654 3653 3656 2784 2812 3656 3617 2784 3659 3660 3658 3659 3658 3662 3619 3661 3618 3664 3618 3661 3664 3663 3618 3663 3620 3618 2815 3665 2816 3666 3621 3667 3621 3663 3667 3621 3620 3663 3621 3666 3623 3665 2815 2817 3669 3670 3668 3669 3668 3673 3625 3672 2819 3625 2819 2788 2819 3672 3671 3626 2821 2822 3628 3626 2822 3628 2822 3671 3628 3671 3672 2821 3626 3629 2821 3629 2824 2824 3629 3674 3630 2825 2826 3630 2826 3632 3632 2826 3675 2825 3676 2827 2825 3630 3676 3630 3633 3676 2828 3633 2792 2828 3676 3633 3679 3677 3678 3678 3677 2829 3678 2829 3636 3636 2829 2794 3638 2796 3680 3680 2796 2830 3682 3639 3640 3681 3639 3682 3642 2832 3683 3642 3681 2832 3642 3639 3681 3681 2833 2832 3643 3644 3683 3643 3683 2834 2834 3683 2832 3684 2837 2836 3686 3685 2838 3685 2802 2838 3685 3646 2802 3688 3647 3648 3688 3687 3647 2841 3684 2836 3649 2842 3689 3649 3687 2842 3649 3647 3687 3687 2843 2842 2806 3650 2844 2842 2845 3691 2842 3691 3689 3691 2845 3690 3691 3692 3693 3691 3690 3692 2844 3650 2809 3693 3653 3655 3693 3692 3653 3692 3694 3653 3657 3695 3696 3657 3653 3695 3653 3694 3695 3660 3698 3658 3699 3696 3695 2847 3697 2848 3658 3698 3662 3697 2847 2850 3701 3702 3700 3701 3663 3664 3701 3700 3663 3700 3703 3663 3663 3703 3704 3663 3704 3667 3703 2852 3704 3665 3704 2816 2852 2816 3704 3668 3670 3704 3668 3704 2853 3665 2817 3704 2817 2853 3704 3671 3705 2853 3671 2853 2819 3705 3706 2853 3668 2853 3673 3706 3673 2853 3671 2855 3705 2822 2855 3671 3674 3707 2824 3707 2856 2824 3675 2826 3708 3708 2826 2857 3709 2827 3676 3709 3710 2827 3710 2859 2827 2828 2860 3709 2828 3709 3676 2860 3711 3709 3679 3709 3677 3711 3677 3709 3677 3711 2862 2829 3677 2862 2863 3712 3713 2863 3713 2830 2830 3713 3680 2865 3712 2863 2865 3714 3712 3715 3681 3682 3715 2833 3681 3715 2867 2833 3715 3717 2867 3716 2867 3717 3714 2865 2868 2869 2867 3716 3718 2869 3716 3685 3720 3719 3685 3686 3720 2837 3684 2871 3684 2841 2871 3687 3688 3722 2874 2873 3721 3722 3724 2843 3722 2843 3687 3724 3723 2843 2873 2843 3721 3723 3721 2843 3725 3723 2845 3725 2845 2877 3723 3724 2845 3690 2845 3726 3724 3726 2845 3690 3727 3692 3690 3726 3727 3725 2877 2879 3692 3728 3694 3727 3728 3692 3730 3694 3728 3730 3729 3694 3729 3695 3694 3695 3729 3731 3695 3731 3699 3729 2881 3731 3697 3731 2848 2881 2848 3731 3731 3732 3734 3731 2883 3732 3731 3697 2883 2850 2883 3697 3702 3733 3700 3700 3735 3703 3700 3733 3735 3732 2883 2885 3703 3735 3736 3703 3736 2852 2852 3736 2886 3739 3738 3737 3738 3706 3705 3738 3705 3737 3737 3705 3740 3705 2888 3740 2855 2888 3705 3741 3707 3742 3741 2889 3707 2889 2856 3707 3742 3743 3741 3742 2857 3743 3742 3708 2857 2857 2891 3743 3745 2859 3710 3745 3743 2859 3745 3744 3743 2891 2859 3743 3744 3745 3746 3744 3746 2860 3744 2860 2892 3711 2860 3746 3748 3747 2893 3746 3748 2893 3746 2893 2862 3746 2862 3711 3713 3712 3749 3747 2895 2893 3712 3714 3750 3749 3712 3750 3716 3717 3751 3714 2868 3750 2868 3752 3750 2868 2896 3752 3754 3716 3751 3754 3753 3716 3753 3718 3716 3719 3755 3756 3719 3720 3755 3720 3757 3755 3758 3756 3755 3758 3759 3756 3721 2898 2874 3721 3723 2899 3721 2899 2898 3723 3760 2899 3758 2899 3759 3760 3759 2899 3723 3725 3761 3760 3723 3761 3725 2879 2901 3725 2901 3761 3761 2901 3762 3764 2903 3763 3764 3762 2903 3762 2901 2903 3766 3729 3730 3766 3765 3729 2905 3763 2903 3729 3765 2906 2881 3729 2906 3734 3732 3767 3732 2885 2908 3732 2908 3769 3732 3769 3767 3769 2908 3768 3736 2909 2886 3736 3770 2909 3771 3769 3768 3739 3737 3772 3739 3772 2909 3739 2909 3770 2911 2909 3772 3774 3775 3773 3740 2912 3772 3740 3772 3737 3772 2912 2913 3774 3773 3777 2912 3740 2888 3776 2915 2914 2889 3741 2917 2914 2918 3776 3778 3741 3743 3778 2920 3741 3778 3779 2920 2920 2917 3741 3781 3778 2922 3781 2922 3780 3778 3743 2922 2921 2922 3744 3743 3744 2922 3781 3782 3783 3781 3780 3782 2921 3744 2892 3783 3747 3748 3783 3782 3747 3782 3784 3747 3747 3784 2924 2895 3747 2924 2927 3786 3785 2926 2927 3785 3785 2896 2926 3752 2896 3785 3754 3787 3753 2932 2931 3791 3757 3790 3788 3757 3788 3755 3788 3790 3789 3755 3788 3758 3758 3788 3792 2933 2899 3758 2933 3758 3793 3793 3758 3792 3793 3795 3794 3793 3794 2933 2933 3794 2935 3794 3796 2935 2935 3796 2936 3763 3796 3764 3763 2937 3796 2937 2936 3796 3763 2905 2937 3765 3766 2938 3766 2939 2938 3766 3797 2939 2941 2906 3765 2941 3765 3798 2938 2942 3765 2942 3798 3765 3799 2944 2941 3799 2941 3800 3798 3801 2941 3801 3800 2941 3802 3799 2908 3802 2908 2946 3799 3800 2908 3768 2908 3803 3800 3803 2908 3802 2947 3804 3802 2946 2947 3768 3803 3771 2911 3804 2947 2911 3772 3804 3772 3805 3804 3772 2913 3805 3805 2913 2950 3773 3775 3807 3773 3807 3806 2915 3776 2952 3777 3773 3809 3773 3808 3809 3773 3806 3808 3776 2918 2952 3809 3808 2953 3809 2953 3810 2953 3808 2954 3779 3811 2920 2920 3811 2956 3812 3810 2953 3812 2953 2957 2922 2956 3811 2922 3811 3813 2922 3813 3780 3813 3811 3814 3780 3813 3782 3782 3813 3815 3782 3815 3784 3784 3815 3816 2958 2924 3818 2958 3818 3817 2924 3784 3818 3819 3818 3816 3784 3816 3818 3786 2927 3817 3786 3817 3818 2927 2960 3817 3821 3817 3820 2960 3820 3817 3822 2960 2961 3822 3823 2960 3823 3820 2960 3825 3823 3822 3824 2964 2963 2931 2966 3827 2931 3827 3791 2966 3826 3827 3789 3827 3788 3826 3788 3827 2968 2967 3792 2968 3792 3826 3826 3792 3788 3793 3792 3830 3793 3830 3829 3792 2967 3830 3828 3830 2969 2967 2969 3830 3793 3829 3795 3828 2969 2970 3832 3833 3831 3835 3832 3831 3834 2973 2972 2975 3834 2972 3836 3834 2975 3836 2975 2977 3838 3837 2939 3838 2939 3797 2939 3837 2976 2976 3798 2942 2976 3840 3798 2976 3837 3840 3841 3840 3837 2979 2978 3839 3801 3798 3840 2944 3799 2981 3839 2978 2982 3802 2981 3799 2984 2981 3802 2984 3842 2986 2984 3802 3842 3802 3804 3842 3843 3844 3842 3843 3842 3805 3805 3842 3804 2950 2988 3843 2950 3843 3805 2988 3845 3843 3807 3843 3806 3845 3806 3843 2990 2989 3808 2990 3808 3845 3845 3808 3806 3808 2989 2954 3847 3846 3848 3850 3851 3849 3847 3812 3846 3812 2992 3846 3812 2957 2992 3850 3813 3814 3850 3849 3813 3849 3852 3813 3813 3852 3815 3815 3852 3853 2994 3854 2995 3855 3816 3856 3816 3853 3856 3816 3815 3853 2994 3858 3854 2994 3857 3858 2994 2958 3857 3817 3857 2958 3816 3855 3819 3861 3857 3817 3861 3817 3859 3821 3860 3817 3860 3859 3817 3862 3822 3860 3862 3860 3863 3822 2961 3860 3859 3860 2998 2961 2998 3860 2964 3824 3000 3825 3822 3865 3822 3864 3865 3822 3862 3864 3002 3001 3866 2966 3003 3826 3003 3867 3826 3003 3868 3867 3866 3001 3006 3826 3867 2968 3867 3005 2968 3867 3869 3005 3828 3869 3830 3828 3007 3869 3007 3005 3869 3828 2970 3007 3831 3833 3008 3833 3009 3008 3833 3870 3009 3834 3011 2973 3835 3831 3012 3835 3012 3871 3012 3831 3008 3872 3834 3836 3872 3013 3834 3872 3873 3013 3013 3011 3834 3872 3874 3876 3872 3014 3874 3872 3836 3014 2977 3014 3836 3838 3875 3837 3837 3875 3841 3839 3015 2979 3874 3014 3016 3878 3879 3877 3839 2982 3015 3878 3877 3880 3883 3881 3882 3882 3881 3884 2986 3842 3018 3842 3020 3018 3842 3886 3020 3842 3844 3886 3885 3020 3886 3023 3022 3845 3023 3845 3885 2988 3020 3845 3020 3885 3845 3025 2990 3845 3025 3845 3887 3022 3026 3845 3026 3887 3845 3028 3025 3848 3028 3848 3846 3025 3887 3848 3889 3848 3888 3887 3888 3848 3028 3846 2992 3889 3888 3851 3888 3849 3851 3888 3890 3849 3031 3030 3852 3031 3852 3890 3890 3852 3849 3030 3032 3891 3030 3891 3852 3852 3891 3853 3856 3891 3892 3856 3853 3891 2995 3854 3033 3033 3854 3858 3033 3858 3034 3034 3858 3893 3894 3895 3861 3894 3861 3037 3859 3036 3861 3036 3037 3861 3863 3039 3862 3863 3040 3039 3863 3895 3040 3894 3040 3895 3859 2998 3036 3039 3041 3896 3039 3896 3862 3862 3896 3864 3045 3897 3898 3045 3044 3897 3043 3002 3866 3043 3866 3006 3048 3047 3899 3899 3047 3050 3902 3900 3901 3870 3051 3009 3870 3903 3051 3904 3901 3900 3903 3012 3051 3871 3012 3903 3873 3053 3013 3905 3053 3873 3908 3906 3907 3905 3876 3055 3905 3055 3053 3055 3876 3874 3879 3057 3877 3879 3058 3057 3879 3907 3058 3906 3058 3907 3874 3016 3055 3057 3880 3877 3057 3059 3880 3059 3909 3880 3911 3881 3883 3910 3881 3911 3884 3912 3913 3884 3881 3912 3881 3910 3912 3913 3912 3915 3886 3914 3885 3917 3916 3063 3914 3917 3063 3914 3063 3023 3914 3023 3885 3065 3064 3887 3065 3887 3916 3026 3063 3887 3063 3916 3887 3888 3887 3920 3888 3920 3919 3887 3064 3920 3918 3920 3066 3064 3066 3920 3888 3921 3890 3888 3919 3921 3918 3066 3068 3923 3922 3070 3921 3923 3070 3921 3070 3031 3921 3031 3890 3922 3925 3924 3070 3922 3924 3070 3924 3891 3070 3891 3032 3891 3924 3892 3926 3893 3927 3926 3074 3893 3074 3034 3893 3928 3926 3037 3928 3037 3075 3926 3927 3037 3894 3037 3929 3927 3929 3037 3929 3040 3894 3929 3076 3040 3929 3931 3076 3930 3076 3931 3928 3075 3077 3930 3933 3932 3076 3930 3932 3076 3932 3896 3076 3896 3041 3936 3934 3935 3936 3081 3934 3936 3079 3081 3937 3934 3081 3939 3934 3937 3939 3937 3938 3938 3937 3940 3942 3941 3938 3940 3942 3938 3943 3944 3945 3943 3945 3084 3084 3945 3086 3944 3946 3947 3943 3946 3944 3948 3089 3088 3949 3089 3948 3949 3946 3089 3949 3947 3946 3092 3951 3950 3092 3950 3088 3952 3948 3950 3948 3088 3950 3955 3950 3951 3955 3951 3953 3956 3954 3951 3954 3953 3951 3959 3096 3953 3959 3953 3954 3096 3094 3953 3958 3953 3957 3094 3957 3953 3957 3094 3960 3094 3097 3960 3965 3962 3964 3963 3960 3961 3960 3099 3961 3960 3097 3099 3962 3105 3964 3962 3102 3105 3962 3967 3102 3966 3102 3967 3961 3099 3103 3106 3968 3966 3106 3966 3107 3968 3969 3966 3102 3966 3109 3969 3109 3966 3974 3971 3973 3972 3968 3970 3968 3110 3970 3968 3106 3110 3973 3971 3978 3970 3110 3112 3976 3977 3975 3976 3975 3113 3976 3113 3979 3979 3113 3115 3980 3981 3983 3980 3983 3118 3982 3117 3983 3117 3118 3983 3117 3985 3120 3117 3982 3985 3981 3980 3984 3989 3120 3985 3989 3122 3120 3986 3987 3988 3987 3986 3991 3122 3989 3125 3989 3990 3125 3989 3992 3990 3995 3993 3127 3995 3127 3994 3993 3990 3127 3128 3127 3992 3990 3992 3127 3994 3997 3999 3994 3996 3997 3994 3127 3996 3130 3996 3127 3132 3998 3129 4001 3997 3996 4002 4000 3998 4000 3129 3998 4000 3134 3129 4005 3137 3136 3936 4004 3079 4004 3135 3079 4004 4003 3135 3938 4003 3939 3938 3139 4003 3139 3135 4003 3139 4006 3141 3938 4006 3139 3938 4007 4006 3938 3941 4007 4006 4007 4008 4006 4008 3084 4006 3084 3142 3943 3084 4008 4008 4009 3144 4008 3144 3946 4008 3946 3943 3143 3946 3144 3946 3143 3089 3147 4011 4010 3146 3147 4010 4013 3149 3953 4013 3953 4012 3149 3146 3953 3955 3953 4010 3146 4010 3953 4014 3151 3953 4014 3953 3958 3151 3152 3953 4012 3953 4015 3152 4015 3953 4016 3153 3151 4016 3151 4017 4017 3151 4014 3961 3154 3155 3963 3961 3155 3963 3155 4016 3963 4016 4017 3966 4019 4018 3966 3967 4019 3961 3103 3154 3158 3107 4021 3158 4021 4020 3107 3966 4021 4022 4021 4018 3966 4018 4021 3972 4020 4021 3972 3161 4020 3972 3970 3161 3160 3161 3970 4024 4025 4023 4026 3163 3162 4024 4023 4028 3970 3112 3160 3975 3977 4027 4027 3113 3975 4027 3164 3113 4027 4030 3164 4029 3164 4030 4026 3162 3165 4029 4032 4031 3164 4029 4031 3164 4031 3980 3164 3980 3118 3984 3980 4031 4034 4035 4033 3988 4037 3986 4038 4034 4033 3166 4036 3167 3991 3986 4037 3125 3990 3168 4036 3166 3169 3168 3990 3993 3168 3993 3171 3171 3993 4039 3173 4040 4042 3173 4042 3130 4041 3996 4042 3996 3130 4042 4001 3996 4041 4043 4044 3173 4043 3173 3175 3173 4044 4040 4005 3136 3176 4046 4047 4045 4050 4048 4049 4051 4049 4048 4051 4052 4049 4006 3177 3141 4052 4053 4054 4052 4051 4053 3177 4006 3142 4054 4053 3178 4054 3178 4009 4009 3178 3144 3180 4056 4055 3179 3180 4055 4058 3181 4057 4058 3182 3181 4011 3147 4055 3147 3179 4055 3149 4013 4059 3149 4059 3184 4013 4057 4059 3185 4059 3181 4057 3181 4059 4059 3152 3184 4059 4060 3152 4060 4015 3152 4016 3188 3153 4016 3155 3188 4018 3191 3190 4018 4019 3191 4019 4061 3191 4020 3192 3158 4022 4018 3193 4022 3193 4062 3193 4018 3190 4020 3161 3192 4023 4025 4064 3196 3195 4063 3195 4066 4063 3195 4065 4066 3195 3163 4065 4026 4065 3163 4023 4064 4028 4029 4030 4065 4029 4065 3197 4026 3165 4065 3165 3197 4065 3197 3198 4067 4029 3197 4067 4029 4067 4068 4029 4068 4032 4035 4070 4033 4071 4068 4067 3200 4069 3201 4038 4033 4070 3167 4036 3203 4069 3200 3204 4036 3169 3203 3205 4073 4072 3205 3171 4073 3171 4039 4073 4075 4042 3205 4075 3205 4072 4042 4040 3205 3206 3205 4074 4040 4074 3205 4044 4076 3207 4044 3207 4074 4044 4074 4040 4074 3207 3208 4045 3210 4077 4045 4078 3210 4045 4047 4078 4078 3211 3210 4050 4080 4048 4081 4077 4079 4077 3212 4079 4077 3210 3212 3212 3214 4079 4048 4080 4082 4048 4082 4051 4082 4080 4083 4084 4082 4085 4084 4053 4082 4053 4051 4082 4087 4086 3216 4084 4087 3216 4084 3216 3178 4084 3178 4053 4088 3219 3218 4086 4089 3216 4089 3180 3216 4089 4056 3180 4091 3182 4058 4091 4088 3182 4091 4090 4088 3218 3182 4088 4090 4091 4092 4090 4092 3185 4090 3185 3220 4059 3185 4092 4060 4059 4092 4094 4095 4093 4094 4096 4097 4093 4096 4094 3223 4097 4096 3223 3222 4097 3222 4098 4097 4098 3222 3191 4061 4098 3191 4062 3193 4099 4099 3193 3226 4063 3227 3196 3227 4063 4066 3227 4066 3228 3228 4066 4100 4103 4102 4101 4104 4101 3198 4104 3198 3231 4101 4102 3198 4067 3198 4105 4102 4105 3198 4105 4071 4067 4104 3231 4069 4104 4069 4106 4069 3231 3201 3204 4106 4069 3204 4107 4106 3204 3232 4107 4108 4106 4107 4109 3232 3234 4109 4110 3232 4110 4107 3232 4072 3237 3236 4073 3237 4072 4073 4109 3237 4073 4110 4109 4074 3239 3206 4075 4072 3240 4075 3240 4111 3240 4072 3236 3239 4074 3208 3243 3242 4112 4078 3245 3211 4113 4114 4081 4113 4081 3248 4079 3247 4081 3247 3248 4081 3247 4079 3214 4114 4113 4083 4113 4082 4083 4113 4115 4082 4085 4116 4117 4085 4082 4116 4082 4115 4116 4117 4116 4119 4087 4118 4086 4086 4118 4089 3219 4088 3252 4090 3252 4088 4090 3254 3252 4120 4121 4122 4090 3220 3254 4121 4120 4123 4095 4124 4093 4124 4125 3256 4124 3256 4096 4124 4096 4093 3255 4096 3256 4096 3255 3223 4128 4127 4126 4099 3226 4126 4099 4126 4127 3226 3260 4126 4130 4126 4129 3260 4129 4126 3260 4131 4129 3262 4131 3260 4132 4100 4133 4132 3263 4100 3263 3228 4100 4103 4132 4133 4103 3265 4132 4103 4101 3265 3264 3265 4101 4135 4136 4134 3264 4104 3266 3264 4101 4104 4135 4134 4137 4106 3266 4104 4106 3268 3266 4138 4139 4140 3268 4106 4108 3268 4108 3270 4139 4138 4108 4138 3270 4108 4141 4109 3234 4141 3234 4142 4142 3234 3271 4109 3272 3237 4109 4141 3272 4141 4143 3272 4143 3240 3272 4143 4111 3240 4145 4146 4144 4145 4144 4147 3243 4112 3275 4149 4148 3276 4149 3276 4150 4150 3276 3277 3276 4113 3248 3276 4152 4113 3276 4148 4152 4153 4152 4148 3281 3280 4151 4113 4154 4115 4113 4152 4154 4151 3280 3282 4156 4115 4154 4156 4155 4115 4155 4116 4115 4119 3284 4157 4119 4155 3284 4119 4116 4155 4155 3285 3284 4158 3284 3287 4158 4159 3284 4159 4157 3284 4159 4120 4122 4159 4158 4120 4158 4160 4120 4160 4123 4120 4160 4162 4123 4161 3291 3290 4161 3290 3293 4165 4163 4164 4164 4163 3295 4164 3295 4125 4125 3295 3256 4168 4167 4166 4126 3298 3299 4128 4126 3299 4128 3299 4166 4128 4166 4167 4130 3298 4126 4130 4169 3298 4169 3301 3298 4171 3303 4170 4171 3304 3303 4131 3262 4169 3262 3301 4169 3263 4132 3306 3303 3307 4173 3303 4173 4170 4173 3307 4172 4136 3308 4134 4136 3309 3308 4136 4173 3309 4172 3309 4173 4132 3265 3306 4134 3308 3310 4134 3310 4175 4134 4175 4137 4174 4175 3310 4177 4138 4140 4177 4176 4138 3311 4174 3310 4138 4176 3312 3270 4138 3312 4178 4179 4142 4178 4142 3314 3314 4142 3271 4179 4180 4181 4178 4180 4179 4146 4183 4144 4184 4181 4180 3315 4182 3316 4183 4147 4144 4182 3315 3317 4187 4188 4186 4149 4185 4148 4148 4185 4153 3281 4151 4190 3281 4190 3321 4190 4151 4189 4151 3282 3322 4151 3322 4189 4189 3322 4191 4156 4193 4155 4194 4191 4192 4191 3324 4192 4191 3322 3324 4193 3285 4155 4193 3325 3285 4193 4196 3325 4195 3325 4196 4192 3324 3326 3287 3325 4195 3287 4195 4158 4158 4195 4197 3330 3329 4160 3330 4160 4197 4197 4160 4158 3291 4161 4198 3291 4198 3329 4162 4160 4198 4160 3329 4198 4163 4165 4199 4161 3293 4198 3293 4200 4198 3293 3332 4200 4163 4199 4201 4163 4201 3295 3295 4201 3334 4168 4166 4202 4166 3299 3336 4166 3336 4202 4202 3336 4203 4204 3336 3337 4204 4205 3336 4205 4203 3336 4171 3339 3304 4171 4206 3339 4207 4205 4204 3339 4206 4172 3339 4172 3307 4206 4208 4172 3340 4172 3341 4208 3341 4172 4172 3340 3309 4210 4209 4211 4212 4213 4209 4212 4209 4174 4210 4175 4209 4175 4174 4209 4176 4177 4212 4176 4212 3344 4174 3311 4212 3311 3344 4212 4176 3344 3312 4215 4214 4216 4215 4217 4214 3314 3345 4178 4180 4178 3345 3347 4180 3345 4182 3348 3316 4184 4180 3349 4184 3349 4218 3349 4180 3347 3348 4182 3317 3351 3350 4219 4220 3353 3352 4220 4221 3353 4222 4186 4188 3321 4190 4223 3321 4223 3355 4190 4220 4223 3356 4223 3352 4220 3352 4223 4224 3358 3355 4224 3355 4225 4223 4226 3355 4226 4225 3355 4192 3360 3361 4194 4192 3361 4194 3361 4224 4194 4224 4225 4192 3326 3360 4195 4196 3363 4196 3364 3363 4196 4227 3364 4197 4195 4230 4197 4230 4229 4195 3363 4230 4228 4230 3365 3363 3365 4230 4228 3365 3367 4197 4229 3330 4229 3366 3330 4229 4231 3366 4231 4232 3366 3366 4232 3369 4232 3332 3369 4232 4200 3332 4234 4235 4233 4234 4233 4236 4234 4236 3334 4234 3334 4201 3334 4236 3371 4237 3373 3371 4237 3371 4238 4236 4239 3371 4239 4238 3371 3375 4237 4238 3375 4238 3374 4241 4240 4238 4240 3374 4238 3378 3377 4204 3378 4204 4240 3337 3374 4204 3374 4240 4204 3377 4207 4204 3377 3379 4207 3379 4242 4207 3380 4244 4243 3380 3341 4244 3341 4208 4244 4246 4211 3380 4246 3380 4243 4211 4209 3380 3382 3380 4245 4209 4245 3380 4213 4247 4245 4209 4213 4245 4250 4249 4248 4251 4252 4248 4251 4248 4214 4249 4216 4248 4216 4214 4248 4253 3386 4214 4253 4214 4217 3386 3387 4214 4251 4214 4254 3387 4254 4214 4255 3389 3386 4255 3386 4256 4256 3386 4253 4258 4259 4257 4256 4218 4255 4218 3391 4255 4218 3349 3391 4260 3351 4219 4260 3392 3351 4257 4261 4258 4265 3394 4262 4265 4262 4264 3394 3353 4262 4263 4262 4221 3353 4221 4262 4266 4223 4263 4266 4263 4267 4223 3356 4263 4262 4263 3396 3356 3396 4263 4223 4266 4268 4223 4268 4226 4266 3398 4268 4224 4268 3358 3398 3358 4268 4224 4269 4268 4224 3361 4269 3361 3400 4269 3401 4271 4270 3401 3364 4271 3364 4227 4271 3403 3401 4230 3403 4230 4228 3401 4270 4230 4273 4230 4272 4270 4272 4230 4273 4272 4275 3403 4228 3367 4274 3405 3404 4274 3404 3407 4278 4276 4277 4277 4233 4235 4277 4276 4233 4276 4279 4233 3410 3409 4236 3410 4236 4279 4279 4236 4233 3373 4237 4280 3373 4280 3409 4239 4236 4280 4236 3409 4280 4240 4241 4280 4240 4280 3413 4237 3375 4280 3375 3413 4280 4240 3413 3378 4282 4281 4283 4282 4284 4281 4282 3379 4284 4282 4242 3379 3379 3414 4284 4244 4285 4243 4284 3414 3416 4243 4285 4246 3382 4245 3417 3417 4245 4247 3417 4247 3418 3418 4247 4286 4250 4248 4287 4290 4287 4248 4290 4248 4288 4252 4289 4248 4289 4288 4248 4289 4291 4288 4289 3387 4291 4289 4254 3387 3387 3419 4291 3389 4255 3420 3419 3421 4291 4255 3391 3420 4257 4259 4293 3423 3422 4292 3422 4295 4292 3422 4294 4295 3422 3392 4294 4260 4294 3392 4257 4293 4261 4262 3424 3425 4264 4262 3425 4264 3425 4297 4264 4297 4296 4267 4298 4266 4262 3396 3424 4300 4299 3427 4298 4300 3427 4298 3427 3398 4298 3398 4266 4301 3429 3428 4299 4302 3427 4302 3400 3427 4302 4269 3400 4271 4303 4270 4301 3428 3431 4270 4304 4272 4303 4304 4270 3405 4305 3434 3405 4274 4305 4275 4272 4304 4274 3436 4305 4274 3407 3436 4276 4278 4306 4306 4307 3438 4306 3438 4279 4306 4279 4276 3437 4279 3438 4279 3437 3410 4309 4308 4310 3442 4308 4309 3442 4309 3441 3441 4309 4311 3441 4311 4312 3444 3441 4312 4314 4283 4281 4313 4314 4281 4315 4316 4313 4315 4313 4284 4284 4313 4281 4284 3416 3448 4284 3448 4318 4284 4318 4315 4318 3448 4317 4320 4318 4317 4319 3451 3450 3452 4286 4321 3452 3418 4286 3450 3453 4319 4321 4322 3452 3452 4322 3454 4290 4288 4323 4290 4323 3454 4290 3454 4322 3455 3454 4323 4324 4325 4323 4324 4323 4291 4291 4323 4288 4291 3421 3457 4291 3457 4327 4291 4327 4324 4327 3457 4326 4328 3423 4292 4328 3459 3423 4326 4329 4327 4295 4330 3461 4295 3461 4328 4295 4328 4292 4328 3461 3462 4297 3425 3463 4332 4333 4331 3466 4334 4335 3465 4334 3466 4300 4337 4299 4338 4334 4336 4334 3468 4336 4334 3465 3468 3468 4340 4336 3468 4339 4340 3468 3429 4339 4301 4339 3429 4299 4337 4302 4301 3431 3470 4301 3470 4342 4301 4342 4339 4342 3470 4341 3473 4342 4341 3473 3472 4342 3472 4343 4342 3434 4305 3474 3472 3475 4345 3472 4345 4343 4345 3475 4344 4305 3436 3474 4345 4344 4346 3477 4348 4347 3477 3438 4348 3438 4307 4348 3478 3477 4310 3478 4310 4308 3477 4347 4310 4350 4310 4349 4347 4349 4310 4350 4351 4352 4350 4349 4351 3478 4308 3442 4352 4351 4353 4352 4353 3444 4352 3444 4312 3444 4353 3479 4314 4313 4354 4353 3480 3479 4355 3481 4313 4355 4313 4316 3481 3482 4313 4354 4313 4356 3482 4356 4313 3481 4355 4317 3481 4317 3448 4355 4357 4317 3484 4317 3485 4357 3485 4317 4319 4358 3484 4319 3484 3451 4358 4359 3484 4317 3484 4320 4359 4320 3484 3488 4319 3453 3488 4358 4319 4362 4360 4361 3491 4361 4360 3491 3490 4361 3490 4363 4361 3455 4363 3490 3455 4364 4363 3455 4323 4364 4364 4365 4363 4325 4366 4364 4323 4325 4364 3492 4367 4369 3492 4369 3457 4368 4326 4369 4326 3457 4369 3492 4371 4367 3492 4370 4371 3492 3459 4370 4328 4370 3459 4326 4368 4329 4328 3462 3494 4328 3494 4373 4328 4373 4370 4373 3494 4372 3497 4331 4333 3497 3496 4331 3496 4374 4331 4335 3499 3466 4375 3499 4335 4377 3501 4336 4377 4336 4376 3501 3499 4336 4338 4336 4375 3499 4375 4336 4336 4340 4376 4378 4341 3470 3503 4378 3470 3473 4341 4378 3473 4378 4379 3473 4379 3504 4380 4379 4378 3506 3505 4381 3475 3504 4344 3504 4382 4344 3504 4379 4382 4382 4346 4344 4381 3505 3508 4348 4383 4347 4385 4347 4383 4385 4349 4347 3510 4384 3511 3510 3512 4386 3510 4386 4384 3512 4351 4386 4385 4386 4349 4351 4349 4386 3512 3513 4387 3512 4387 4351 4351 4387 4353 3514 3480 4353 3514 4353 4388 4388 4353 4387 3516 4389 4388 3516 4388 3517 4389 4356 4388 3514 4388 3482 4356 3482 4388 4357 4390 3485 3485 4390 3518 4391 4389 3516 4391 3516 3519 4359 4358 4392 4359 4392 3518 4359 3518 4390 3520 3518 4392 4358 3488 4392 4392 3488 3522 4360 4362 4394 4360 4394 4393 3523 3491 4360 3523 4360 4395 4395 4360 4393 3524 3523 4365 3524 4365 4364 3523 4395 4365 4397 4365 4396 4395 4396 4365 4364 3526 3524 4364 4398 3526 4364 4366 4398 4399 4398 4366 4397 4396 4400 4367 3528 3529 4369 4367 3529 4369 3529 4398 4369 4398 4399 3528 4367 4371 3528 4371 3531 3531 4371 4401 3533 4402 4404 3533 4404 3494 4403 4372 4404 4372 3494 4404 4374 3496 3534 4405 4374 3534 4407 3536 4406 4407 4405 3536 4405 3534 3536 4409 3501 4377 4409 4406 3501 4409 4408 4406 3536 3501 4406 4409 4410 4408 4411 4378 3503 3539 4411 3503 4380 4411 4412 4378 4411 4380 4381 3541 3506 3543 4413 4414 3543 3542 4413 3508 3541 4381 4413 3542 4415 3542 3545 4415 3511 4384 4416 3511 4416 3545 3545 4416 4415 4419 4416 4384 4419 4384 4417 4386 4418 4384 4418 4417 4384 4420 4417 3513 4420 3513 3546 4417 4418 3513 4387 3513 4421 4418 4421 3513 3546 3547 4422 3546 4422 4420 3547 4388 4422 4421 4422 4387 4388 4387 4422 4388 3547 3517 4423 4424 4391 4423 4391 3550 3550 4391 3519 4425 4424 4423 4425 4426 4424 4392 3552 3520 4394 3553 4393 4394 3554 3553 4394 4426 3554 4425 3554 4426 4392 3522 3552 3553 3556 4427 3553 4427 4393 4393 4427 4395 4428 4427 4429 4428 4396 4427 4396 4395 4427 3526 4430 3558 3526 4398 4430 4400 4396 4428 4398 3560 4430 3529 3560 4398 3562 4432 4431 3562 3531 4432 3531 4401 4432 4431 4433 4404 4431 4404 3564 4431 3564 3562 3564 4404 4402 4435 4434 3567 3567 4434 3566 4438 4436 4437 4434 4407 3569 4434 3569 3566 3569 4407 4406 4406 4408 3570 4406 3570 3569 4408 4439 3570 4436 3570 4437 4439 4437 3570 4408 4410 4439 3573 4440 3572 4440 4442 4441 3572 4440 4441 3572 4441 4411 3572 4411 3539 4443 3576 3575 4443 4444 3576 4441 4412 4411 3575 4445 4443 3578 4445 3575 4414 3580 3543 4446 3580 4414 4447 3582 3580 4447 3580 4448 4448 3580 4446 4448 4449 4447 4417 3584 3585 4417 3585 4419 4419 3585 4450 4420 3584 4417 4420 3586 3584 4451 4452 4453 4455 4452 4451 4422 4454 4420 4454 3586 4420 4454 3588 3586 3588 4454 4456 3589 3588 4456 3591 4457 4459 3591 4459 3550 4458 4423 4459 4423 3550 4459 3591 4460 4457 3591 3592 4460 4458 4461 4423 4461 4425 4423 4460 3592 3554 4460 3554 4462 4425 4461 3554 4461 4462 3554 4427 3556 3593 4429 4427 3593 4429 3593 4463 4463 3593 3595 3558 4430 4464 3558 4464 3595 3595 4464 4463 4466 3597 4465 4464 3597 4466 4464 3560 3597 4464 4430 3560 3599 4465 3597 3599 4467 4465 4468 4431 4432 4467 3601 4469 4467 3599 3601 4431 4468 4433 4471 3604 4470 3604 3603 4470 4438 4473 4436 4474 4470 4472 4470 3606 4472 4470 3603 3606 4472 3606 3609 4436 4473 3570 4473 3608 3570 4473 4475 3608 3611 3610 4476 3573 3608 4440 3608 4477 4440 3608 4475 4477 4442 4440 4477 4478 4479 3610 4478 3610 3612 3610 4479 4476 4444 4480 3576 3576 4480 3613 4481 4478 3612 4481 3612 3614 4483 3615 4482 4483 3616 3615 4445 3578 4480 3578 3613 4480 3615 4484 4482 3617 4484 3615 4485 3582 4447 3619 3582 4485 4449 4487 4486 4449 4486 4447 4447 4486 4485 4450 3585 4486 4450 4486 4487 3585 3622 4486 4489 4486 4488 3622 4488 4486 4453 4490 4451 4453 3622 4490 4453 4488 3622 3623 4490 3622 4455 3624 4491 4455 4490 3624 4455 4451 4490 4490 3625 3624 4456 4492 3589 3589 4492 3627 4493 4491 3624 4493 3624 3628 4495 3629 4457 4495 4457 4494 3629 3627 4457 4459 4457 4492 3627 4492 4457 4497 4494 3632 4497 3632 4496 4494 4457 3632 3631 3632 4460 4457 4460 3632 4499 4497 4496 4462 4498 4460 4498 3631 4460 4498 3634 3631 4501 4500 3635 4501 3635 4498 4498 3635 3634 3635 4500 3636 3638 4503 4502 3637 3638 4502 4466 4465 4504 4466 4504 3637 4466 3637 4502 3640 3637 4504 4506 4507 4505 4467 3641 4504 4467 4504 4465 4504 3641 3642 4506 4505 4509 3641 4467 3644 4467 4508 3644 4467 4469 4508 3646 4511 4510 3645 3646 4510 4513 3648 4472 4513 4472 4512 3648 3645 4472 4474 4472 4510 3645 4510 4472 4472 4514 4512 4472 3609 4514 3609 3649 4514 4516 4517 4515 4476 3651 3611 4515 4518 4479 4515 4479 4516 4518 3652 4479 4476 4479 3651 3652 3651 4479 4519 3655 3654 4518 4520 3652 4520 3614 3652 4520 4481 3614 3656 4483 4521 3656 3616 4483 3654 3657 4519 3617 4521 4484 3617 3656 4521 3660 3659 4522 3619 4485 3661 3659 3662 4522 3661 4523 3664 3661 4485 4523 4485 4486 4523 4489 4524 3666 4489 3666 4523 4489 4523 4486 4523 3666 3667 3670 3669 4525 3623 3666 4490 3666 4526 4490 3666 4524 4526 4525 3669 3673 4490 4526 3625 4526 3672 3625 4526 4527 3672 4527 3628 3672 4527 4493 3628 4529 4530 4528 4529 4528 4533 4495 4532 3674 4495 3674 3629 3674 4532 4531 4531 4532 4534 4531 4534 3632 4531 3632 3675 4496 3632 4534 4496 4534 4499 4500 4501 4536 3678 4535 3679 4536 4538 3636 4536 3636 4500 4538 4537 3636 3678 3636 4535 4537 4535 3636 4538 3680 4537 4538 4503 3680 4503 3638 3680 4539 3640 4504 4539 4540 3640 4540 3682 3640 4539 4541 4543 4539 3683 4541 4539 4504 3683 3642 3683 4504 4507 4542 4505 3683 4545 4541 3683 4544 4545 3683 3644 4544 4508 4544 3644 4505 4542 4509 4546 4547 4511 4546 4511 3685 3685 4511 3646 4547 4546 4550 4513 4549 3688 4513 3688 3648 3688 4549 4548 4514 3649 4548 4514 4548 4549 3649 3689 4548 4552 4548 4551 3689 4551 4548 4515 4517 4551 4515 4551 3691 3691 4551 3689 4518 4515 3691 3693 4518 3691 4519 4553 3693 4519 3693 3655 4553 4554 3693 4518 3693 4520 4554 4520 3693 3657 4553 4519 3657 4555 4553 3657 3696 4555 4556 4553 4555 3696 4557 4555 3696 3699 4557 3698 3660 4522 3702 4558 4559 3702 3701 4558 3662 3698 4522 3664 4523 4560 3664 4560 3701 3701 4560 4558 4562 3704 4561 4560 3704 4562 4560 3667 3704 4560 4523 3667 3670 4561 3704 3670 4525 4561 4525 4563 4561 3706 4525 3673 3706 4563 4525 4566 4564 4565 4565 4564 4568 4530 4567 4528 4528 4567 4533 3674 4531 4570 3674 4570 3707 4570 4531 4569 4531 3675 3708 4531 3708 4572 4531 4572 4569 4572 3708 4571 4574 4572 4571 4573 3710 3709 4573 4575 4576 3709 4575 4573 3709 4535 4575 3709 3679 4535 4578 4575 4535 4578 4535 4577 4577 4535 4537 3713 4537 3680 3713 4577 4537 4581 4579 4580 4580 4579 4582 4580 4582 3682 4580 3682 4540 3682 4582 3715 4543 4541 4583 4582 3717 3715 4541 4545 4583 4584 4546 4586 4584 4586 4585 4546 3685 4586 4587 4586 3719 3685 3719 4586 3688 4548 3722 4550 4546 4589 4546 4588 4589 4546 4584 4588 4591 4589 4588 4552 4590 4548 4590 3722 4548 4590 3724 3722 4590 4592 3724 3724 4592 3726 4592 4593 3726 3726 4593 3727 4596 4594 4595 4593 4554 3728 4593 3728 3727 3728 4554 4553 4553 3730 3728 4553 4597 3730 4553 4556 4597 4598 4597 4556 4595 4594 4599 4598 4600 4597 4598 3699 4600 4598 4557 3699 3699 3731 4600 4600 3731 3734 4602 4601 3702 4602 3702 4559 3702 4601 3733 4601 4604 4603 4601 4603 3733 3733 4603 3735 4606 3736 4561 4606 4561 4605 3736 3735 4561 4562 4561 4603 3735 4603 4561 4605 3739 4607 4605 4563 3739 4605 4561 4563 3738 3739 4563 4564 4609 4608 4564 4566 4609 4563 3706 3738 4568 4610 4611 4568 4564 4610 4564 4608 4610 4611 4610 4612 4611 4612 3707 4611 3707 4570 3707 4612 3742 3708 3742 4612 3708 4612 4571 4571 4612 4613 3710 4573 3745 4574 4571 4615 4571 4614 4615 4571 4613 4614 4617 4615 4614 4576 4616 4573 4616 3745 4573 4616 3746 3745 4578 4577 4618 4578 4618 3746 4578 3746 4616 3748 3746 4618 4581 4620 4579 4577 3713 4619 4577 4619 4618 4619 3713 3749 3749 3750 4621 3749 4621 4619 3750 4582 4621 4620 4621 4579 4582 4579 4621 3752 4623 4582 3752 4582 3750 4623 4622 4582 3717 4582 3751 4622 3751 4582 3751 4622 4624 3754 3751 4624 4584 4585 4625 4584 4625 3756 4587 3719 4625 3719 3756 4625 4588 4584 4628 4588 4628 4627 4584 3756 4628 4626 4628 3759 3756 3759 4628 4626 3760 4629 4626 3759 3760 4588 4627 4591 3761 4629 3760 4630 4629 3761 4630 4631 4632 4630 3761 4631 3761 3762 4631 4634 3762 3764 4634 4631 3762 4596 4633 4594 3730 4635 3766 3730 4597 4635 4599 4594 4633 4636 4637 4635 4636 4635 4600 4600 4635 4597 4636 4638 4640 4636 3767 4638 4636 4600 3767 3734 3767 4600 4602 4639 4601 4604 4601 4639 4641 4642 3767 4641 3767 3769 3767 4642 4638 3736 4606 4643 3736 4643 3770 4606 4641 4643 3771 4643 3769 4641 3769 4643 4645 4607 3739 4645 3739 4643 4645 4643 4644 3770 4643 3739 4609 4647 4608 4648 4645 4644 3774 4646 3775 3774 3777 4646 4608 4647 4649 4608 4649 4610 4649 4647 4650 4610 4649 4612 4612 4649 4651 3779 3778 4613 3779 4613 4651 4651 4613 4612 4614 4613 4654 4614 4654 4653 4613 3778 4654 4652 4654 3781 3778 3781 4654 4617 4614 4653 4655 4656 3781 4655 3781 3783 3781 4656 4652 3748 4655 3783 3748 4657 4655 3748 4618 4657 4657 4658 4655 4618 4619 4657 4619 4659 4657 4621 4660 3785 4621 3785 4659 4621 4659 4619 4659 3785 3786 4660 3752 3785 4660 4623 3752 4662 4663 4661 4662 4661 4664 4662 4664 3754 4662 3754 4624 3754 4664 3787 4665 3789 3790 4665 3790 4666 4666 3790 4667 4668 4669 4665 4668 4665 4626 4666 4628 4665 4628 4626 4665 4671 4668 4626 4671 4626 4670 4670 4626 4629 3795 4630 3794 3795 4670 4630 4670 4629 4630 4630 3796 3794 4630 4673 3796 4630 4632 4673 4672 3796 4673 4672 3764 3796 4672 4674 3764 4674 4634 3764 4675 3766 4635 4675 4676 3766 4676 3797 3766 4679 4675 4635 4679 4635 4677 4637 4678 4635 4678 4677 4635 4638 3800 3801 4640 4638 3801 4640 3801 4677 4640 4677 4678 4638 3803 3800 4638 4681 3803 4638 4642 4681 4680 3803 4681 3771 3803 4680 3771 4680 4643 4643 4680 4682 4643 4682 4644 4644 4682 4683 4644 4683 4684 4644 4684 4648 4683 3807 4684 4646 4684 3775 3807 3775 4684 4684 4685 4687 4684 3809 4685 4684 4646 3809 3777 3809 4646 4650 4686 4649 3809 3810 4688 3809 4688 4685 3810 4651 4688 4686 4688 4649 4651 4649 4688 3812 4690 4651 3812 4651 3810 4690 4689 4651 3779 4651 3811 4689 3811 4651 4692 3814 4652 4692 4652 4691 3814 3811 4652 4654 4652 4689 3811 4689 4652 4652 4656 4691 4694 4658 4657 4693 4694 4657 3819 4659 3818 3819 4693 4659 4693 4657 4659 3818 4659 3786 3821 3820 4695 4695 4663 4696 4695 3823 4663 4695 3820 3823 3823 4661 4663 4697 4664 4661 4697 4661 3825 4697 3825 4698 3825 4661 3823 3789 4665 4699 3789 4699 3827 3827 4699 4700 4665 4669 4699 4701 4702 4671 4701 4671 3830 4670 3829 4671 3829 3830 4671 4702 4701 4704 3829 4670 3795 4703 3833 3832 4706 4672 4673 4706 4705 4672 3835 4703 3832 4674 4705 4707 4672 4705 4674 4708 4676 4709 4708 3838 4676 3838 3797 4676 4679 4708 4709 4679 3841 4708 4679 4677 3841 3840 3841 4677 4711 4712 4710 4711 4713 4714 4711 4710 4713 3840 4677 3801 4714 4713 4716 4681 4715 4680 4718 4680 4715 4718 4717 4680 4717 4682 4680 3843 4719 3844 4720 4683 4721 4683 4717 4721 4683 4682 4717 4719 3843 3807 4719 3807 4722 4683 4720 3807 4720 4722 3807 4724 4687 4685 4723 4724 4685 4723 4685 3847 4723 3847 3848 4685 4688 3847 4725 3847 4726 4688 4726 3847 4727 3851 3850 4725 4728 3847 4728 3812 3847 4728 4690 3812 4730 3814 4692 4730 4727 3814 4730 4729 4727 3850 3814 4727 4730 4731 4729 4732 4733 4694 4732 4694 3856 4693 3855 4694 3855 3856 4694 4733 4732 4735 3855 4693 3819 4734 3858 3857 3821 4695 3860 3857 3861 4734 3860 4695 4696 3860 4696 3863 3863 4696 4736 4698 3825 3865 4737 4698 3865 3867 3868 4739 4738 3867 4739 3869 3867 4738 4740 3869 4738 4740 4742 4741 3869 4740 4741 3869 4741 4701 3869 4701 3830 4701 4741 4704 3833 4703 4744 3833 4744 3870 4744 4703 4743 4705 4706 4745 4703 3835 4743 3835 4746 4743 3835 3871 4746 4705 4745 4707 3873 3872 4747 3872 3876 4747 3875 3838 4708 4750 4748 4749 4712 3878 4710 4712 3879 3878 4712 4749 3879 4748 3879 4749 4708 3841 3875 3878 3880 4751 3878 4751 4710 4710 4751 4713 4716 3882 4752 4716 4751 3882 4716 4713 4751 4751 3883 3882 4754 3882 3884 4754 4752 3882 4718 4753 4717 4717 4753 4721 3844 4719 4756 3844 4756 3886 4756 4719 4755 4719 4722 4755 4758 4724 4723 4757 4758 4723 4726 4760 4725 4723 3848 4759 4723 4759 4757 4759 3848 3889 3889 4762 4759 3889 4761 4762 3889 3851 4761 4727 4761 3851 4725 4760 4728 4727 4729 4763 4761 4727 4763 4729 4731 4763 4764 4732 3856 4764 3856 4765 4765 3856 3892 3858 4766 3893 3858 4734 4766 4735 4732 4764 3895 4734 3861 3895 4767 4734 4767 4766 4734 4769 3863 4736 4769 4767 3863 4769 4768 4767 3895 3863 4767 4769 4770 4768 4771 4738 4739 4771 4739 3897 4771 3897 4772 3897 4739 3898 4774 4738 4771 4774 4773 4738 4773 4740 4738 4773 4742 4740 4773 4776 4742 4775 3902 3901 4775 3901 3904 4778 4777 3870 4778 3870 4744 3870 4777 3903 4780 4746 3871 4780 3871 4777 4780 4777 4779 3903 4777 3871 4780 4779 4781 3873 4747 3905 4747 3876 3905 4748 4750 3907 4750 3908 3907 4750 4782 3908 4748 3907 3879 4784 4783 4785 4786 4751 4784 4786 4784 4787 4751 3880 4784 4783 4784 3909 3880 3909 4784 3911 3883 4789 3911 4789 4788 3883 4751 4789 4790 4789 4786 4751 4786 4789 4754 3884 4788 4754 4788 4789 3884 3913 4788 4792 4788 4791 3913 4791 4788 3886 4756 4793 3886 4793 3914 4756 4791 4793 3915 4793 3913 4791 3913 4793 3914 4793 3917 4795 4758 4757 4794 4795 4757 3920 4759 3919 3920 4794 4759 4794 4757 4759 4762 3919 4759 4762 4796 3919 4796 3921 3919 3921 4796 4797 3923 3921 4797 3925 4799 4798 3924 3925 4798 4798 3892 3924 4765 3892 4798 4766 3927 3893 4767 3927 4766 4767 3929 3927 4800 4801 4802 4801 4800 4804 3929 4767 3931 4767 4803 3931 4767 4768 4803 4770 4805 3932 4770 3932 4803 4770 4803 4768 4803 3932 3933 4808 4806 4807 4808 3935 4806 3935 3934 4806 3934 4809 4806 3939 4809 3934 4811 4810 3942 4810 3941 3942 3944 4812 4814 3944 4814 3945 4813 4815 4814 4815 3945 4814 3944 4816 4812 3944 3947 4816 4813 4817 4815 4817 4818 4815 4817 4821 4818 4816 3947 4820 4816 4820 4819 4820 3947 3949 3950 4820 3952 3950 4822 4820 4822 4819 4820 4822 3950 3955 4824 4823 3956 4824 3956 4825 3956 4823 3954 3954 4829 3959 3954 4827 4829 3954 4823 4827 4828 4827 4823 3958 3957 4826 4832 4829 4827 4830 4831 3957 4830 3957 3960 3957 4831 4826 4835 4833 3965 3965 4833 3962 4834 4830 3960 4834 3960 3963 4837 3967 4838 4837 4838 4836 3967 3962 4838 4839 4838 4833 3962 4833 4838 4840 4841 4836 4840 4836 3968 4838 3969 4836 3969 3968 4836 3972 4843 4840 3972 4840 3968 4843 4842 4840 3974 4840 3971 4842 3971 4840 3977 3976 4844 3978 3971 4846 3971 4845 4846 3971 4842 4845 3976 4848 4844 3976 4847 4848 3976 3979 4847 4849 4847 3979 4846 4845 4850 4849 3983 3981 4849 3981 4847 4847 3981 4851 3981 4852 4851 3984 4852 3981 4855 4856 4854 3987 4853 3988 4854 4857 4855 4853 3987 3991 4858 4860 4859 4858 3993 4860 3993 3995 4860 4861 4858 3999 4861 3999 3997 4858 4859 3999 4863 3999 4862 4859 4862 3999 4865 4863 4862 4002 4864 4000 4861 3997 4001 4807 4004 4808 4807 4866 4004 4866 4003 4004 4866 3939 4003 4809 3939 4866 4810 4007 3941 4867 4007 4810 4870 4868 4869 4867 4814 4008 4867 4008 4007 4008 4814 4812 4869 4868 4872 4008 4812 4009 4812 4871 4009 4812 4816 4871 4873 4874 4871 4873 4871 4819 4819 4871 4816 4876 4873 4011 4876 4011 4875 4873 4819 4011 4010 4011 4822 4819 4822 4011 4824 4012 4823 4824 4013 4012 4824 4876 4013 4875 4013 4876 4822 3955 4010 4826 4014 3958 4828 4823 4015 4828 4015 4877 4015 4823 4012 4826 4017 4014 4826 4879 4017 4826 4831 4879 4878 4017 4879 4881 4834 3963 4881 3963 4878 4881 4878 4880 4017 4878 3963 4881 4880 4884 4837 4883 4019 4837 4019 3967 4019 4883 4882 4022 4882 4883 4022 4883 4021 4886 4885 4883 4885 4021 4883 4024 4887 4885 4024 4885 4025 4887 4843 4885 4021 4885 3972 4843 3972 4885 4024 4888 4887 4024 4028 4888 4027 3977 4844 4027 4844 4848 4027 4848 4030 4030 4848 4889 4032 4891 4890 4031 4032 4890 4893 4034 4892 4893 4035 4034 4852 3984 4890 3984 4031 4890 3988 4853 4037 4034 4038 4895 4034 4895 4892 4895 4038 4894 4853 3991 4037 4895 4894 4896 4897 3993 4858 4039 3993 4897 4899 4900 4898 4861 4041 4897 4861 4897 4858 4897 4041 4042 4861 4001 4041 4899 4898 4043 4899 4043 4901 4043 4898 4044 4902 4046 4045 4902 4903 4046 4903 4904 4046 4050 4903 4902 4050 4049 4903 4049 4905 4903 4907 4052 4906 4907 4905 4052 4905 4049 4052 4906 4870 4908 4906 4054 4870 4906 4052 4054 4054 4868 4870 4871 4909 4054 4871 4054 4009 4909 4910 4054 4868 4054 4872 4910 4872 4054 4874 4911 4055 4874 4055 4909 4874 4909 4871 4909 4055 4056 4058 4057 4912 4011 4055 4875 4055 4913 4875 4055 4911 4913 4913 4915 4013 4913 4013 4875 4915 4914 4013 4057 4013 4912 4914 4912 4013 4915 4060 4914 4915 4877 4060 4877 4015 4060 4879 4916 4878 4918 4878 4916 4918 4917 4878 4917 4880 4878 4880 4917 4919 4880 4919 4884 4917 4061 4919 4882 4919 4019 4061 4019 4919 4885 4886 4920 4882 4022 4919 4022 4921 4919 4022 4062 4921 4885 4064 4025 4885 4920 4064 4920 4922 4064 4028 4922 4888 4028 4064 4922 4066 4065 4923 4923 4065 4030 4923 4030 4924 4924 4030 4889 4891 4032 4068 4925 4891 4068 4035 4893 4926 4035 4926 4070 4893 4925 4926 4071 4926 4068 4925 4068 4926 4038 4070 4926 4038 4926 4894 4894 4926 4927 4896 4927 4928 4894 4927 4896 4929 4039 4897 4929 4930 4039 4930 4073 4039 4898 4900 4931 4897 4042 4929 4042 4932 4929 4042 4075 4932 4898 4076 4044 4898 4931 4076 4931 4933 4076 4077 4934 4936 4077 4936 4045 4935 4902 4936 4902 4045 4936 4934 4077 4081 4902 4935 4050 4935 4080 4050 4935 4937 4080 4907 4906 4938 4907 4938 4080 4907 4080 4937 4083 4080 4938 4908 4939 4084 4908 4084 4938 4908 4938 4906 4938 4084 4085 4941 4087 4909 4941 4909 4940 4087 4084 4909 4910 4909 4939 4084 4939 4909 4909 4942 4940 4909 4056 4942 4056 4089 4942 4944 4945 4943 4912 4091 4058 4091 4914 4092 4091 4912 4914 4944 4943 4946 4095 4947 4948 4095 4094 4947 4060 4092 4914 4947 4094 4949 4094 4097 4949 4918 4951 4917 4952 4949 4950 4949 4098 4950 4949 4097 4098 4950 4098 4061 4950 4061 4953 4917 4951 4061 4951 4953 4061 4921 4062 4954 4954 4062 4099 4957 4955 4956 4955 4958 4956 4955 4066 4958 4955 4100 4066 4923 4958 4066 4959 4102 4923 4959 4923 4924 4102 4103 4923 4958 4923 4960 4103 4960 4923 4959 4961 4102 4102 4961 4105 4071 4105 4961 4071 4961 4962 4071 4962 4926 4962 4961 4963 4107 4964 4108 4965 4927 4966 4927 4962 4966 4927 4926 4962 4964 4110 4967 4964 4107 4110 4927 4965 4928 4969 4073 4930 4969 4967 4073 4969 4968 4967 4110 4073 4967 4971 4972 4970 4969 4932 4968 4932 4111 4968 4932 4075 4111 4971 4973 4974 4970 4973 4971 4976 4936 4934 4975 4976 4934 4081 4975 4934 4081 4977 4975 4081 4114 4977 4978 4975 4977 4083 4938 4979 4083 4979 4114 4114 4979 4977 4981 4117 4980 4979 4117 4981 4979 4085 4117 4979 4938 4085 4980 4117 4119 4983 4982 4087 4983 4087 4941 4087 4982 4118 4985 4942 4089 4985 4089 4982 4985 4982 4984 4118 4982 4089 4945 4987 4943 4988 4985 4984 4121 4986 4122 4987 4946 4943 4986 4121 4123 4948 4124 4095 4989 4124 4948 4990 4125 4124 4990 4124 4991 4991 4124 4989 4992 4993 4990 4992 4990 4950 4991 4952 4990 4952 4950 4990 4994 4127 4950 4994 4950 4953 4127 4128 4950 4992 4950 4995 4128 4995 4950 4997 4129 4996 4997 4130 4129 4954 4099 4994 4099 4127 4994 4957 4998 4955 4957 4129 4998 4957 4996 4129 4131 4998 4129 4133 4100 4955 4133 4955 4999 4999 4955 4998 5000 4136 4135 4999 5001 4133 5001 4103 4133 5001 4960 4103 5000 4135 4137 5004 5002 5003 4963 5006 4962 5007 5003 5002 4139 5005 4140 4139 5009 5005 4139 5008 5009 4139 4108 5008 4964 5008 4108 4962 5006 4966 5011 5008 4142 5011 4142 5010 5008 4964 4142 4141 4142 4967 4964 4967 4142 5011 5010 5013 5013 5010 5012 4141 4967 4968 4141 4968 4143 5014 4146 4145 5013 5012 5016 4968 4111 4143 4970 4972 5015 4145 4147 5014 4970 5015 5017 4970 5017 4973 5017 5015 5018 5020 4149 4975 5020 4975 5019 4149 4150 4975 4976 4975 5021 4150 5021 4975 5022 4152 4975 5022 4975 4978 4152 4153 4975 5019 4975 5023 4153 5023 4975 5025 5024 4154 5025 4154 5022 5022 4154 4152 5027 4981 4154 5027 4154 5024 4981 4980 4154 4156 4154 5026 4980 5026 4154 4983 5029 4982 4980 4119 5028 4980 5028 5026 5028 4119 4157 4157 5030 5028 4157 4159 5030 5029 5031 4982 5031 4984 4982 5031 4988 4984 5030 4159 4986 5030 4986 5032 4986 4159 4122 4162 4986 4123 4162 5032 4986 5035 5033 5034 5037 5034 5033 5036 4165 4164 4125 5036 4164 4125 4990 5036 4990 5038 5036 4993 5039 4167 4993 4167 5038 4993 5038 4990 5038 4167 4168 5039 4128 4167 4995 4128 5039 4169 5041 5040 4169 4130 5041 4130 4997 5041 4169 4998 4131 4169 5043 4998 4169 5040 5043 5044 5043 5040 4171 4170 5042 4170 4173 5045 4170 5045 5042 4173 4999 5045 5043 5045 4998 4999 4998 5045 5000 5046 4173 5000 4173 4136 5046 5047 4173 4999 4173 5001 5047 5001 4173 5000 4175 5046 5000 4137 4175 5002 5004 5048 4140 5049 4177 4140 5005 5049 5007 5002 5048 5009 5050 5049 5005 5009 5049 4179 5051 5053 4179 5053 4142 5052 5010 5053 5010 4142 5053 4179 5054 5051 4179 4181 5054 5052 5055 5010 5055 5012 5010 5016 5012 5055 4146 5014 4183 5054 4181 4184 5017 5057 5056 5017 5018 5057 5014 4147 4183 5020 5058 4149 4149 5058 4185 5059 5060 4187 5059 4187 4186 5062 4189 5061 5062 4190 4189 5023 4153 5058 4153 4185 5058 5024 5025 5061 5024 5061 4191 4191 5061 4189 5026 4193 4156 5027 5024 4194 5027 4194 5063 4194 5024 4191 4193 5064 4196 4193 5026 5064 5026 5028 5064 5065 5066 5064 5065 5064 5030 5030 5064 5028 5068 5065 5030 5068 5030 5067 5067 5030 5032 5035 5069 4198 5035 4198 5033 5069 5067 4198 4162 4198 5032 5067 5032 4198 5036 4199 4165 5037 5033 4200 5037 4200 5070 4200 5033 4198 4199 5071 4201 4199 5036 5071 5036 5038 5071 4168 5071 5038 4168 5072 5071 4168 4202 5072 5073 5071 5072 5075 4203 5074 5075 5072 4203 5072 4202 4203 5074 5041 5076 5074 4205 5041 5074 4203 4205 4205 5040 5041 5040 5078 5044 5040 5077 5078 5040 4205 5077 4207 5077 4205 4171 5042 4206 5042 4208 4206 5042 5079 4208 5042 5045 5079 5080 5079 5045 5078 5077 5081 5047 5079 5080 5047 4211 5079 5047 5046 4211 4210 4211 5046 5083 5084 5082 5046 4175 4210 5083 5082 4212 5083 4212 5085 4212 5082 4213 4177 5085 4212 4177 5086 5085 4177 5049 5086 5086 5087 5085 5050 5088 4215 5050 4215 5086 5050 5086 5049 5086 4215 4216 5053 5051 5089 5053 5089 4215 5053 4215 5088 4217 4215 5089 5090 5091 5089 5090 5089 5054 5054 5089 5051 5054 5092 5090 5054 4184 5092 4184 4218 5092 5094 5056 5057 5093 5056 5094 5096 4220 5095 5096 4221 4220 5059 4186 5097 4186 4222 5097 5095 4220 4190 5062 5095 4190 4225 4226 5098 5100 5063 4194 5100 4194 5098 5100 5098 5099 4225 5098 4194 5099 5101 5100 5099 4196 5101 5099 4227 4196 5064 5101 4196 5064 5066 5101 4230 5102 4229 4231 4229 5068 4231 5068 5067 4229 5102 5068 5104 5068 5103 5102 5103 5068 5106 5104 5103 5069 5105 5067 5105 4231 5067 5105 4232 4231 5108 4234 5107 5108 4235 4234 5070 4200 5105 4200 4232 5105 4201 5071 5109 4201 5109 4234 4234 5109 5107 5071 5073 5109 4239 5110 4238 5075 5074 5111 5110 4241 4238 5114 5111 5074 5114 5074 5112 5076 5113 5074 5113 5112 5074 5112 5113 5115 5112 5115 4207 5112 4207 4242 5077 4207 5115 4208 5116 4244 4208 5079 5116 5081 5077 5115 5079 4211 5116 5116 4211 4246 5082 5084 5118 5082 5118 5117 5082 5117 4247 4213 5082 4247 5086 4249 4250 5086 4250 5087 5087 4250 5119 4252 5120 5121 4252 4251 5120 4216 4249 5086 4217 5089 4253 4251 4254 5123 4251 5123 5120 5123 4254 5122 5122 5124 5091 5122 5091 5123 5124 4256 5091 5089 5091 4253 4256 4253 5091 4258 5125 5124 4258 5124 4259 5125 5092 5124 4256 5124 4218 5092 4218 5124 5094 5126 5093 5094 4258 5126 5094 5125 4258 4261 5126 4258 5096 5127 4221 4221 5127 4263 5128 5129 4265 5128 4265 4264 5130 4267 4263 5130 4263 5131 5131 4263 5127 5131 5132 5130 4226 4268 5098 4268 4269 5133 4268 5133 5098 5098 5133 5099 4271 4227 5135 4271 5135 5134 4227 5099 5135 5136 5135 5133 5099 5133 5135 5137 5134 4230 5137 4230 4273 5134 5135 4230 5102 4230 5138 5135 5138 4230 5102 5139 5103 5102 5138 5139 5137 4273 4275 5103 5139 5106 4278 4277 5140 5142 4235 5108 5142 5140 4235 5142 5141 5140 4277 4235 5140 5142 5144 5143 5141 5142 5143 5145 5143 4239 5145 4239 4280 5143 5144 4239 5110 4239 5146 5144 5146 4239 5146 5148 4241 5146 4241 5110 5148 5147 4241 4280 4241 5145 5147 5145 4241 5112 4282 4283 5114 5112 4283 5114 4283 5147 5114 5147 5148 5112 4242 4282 5150 5151 5149 5152 5150 5149 5152 5153 5150 5116 4285 4244 4285 5116 4246 5153 5152 5118 5152 5117 5118 5152 5154 5117 5117 5154 4286 4247 5117 4286 5119 4250 4287 5155 5119 4287 4252 5121 5156 4252 5156 4289 5121 5155 5156 4290 5156 4287 5155 4287 5156 5156 5158 5157 4289 5156 5157 4289 5157 5122 4289 5122 4254 5122 5159 5124 5157 5159 5122 5124 4293 4259 5124 5159 4293 5159 5160 4293 4293 5160 5126 4293 5126 4261 5160 5161 5126 4294 5126 4295 5161 4295 5126 5163 4264 4296 5163 5162 4264 5162 5128 4264 5165 5166 5164 5130 4298 4267 5130 4300 4298 5130 5167 4300 5130 5132 5167 5168 5167 5132 5165 5164 5169 5167 5168 5170 5167 5170 4269 5167 4269 4302 5133 4269 5170 5133 5170 5136 4271 5134 4303 5137 4303 5134 4304 4303 5137 5137 4275 4304 5172 5173 5171 5172 5171 5174 4278 5140 4306 5175 5140 5141 5175 4307 5140 5175 5176 4307 4307 4306 5140 5178 5175 4310 5178 4310 5177 5175 5141 4310 4309 4310 5143 5141 5143 4310 5178 5177 5180 5180 5177 5179 4309 5143 5145 4309 5145 4311 5145 5147 4312 5145 4312 4311 5147 5181 4312 5179 4312 5180 5181 5180 4312 5147 4283 4314 5147 4314 5183 5147 5183 5181 5183 4314 5182 5151 5185 5149 5186 5183 5182 4315 5184 4316 4315 5187 5184 4315 4318 5187 5185 5188 5149 5188 5152 5149 5152 5189 5154 5152 5188 5189 5187 4318 4320 5191 5190 4321 5189 5191 4321 5189 4321 4286 5189 4286 5154 5190 5193 5192 5190 5192 4321 4321 5192 4322 4290 4322 5192 4290 5192 5194 4290 5194 5156 5194 5192 5195 5194 5158 5156 5194 5197 5158 5196 4325 4324 4327 5196 4324 5198 5196 4327 5198 4327 4329 5201 5199 5200 5161 4330 4295 5161 5202 4330 5203 5200 5199 5163 5207 5162 5208 4332 4331 5205 5206 5204 5164 4335 4334 5166 4335 5164 5166 5204 4335 5166 5205 5204 5164 5210 5169 5164 5209 5210 5164 4334 5209 4338 5209 4334 4300 5167 4337 5167 4302 4337 5210 5209 4339 5210 4339 5211 4339 5209 4340 5211 4339 5212 4339 4342 5212 5214 4343 5213 5214 5212 4343 5212 4342 4343 4345 5213 4343 4345 5215 5213 5216 5171 5173 5171 5216 5174 5215 4345 4346 5218 5219 5217 5218 5217 4348 5218 4348 5176 5176 4348 4307 4350 5220 5222 4350 5222 4310 5221 5177 5222 5177 4310 5222 4350 4352 5223 4350 5223 5220 4352 5179 5223 5221 5223 5177 5179 5177 5223 5179 4352 4312 5225 5224 5226 5225 5227 5224 4314 4354 5182 5182 5229 5186 5182 5228 5229 5182 4354 5228 4356 5228 4354 4316 5184 4355 5229 5228 5231 4355 5184 4357 5184 5230 4357 5184 5187 5230 5187 4359 5230 4320 4359 5187 5190 5191 5233 4361 5232 4362 5232 4363 5234 5232 4361 4363 5190 5233 5193 5236 5194 5195 5236 5235 5194 4365 5234 4363 5194 5235 5237 5194 5237 5197 5235 4366 5237 5196 5237 4325 4366 4325 5237 5239 5237 4369 5239 4369 5238 5237 5196 4369 4368 4369 5198 5196 5198 4369 5201 4370 5199 5201 4371 4370 5201 5239 4371 5238 4371 5239 5198 4329 4368 5199 4370 4373 5199 4373 5241 5199 5241 5203 5240 5241 4373 5208 4331 5244 5244 4331 4374 5204 5206 5243 5204 5243 5242 4335 5204 5242 4335 5242 5245 4335 5245 4375 5246 5245 5242 4377 4376 5247 4338 4375 5209 4375 5248 5209 4375 5245 5248 5247 4376 4340 5247 4340 5249 5209 5248 4340 5248 5249 4340 5250 5251 5214 5250 5214 4380 5213 4379 5214 4379 4380 5214 4379 5215 4382 4379 5213 5215 5251 5250 5252 5219 5253 5217 5215 4346 4382 5217 4383 4348 5217 5253 4383 5253 5254 4383 5257 5255 5256 5254 5222 4385 5254 4385 4383 4385 5222 5220 4385 5220 5223 4385 5223 4386 5256 5255 5223 5255 4386 5223 5259 5226 5224 5258 5259 5224 5227 5261 5260 5227 5260 5224 5224 5260 5258 5261 5262 5260 4356 4389 5228 5228 5264 5231 5228 5263 5264 5228 4389 5263 4391 5263 4389 4357 5230 4390 5230 4359 4390 5264 5263 5265 5266 4362 5232 5266 5267 4362 5267 4394 4362 5269 5266 5232 5269 5232 5268 5268 5232 5234 5236 5271 5235 5234 4365 5270 5234 5270 5268 5270 4365 4397 5270 4397 4400 5235 5271 4366 5271 4399 4366 5271 5272 4399 4369 5273 5238 4369 4399 5273 4399 5272 5273 5238 5273 5274 5238 5274 4371 4371 5274 4401 5240 4403 4404 5240 4404 5241 5241 4404 5275 5279 5276 5278 5279 4405 5276 5279 5244 4405 4374 4405 5244 5243 5277 5242 5242 5277 5246 5276 4405 4407 5281 5282 5280 5281 5280 5283 4377 5247 4409 4409 5247 5249 4409 5249 4410 4410 5249 5284 5287 5286 5285 5288 5250 5286 5288 5286 5289 5250 4380 5286 5285 5286 4412 4380 4412 5286 5252 5288 5290 5250 5288 5252 4413 5291 4414 5291 5292 5293 5291 4413 5292 4413 4415 5292 5255 5257 5292 5255 5292 4416 4416 5292 4415 4418 4386 5255 4418 5255 5294 4416 4419 5255 4419 5294 5255 5294 5295 5259 5294 5259 4421 5294 4421 4418 4421 5259 5258 4421 5296 4422 4421 5258 5296 5258 5260 5296 5262 5298 5297 5262 5297 5260 5260 5297 5296 5299 5297 4391 5299 4391 4424 5297 5298 4391 5263 4391 5300 5298 5300 4391 5265 5263 5300 5301 5302 4424 5301 4424 4426 4424 5302 5299 5301 4426 5303 5301 5303 5305 4426 4394 5303 5304 5303 5267 4394 5267 5303 5306 5307 5303 5306 5303 5268 5304 5269 5303 5269 5268 5303 5309 5306 4429 5309 4429 5308 5306 5268 4429 4428 4429 5270 5268 5270 4429 5270 4400 4428 5309 5308 5310 5274 5311 4401 5311 4432 4401 5312 5313 5275 5312 5275 4433 4433 5275 4404 4434 4435 5278 4434 5278 5276 4435 5316 5278 5315 5278 5314 5316 5314 5278 5317 4438 4437 5315 5314 5319 5276 4407 4434 5280 5282 5318 5317 4439 5320 5317 4437 4439 5280 5318 5283 5320 4439 4410 5320 4410 5321 5321 4410 5284 5322 5323 5287 5322 5287 4442 5285 4441 5287 4441 4442 5287 5289 4443 5288 5289 4444 4443 5289 5323 4444 5322 4444 5323 5285 4412 4441 4443 5290 5288 4443 4445 5290 4445 5324 5290 5326 5327 5325 5291 4446 4414 5329 5326 5325 5293 5328 5291 5328 4446 5291 5328 4448 4446 4448 5328 5330 4449 4448 5330 5331 5294 4419 4450 5331 4419 5331 5295 5294 5331 5333 5295 5332 4453 4452 4422 5296 4454 4452 4455 5332 5334 5296 5297 5334 4456 5296 5334 5335 4456 4456 4454 5296 5334 4459 5336 5334 5299 4459 5334 5297 5299 4458 4459 5299 5299 4461 4458 5299 5338 4461 5299 5302 5338 5337 4461 5338 5305 5303 5339 5337 4462 4461 5303 5307 5339 4463 5340 5342 4463 5342 4429 5341 5308 5342 5308 4429 5342 5310 5308 5341 5343 5344 4463 5343 4463 4464 4463 5344 5340 4464 5345 5343 4466 5345 4464 5311 4468 4432 5346 4468 5311 4433 5347 5312 4433 4468 5347 4468 5346 5347 4471 4470 5348 4471 5348 5350 4470 5314 5348 5349 5348 5316 5314 5316 5348 5317 4473 4438 5319 5314 4474 5319 4474 5351 4474 5314 4470 5320 4473 5317 4475 4473 5320 5321 4475 5320 5321 5352 4475 5352 4477 4475 4477 5352 5322 4477 5322 4442 5352 5353 5322 4478 5322 4479 5353 4479 5322 4480 4444 5322 4480 5322 5354 4478 4481 5322 4481 5354 5322 5355 4483 4482 5354 5356 4480 5356 4445 4480 5356 5324 4445 5358 5325 5327 5358 5357 5325 4484 5355 4482 5329 5359 5360 5329 5325 5359 5325 5357 5359 5360 5359 5361 5360 5361 4449 5360 4449 5330 4449 5361 4487 4489 4488 5331 4489 5331 5361 4450 4487 5331 4487 5361 5331 5332 5362 4488 5332 4488 4453 5362 5363 4488 5331 4488 5333 5363 5333 4488 4491 5332 4455 4491 5364 5332 5364 5362 5332 4492 5335 5365 4492 4456 5335 4491 4493 5364 4459 5365 5336 4459 4492 5365 4495 4494 5366 4497 5366 4494 4497 5367 5366 5368 5337 5338 5367 4497 4499 5337 5368 4462 5368 4498 4462 5368 5369 4498 5370 4501 4498 5370 4498 5371 5371 4498 5369 5372 5373 5370 5372 5370 5340 5371 5342 5370 5342 5340 5370 5374 4502 5340 5374 5340 5344 4502 4503 5340 5372 5340 5375 4503 5375 5340 5374 4466 4502 5345 4466 5374 4506 5376 4507 5376 4506 4509 5379 5377 5378 5382 5350 4510 5382 4510 4511 5350 5348 4510 5380 4510 5381 5348 5381 4510 5383 4513 4512 5380 5384 4510 5384 4474 4510 5384 5351 4474 4512 4514 5383 4517 5385 5386 4516 5385 4517 5385 4516 5387 5385 5387 5389 4516 4479 5387 5388 5387 5353 4479 5353 5387 5390 5354 5388 5390 5388 5391 5354 4481 5388 5387 5388 4520 4481 4520 5388 4483 5355 4521 5356 5354 5393 5354 5392 5393 5354 5390 5392 4521 5355 4484 5393 5392 5358 5392 5357 5358 5392 5394 5357 5395 5394 5396 5395 5359 5394 5359 5357 5394 5359 5397 5361 5395 5397 5359 5399 5398 4524 5397 5399 4524 5397 4524 4489 5397 4489 5361 4526 4524 5363 4526 5363 5362 4524 5398 5363 5401 5363 5400 5398 5400 5363 5401 5400 5403 5403 5400 5402 4526 5362 5364 4526 5364 4527 5403 5402 5405 4527 5364 4493 5404 4530 4529 4495 5366 4532 4529 4533 5404 5367 4532 5366 5367 4534 4532 5406 5407 5408 5367 4499 4534 5407 5406 5409 5370 4536 4501 5370 4538 4536 5370 5411 4538 5370 5373 5411 5410 4538 5411 5410 4503 4538 5410 5412 4503 5412 5375 4503 4539 5413 4540 4507 5376 4542 4539 4543 5413 5376 4509 4542 5377 5379 5415 4545 4544 5414 5381 5417 5380 5382 4511 5416 5382 5416 5418 5416 4511 4547 5384 5380 5417 4513 5383 4549 5416 4547 4550 4549 5383 4514 4552 4551 5419 5419 4551 4517 5419 4517 5420 5420 4517 5386 5422 5389 5387 5421 5422 5387 5387 4520 5421 5421 4520 4554 5390 5391 5424 5390 5424 5423 4555 5425 4556 5426 5392 5427 5392 5423 5427 5392 5390 5423 5392 5428 5394 5392 5426 5428 5425 4555 4557 5394 5428 5396 4559 4558 5429 4560 5429 4558 5430 5429 4560 5432 5398 5399 5432 5431 5398 4562 5430 4560 5398 5431 5400 5400 5431 5433 4566 4565 5402 4566 5402 5433 5433 5402 5400 5402 5435 5405 5402 5434 5435 5402 4565 5434 4568 5434 4565 4530 5404 4567 5435 5434 5437 4567 5404 4533 5436 4570 4569 5436 5408 5438 5436 4572 5408 5436 4569 4572 4572 5406 5408 4572 5409 5406 4572 4574 5409 4574 5439 5409 4576 5440 5441 4575 5440 4576 5411 5442 5410 5411 4575 5442 5411 5440 4575 4578 5442 4575 5412 4580 5443 5412 5442 4580 5412 5410 5442 5442 4581 4580 4540 5413 5444 4540 5444 4580 4580 5444 5443 5446 4583 5445 5444 4583 5446 5444 4543 4583 5444 5413 4543 4545 5445 4583 4545 5414 5445 5414 5447 5445 5448 5418 5416 5448 4585 5418 5448 5449 4585 4585 4586 5418 5416 4550 4589 5416 4589 5448 5448 4589 5450 4552 5419 4590 4589 4591 5452 4589 5452 5450 5452 4591 5451 5454 5452 5451 5420 5453 5419 5453 4590 5419 5453 4592 4590 5457 5455 5456 5453 5422 4593 5453 4593 4592 4593 5422 5421 5458 4596 4595 5456 5455 5460 5421 4554 4593 5423 5424 5459 5423 5459 5427 5425 4598 4556 5458 4595 4599 5462 5463 5461 5425 4557 4598 5462 5461 5464 5465 4559 5429 4602 4559 5465 5467 5468 5466 5430 4603 5465 5430 5465 5429 5465 4603 4604 5432 4605 5431 5432 4606 4605 5432 5467 4606 5466 4606 5467 5430 4562 4603 5469 5433 5431 5469 5431 4607 5469 4607 5470 4607 5431 4605 5433 4609 4566 5433 5472 4609 5433 5469 5472 5472 5471 4609 5472 5473 5471 4568 4611 5434 4570 5436 5474 4570 5474 4611 5437 5434 5474 5434 4611 5474 5436 5438 5474 4615 5475 5476 4615 5476 4574 4574 5476 5439 5475 4615 4617 5478 5477 4576 5478 4576 5441 4576 5477 4616 5477 5480 5479 4616 5477 5479 4616 5479 5442 4616 5442 4578 5442 4620 4581 5442 5479 4620 5479 5481 4620 5482 4621 4620 5482 4620 5483 5483 4620 5481 5446 5482 5483 5446 4623 5482 5446 5445 4623 4622 4623 5445 5485 5486 5484 5445 5447 4624 5445 4624 4622 5447 5487 4624 5484 4624 5485 5487 5485 4624 5488 4625 4585 5449 5488 4585 4628 5490 5489 4627 4628 5489 4591 4627 5489 4591 5489 5491 4591 5491 5451 5491 5489 5492 5454 5491 5493 5451 5491 5454 5455 5457 5495 4631 5494 4632 5460 5455 5495 4596 5458 4633 5494 4631 4634 5463 5496 5461 5458 4599 4633 5461 5496 5464 4637 4636 5497 4602 5465 4639 4636 4640 5497 5465 4604 4639 5466 5468 4641 5468 4642 4641 5468 5498 4642 5466 4641 4606 5500 5499 5501 5470 4607 5499 5470 5499 5500 4607 4645 5499 5503 5499 5502 4645 5502 5499 4645 5504 5502 4645 4648 5504 4647 4609 5471 4647 5505 4650 5471 5505 4647 5471 5506 5505 5471 5473 5506 5506 5508 5507 5505 5506 5507 5508 5509 5507 5475 4653 4654 5475 4654 5476 5476 4654 5510 5475 4617 4653 5477 5478 4655 5478 4656 4655 5478 5511 4656 4655 4658 5512 5477 4655 5512 5477 5512 5513 5477 5513 5480 5513 5512 5514 5482 4660 4621 5482 4623 4660 5484 5486 5516 4663 4662 5515 5515 4662 4624 5515 4624 5517 5484 5516 4624 5516 5517 4624 5520 5519 5518 5520 5518 4667 4667 5518 4666 4628 5518 5490 4628 4666 5518 4669 4668 5521 5492 5522 5491 5521 4668 4671 5491 5522 5493 5523 4632 5494 4673 4632 5523 4674 5494 4634 4674 5523 5494 5526 5524 5525 5528 5525 5524 5527 4676 4675 4637 5497 4678 4675 4679 5527 5497 4640 4678 5529 5498 5530 5529 4681 5498 4681 4642 5498 5530 5501 5499 5530 5499 5529 5529 5499 5531 5503 5532 5531 5499 5503 5531 5504 4648 4684 5533 5504 4684 4650 5505 4686 4684 4687 5535 4684 5535 5533 5535 4687 5534 5505 5507 4688 5505 4688 4686 5507 5536 4688 5534 4688 5535 5536 5535 4688 5507 5509 5536 4690 5537 4689 4691 5538 5537 4691 5537 4692 5538 5510 5537 4689 5537 4654 5510 4654 5537 5538 4691 4656 5511 5538 4656 5539 5512 4658 5539 4658 5540 5540 4658 4694 5512 5539 5514 5541 4663 5515 5541 5542 4663 5542 4696 4663 5543 4697 5515 5543 5515 5517 4697 4698 5515 5541 5515 5544 4698 5544 5515 5519 5520 5547 5545 5546 4700 5545 4700 4699 4700 5546 5548 4669 5545 4699 4669 5549 5545 4669 5521 5549 5549 5550 5545 4702 5521 4671 4702 5551 5521 5551 5549 5521 4702 4704 5551 5552 4673 5523 4706 4673 5552 5523 4674 5552 5552 4674 4707 5524 5526 5554 5524 5554 5553 4676 5527 4709 5528 5524 5556 5524 5555 5556 5524 5553 5555 5527 4679 4709 5556 5555 4711 5556 4711 5557 4711 5555 4712 5557 4711 5558 4711 4714 5558 4681 5529 4715 4714 4716 5560 4714 5560 5558 5560 4716 5559 5560 5559 5562 4715 5529 4718 5529 5561 4718 5529 5531 5561 5561 5531 4720 5561 4720 4721 5531 5532 4720 5563 4720 5564 5532 5564 4720 4720 5563 4722 5565 5534 4687 5565 4687 5566 5566 4687 4724 5534 5565 5567 5534 5567 4688 4688 5567 4726 5568 5537 4690 4728 5568 4690 4730 4692 5537 4730 5537 5569 5569 5537 5568 4730 5569 4731 5540 4694 4733 5570 5540 4733 4733 5571 5570 4735 5571 4733 5574 5572 5573 5573 5572 5577 5542 5576 4736 5542 4736 4696 4736 5576 5575 5576 5578 5575 5576 4698 5578 5576 5544 4698 4698 4737 5578 5546 5580 5579 5546 5579 5548 5548 5579 5581 5580 5550 5549 5580 5549 5579 5579 5549 5582 5584 5585 5583 5551 4741 5582 5551 5582 5549 5582 4741 4742 5584 5583 5587 4741 5551 4704 5586 4744 4743 4743 4746 5586 4745 4706 5552 5590 5588 5589 4745 5552 4707 5589 5588 5592 5553 5554 5591 5594 5553 5591 5594 5555 5553 4749 5593 4750 5593 4749 4712 5593 4712 5595 5555 5594 4712 5594 5595 4712 5598 5597 5596 5597 5599 5596 4716 4752 5559 5561 4753 4718 5562 5559 4754 5562 4754 5600 4754 5559 4752 5561 4721 4753 5563 5564 5602 4756 4755 5601 5601 4755 4722 5601 4722 5603 5563 5602 4722 5602 5603 4722 5604 5605 5566 5604 5566 4758 4758 5566 4724 5567 4760 4726 5567 5606 4760 5607 5605 5604 4760 5606 5568 4760 5568 4728 5606 5608 5568 4761 5568 4762 5608 4762 5568 5569 5568 4761 4763 5569 4761 5569 4763 4731 4764 4765 5609 5611 5571 4735 5611 4735 5609 5611 5609 5610 4764 5609 4735 5611 5572 5574 5611 5610 5572 5610 5612 5572 5577 5612 5613 5577 5572 5612 4736 5575 4769 5614 5575 5578 5614 4770 5575 5614 5615 4770 4770 4769 5575 5617 5618 5616 5579 4771 5619 5579 5619 5581 5619 4771 4772 5617 5616 5621 4771 5579 4774 5579 5620 4774 5579 5582 5620 5582 4776 5620 5582 4742 4776 5583 5585 5622 4744 5623 4778 4744 5586 5623 5587 5583 5622 5590 5625 5588 5586 4746 5624 5586 5624 5623 5624 4746 4780 5625 5592 5588 5624 4780 4781 5626 4750 5593 5626 5627 4750 5627 4782 4750 5628 4784 5593 5628 5593 5595 4784 4785 5593 5626 5593 5629 4785 5629 5593 5631 4787 5596 5631 5596 5630 4787 4784 5596 5598 5596 5628 4784 5628 5596 5632 4789 5596 5632 5596 5599 4789 4790 5596 5630 5596 5633 4790 5633 5596 4754 5632 5600 4754 4789 5632 4792 4791 5634 4756 5634 4791 4756 5601 5634 5601 5635 5634 5603 5636 5635 5601 5603 5635 5637 5604 4758 5637 4758 5638 5638 4758 4795 5607 5604 5637 5640 5641 5639 5640 5639 5642 5640 5642 4762 5640 4762 5608 4762 5642 4796 4796 5642 4797 4799 5644 5643 4798 4799 5643 4765 5645 5609 4765 4798 5645 4798 5643 5645 5647 5609 5645 5647 5646 5609 5646 5610 5609 4801 5648 4802 5649 5612 5650 5612 5646 5650 5612 5610 5646 5612 5649 5613 5648 4801 4804 5652 5653 5651 5652 5651 5654 5652 5654 4770 5652 4770 5615 4770 5654 4805 5661 5656 5660 5657 5658 5659 4806 5655 4807 4806 4809 5655 5660 5656 5662 5660 5662 5664 5662 5656 5663 5664 5662 4810 4811 5664 4810 4813 4814 5665 5665 5666 5668 5665 5668 4817 5665 4817 4813 4817 5668 5667 5671 5670 5669 5671 5672 5670 5667 4821 4817 5673 5669 5674 5673 5675 5669 5675 5671 5669 5675 4824 4825 5675 5677 4824 5675 5673 5677 5677 5676 4824 4828 5676 5677 4828 5677 4827 4827 5677 5678 4832 5678 5680 4832 4827 5678 4831 4830 5679 4833 5682 5681 4833 4835 5682 4830 4834 5679 4839 5681 5684 4839 4833 5681 4837 4836 5683 5683 5685 5686 4836 5685 5683 4836 5687 5685 4836 4841 5687 5688 4842 5687 5688 5687 5690 4842 4843 5687 5685 5687 5689 4843 5689 5687 5692 5691 4845 5692 4845 5688 5688 4845 4842 4847 5693 5691 4847 5691 4848 5693 5694 5691 4845 5691 4850 5694 4850 5691 5696 4851 5695 5696 5693 4851 5693 4847 4851 5695 4851 4852 5699 5697 5698 5698 5697 5700 4856 5701 4854 5704 5702 5703 5701 4857 4854 5703 5702 5706 4860 5705 4859 5707 4859 5705 4862 4859 5707 5710 5708 5709 5707 4865 4862 5714 5657 5659 5712 5713 5711 4807 5655 4866 4866 5655 4809 5712 5711 5663 5711 5662 5663 5711 5715 5662 4867 4810 5662 4867 5662 5716 5716 5662 5715 4867 5665 4814 4867 5718 5665 4867 5716 5718 5719 5718 5716 4870 4869 5717 5718 5666 5665 5717 4869 4872 5669 5670 5721 4873 5720 4874 5674 5669 5721 5722 5723 4873 5722 4873 4876 4873 5723 5720 4824 5722 4876 4824 5724 5722 4824 5676 5724 5724 5725 5722 5676 4877 5724 4828 4877 5676 5726 4831 5679 4879 4831 5726 4834 5726 5679 4834 5727 5726 4834 4881 5727 5728 5726 5727 4881 5729 5727 4881 4884 5729 4883 4837 5683 4883 5730 4886 5683 5730 4883 5683 5731 5730 5683 5686 5731 5731 5732 5730 5731 4843 5732 5731 5689 4843 4843 4887 5732 5734 5691 5692 5734 5733 5691 4888 5732 4887 4889 4848 5736 4889 5736 5735 4848 5691 5736 5737 5736 5733 5691 5733 5736 5696 5735 5736 5696 4891 5735 5696 5695 4891 4890 4891 5695 5739 5740 5738 5741 4893 4892 5739 5738 5743 5695 4852 4890 5697 5699 5742 5741 4895 5744 5741 4892 4895 5697 5742 5700 4895 4896 5744 5747 5745 5746 4900 5746 5745 4900 4899 5746 4899 5748 5746 5748 4899 5749 4899 4901 5749 5711 5713 5750 5711 5750 4903 4903 5750 4904 5715 5711 5753 5715 5753 5752 5711 4903 5753 5751 5753 4905 4903 4905 5753 5715 5754 5716 5715 5752 5754 5751 4905 4907 4870 5755 4908 4870 5717 5755 5719 5716 5754 5717 4910 5755 4872 4910 5717 5720 4911 4874 5720 4913 4911 5720 5757 4913 5720 5723 5757 5756 4913 5757 5756 5758 5725 5756 5725 4915 5756 4915 4913 4915 5725 5724 5724 4877 4915 5726 4916 4879 4916 5759 4918 5726 5759 4916 5726 5760 5759 5726 5728 5760 5729 4884 5759 5729 5759 5760 4884 4919 5759 5762 5759 5761 4919 5761 5759 4919 5763 5761 4919 4921 5763 4920 4886 5730 5732 4920 5730 4922 4920 5732 5734 5764 5733 5732 4888 4922 5733 5764 5737 4889 5735 5766 4889 5766 4924 5766 5735 5765 5738 5740 5765 5738 5765 4925 5735 4891 5765 4891 4925 5765 5741 5767 4925 5741 4925 4893 5767 5768 4925 5738 4925 5743 5768 5743 4925 5769 5770 5767 5769 5767 5744 5744 5767 5741 5744 4896 4928 5744 4928 5772 5744 5772 5769 5772 4928 5771 5745 4930 4929 5747 4930 5745 5747 5771 4930 5747 5772 5771 4932 5774 5745 4932 5745 4929 5774 5773 5745 4900 5745 4931 5773 4931 5745 5776 5775 4933 5776 4933 5773 5773 4933 4931 4936 5780 5779 4936 5779 4935 5778 5777 5779 5777 4935 5779 4937 4935 5753 4937 5753 5751 4935 5777 5753 5782 5753 5781 5777 5781 5753 5782 5783 5784 5782 5781 5783 4937 5751 4907 5785 5784 5783 5785 5786 5784 5755 4939 4908 5786 5785 5788 4939 5755 4910 5787 4941 4940 5787 4940 4942 5791 5789 5790 5756 4945 4944 5757 4945 5756 5757 5789 4945 5757 5790 5789 4944 4946 5792 5756 4944 5792 5756 5792 5793 5756 5793 5758 4948 5793 5792 4948 4947 5793 4947 5794 5793 5796 4949 5795 5796 5794 4949 5794 4947 4949 4949 4952 5795 4951 4918 5759 5799 5797 5798 5759 4953 4951 5759 5800 4953 5759 5762 5800 5801 5800 5762 5798 5797 5802 5801 4954 5800 5801 5763 4954 5763 4921 4954 4956 5803 4957 4958 5803 4956 5804 5803 4958 4959 5766 5805 4959 4924 5766 4958 4960 5804 5805 5806 4959 4959 5806 4961 5768 5767 5807 5768 5807 4961 5768 4961 5806 4963 4961 5807 5770 5808 4965 5770 4965 5807 5770 5807 5767 5807 4965 4966 4928 5809 5771 4928 4965 5809 4965 5808 5809 5771 4969 4930 5771 5809 4969 5809 5810 4969 4932 5810 5774 4932 4969 5810 4972 4971 5811 4974 5811 4971 4974 5812 5811 5813 5775 5776 5780 4976 5815 5780 4936 4976 5777 5778 5814 5814 5816 4978 5814 4978 5781 5814 5781 5777 4977 5781 4978 5783 5781 4977 4979 5783 4977 5817 5785 5783 5817 5783 4981 5817 4981 5818 4981 5783 4979 5785 5817 5788 4941 5787 5820 4941 5820 4983 5820 5787 5819 5789 5791 5819 5789 5819 4985 5787 4942 5819 4942 4985 5819 4988 5822 5789 4988 5789 4985 5822 5821 5789 4945 5789 4987 5821 4987 5789 4946 5823 5792 4946 4987 5823 4987 5821 5823 5825 5824 4989 5823 5825 4989 5823 4989 4948 5823 4948 5792 5824 5826 5796 5824 5796 4991 5824 4991 4989 4991 5796 5795 5795 4952 4991 5797 5799 5828 4993 4992 5827 5797 5828 5802 5800 4994 4953 5827 4992 4995 5830 5831 5829 5800 4954 4994 5830 5829 4996 5830 4996 5832 4996 5829 4997 4957 5803 5833 4957 5833 4996 4996 5833 5832 5803 5804 5834 5833 5803 5834 5804 5835 5834 5804 4960 5835 4960 5001 5835 5004 5836 5837 5003 5836 5004 5003 5838 5836 5003 5007 5838 5006 4963 5807 5009 5839 5840 5009 5008 5839 4966 5006 5807 5842 5011 5841 5842 5839 5011 5839 5008 5011 5841 5843 5844 5841 5011 5843 5011 5013 5843 5013 5845 5843 5013 5016 5845 5015 4972 5811 5015 5846 5018 5015 5811 5846 5811 5812 5846 5815 4976 5021 5848 5849 5019 5848 5019 5847 5019 5849 5020 5816 5850 4978 4978 5850 5022 5851 5847 5019 5851 5019 5023 5022 5850 5852 5025 5022 5852 5853 5854 5818 5853 5818 5027 5027 5818 4981 5854 5853 5855 5854 5855 4983 5854 4983 5820 4983 5855 5029 5031 5029 5855 5856 5031 5855 5856 4988 5031 5856 5857 4988 5857 5822 4988 5035 5858 5859 5034 5858 5035 5861 5034 5037 5861 5858 5034 5825 5860 5824 5826 5824 5860 5863 5864 5862 5865 5863 5862 5865 5866 5863 5827 5039 4993 5039 5827 4995 5866 5865 5868 5829 5831 5867 5829 5041 4997 5829 5870 5041 5829 5867 5870 5870 5869 5041 5044 5869 5870 5044 5870 5043 5043 5870 5871 5872 5045 5043 5872 5043 5873 5873 5043 5871 5873 5047 5872 5873 5835 5047 5835 5001 5047 5837 5048 5004 5874 5048 5837 5874 5007 5048 5874 5838 5007 5876 5877 5875 5876 5875 5050 5876 5050 5840 5840 5050 5009 5841 5052 5053 5841 5053 5842 5842 5053 5878 5844 5052 5841 5844 5879 5052 5879 5055 5052 5879 5016 5055 5879 5845 5016 5881 5882 5880 5883 5018 5846 5883 5057 5018 5880 5884 5881 5059 5886 5849 5059 5849 5060 5886 5885 5849 5020 5849 5058 5885 5058 5849 5888 5061 5887 5888 5062 5061 5851 5023 5885 5023 5058 5885 5887 5061 5025 5852 5887 5025 5889 5853 5027 5063 5889 5027 5853 5889 5855 5855 5889 5890 5065 5891 5066 5892 5856 5893 5856 5890 5893 5856 5855 5890 5856 5892 5857 5891 5065 5068 5895 5896 5894 5895 5894 5069 5895 5069 5859 5859 5069 5035 5861 5037 5897 5897 5037 5070 5899 5862 5864 5898 5862 5899 5072 5900 5073 5901 5865 5902 5865 5898 5902 5865 5862 5898 5865 5901 5868 5900 5072 5075 5904 5905 5903 5903 5906 5904 5903 5041 5906 5903 5076 5041 5869 5906 5041 5908 5078 5907 5906 5078 5908 5906 5044 5078 5906 5869 5044 5045 5872 5080 5078 5081 5907 5080 5872 5047 5084 5083 5909 5085 5909 5083 5910 5909 5085 5877 5911 5875 5910 5085 5087 5913 5912 5088 5911 5913 5088 5911 5088 5050 5911 5050 5875 5912 5053 5088 5912 5914 5053 5914 5878 5053 5091 5915 5916 5090 5915 5091 5882 5917 5880 5882 5090 5917 5882 5915 5090 5092 5917 5090 5883 5094 5057 5883 5918 5094 5880 5917 5884 5917 5919 5884 5920 5096 5095 5922 5921 5097 5921 5059 5097 5921 5886 5059 5920 5095 5062 5920 5062 5923 5923 5062 5888 5889 5063 5100 5890 5889 5100 5101 5890 5100 5891 5924 5101 5891 5101 5066 5924 5925 5101 5890 5101 5893 5925 5893 5101 5896 5927 5894 5891 5068 5926 5891 5926 5924 5926 5068 5104 5926 5104 5106 5894 5927 5069 5927 5105 5069 5927 5928 5105 5070 5928 5897 5070 5105 5928 5108 5107 5929 5929 5899 5930 5929 5109 5899 5929 5107 5109 5109 5898 5899 5073 5900 5931 5073 5931 5109 5902 5898 5931 5898 5109 5931 5931 5932 5934 5931 5111 5932 5931 5900 5111 5075 5111 5900 5905 5933 5903 5932 5111 5114 5903 5933 5076 5933 5113 5076 5933 5935 5113 5907 5935 5908 5907 5115 5935 5115 5113 5935 5907 5081 5115 5937 5938 5936 5939 5084 5909 5939 5118 5084 5936 5940 5937 5941 5942 5939 5941 5939 5910 5910 5939 5909 5910 5087 5119 5910 5119 5944 5910 5944 5941 5944 5119 5943 5912 5121 5120 5913 5121 5912 5913 5943 5121 5913 5944 5943 5912 5120 5123 5912 5123 5946 5912 5946 5914 5945 5946 5123 5945 5123 5091 5945 5091 5947 5947 5091 5916 5917 5092 5125 5918 5948 5125 5918 5125 5094 5948 5949 5125 5917 5125 5919 5949 5919 5125 5920 5127 5096 5921 5922 5128 5921 5128 5950 5128 5922 5129 5920 5131 5127 5920 5952 5131 5920 5923 5952 5951 5131 5952 5131 5951 5132 5955 5954 5953 5136 5953 5954 5136 5954 5135 5957 5956 5954 5956 5135 5954 5956 5958 5925 5956 5925 5138 5956 5138 5135 5138 5925 5924 5926 5138 5924 5926 5139 5138 5959 5960 5961 5960 5962 5963 5960 5959 5962 5139 5926 5106 5964 5963 5962 5964 5965 5963 5929 5142 5108 5967 5965 5964 5930 5966 5929 5966 5142 5929 5966 5144 5142 5966 5968 5144 5144 5968 5146 5932 5968 5934 5932 5148 5968 5148 5146 5968 5932 5114 5148 5150 5969 5151 5969 5938 5970 5969 5153 5938 5969 5150 5153 5153 5936 5938 5118 5939 5971 5118 5971 5153 5940 5936 5971 5936 5153 5971 5939 5942 5971 5155 5972 5974 5155 5974 5119 5973 5943 5974 5943 5119 5974 5972 5155 5121 5972 5121 5975 5943 5973 5121 5973 5975 5121 5976 5977 5946 5976 5946 5158 5945 5157 5946 5157 5158 5946 5979 5977 5976 5947 5978 5945 5978 5157 5945 5978 5159 5157 5981 5980 5160 5981 5160 5978 5978 5160 5159 5949 5948 5982 5980 5161 5160 5950 5128 5983 5983 5128 5162 5951 5166 5165 5951 5952 5166 5952 5984 5166 5169 5986 5951 5169 5951 5165 5986 5985 5951 5132 5951 5168 5985 5168 5951 5953 5985 5955 5953 5170 5985 5170 5168 5985 5957 5987 5956 5953 5136 5170 5958 5956 5987 5989 5990 5988 5959 5173 5172 5961 5173 5959 5961 5988 5173 5961 5989 5988 5172 5174 5991 5172 5991 5959 5959 5991 5962 5175 5992 5176 5993 5964 5994 5964 5991 5994 5964 5962 5991 5967 5964 5993 5995 5996 5175 5995 5175 5178 5175 5996 5992 5998 5180 5997 5998 5995 5180 5995 5178 5180 5997 5999 6000 5997 5180 5999 5180 5181 5999 6002 5183 6001 6002 5999 5183 5999 5181 5183 5183 5186 6001 5185 5151 5969 6005 6003 6004 6003 6006 5970 6003 5970 6004 6006 5188 5970 5969 5970 5185 5188 5185 5970 5189 5188 6006 6007 5189 6006 6008 5191 5189 6008 5189 6009 6007 6010 5189 6010 6009 5189 5974 6008 6009 5974 5193 6008 5974 5972 5193 5192 5193 5972 6012 6013 6011 5972 5195 5192 5972 6014 5195 5972 5975 6014 6015 6014 5975 6012 6011 6016 6014 6015 6017 6014 6017 5158 6014 5158 5197 5976 5158 6017 5979 5976 6017 6019 6020 6018 5981 6022 5980 6023 6019 6018 5200 6021 5201 6022 5161 5980 6022 5202 5161 6022 6025 5202 6024 5202 6025 6021 5200 5203 5162 6027 5983 5162 5207 6027 5206 5205 6026 6029 5166 5984 6029 6026 5166 6029 6028 6026 5205 5166 6026 6029 6030 6028 6029 5169 6030 6029 5986 5169 5169 5210 6030 5211 6030 5210 6031 6030 5211 5212 6031 5211 6032 6031 5212 6034 5988 5990 6034 6033 5988 5214 6032 5212 5216 5173 5988 5216 5988 6035 6035 5988 6033 5219 5218 5991 5219 5991 6035 5174 5216 5991 5216 6035 5991 5992 6036 5218 5992 5218 5176 6036 6037 5218 5991 5218 5994 6037 5994 5218 6036 5992 5221 6036 5221 5222 5992 5996 5221 6038 5221 6039 5996 6039 5221 5998 5997 6040 6038 5223 5221 6041 5225 5997 6041 5997 6000 5225 5226 5997 6040 5997 6042 5226 6042 5997 6044 5227 6001 6044 6001 6043 5227 5225 6001 6002 6001 6041 5225 6041 6001 6043 6045 6047 6043 5229 6045 6043 6001 5229 5186 5229 6001 6005 6046 6003 6003 6048 6006 6003 6046 6048 6045 5229 5231 6006 6049 6007 6048 6049 6006 6049 6010 6007 6051 6052 6050 5191 6008 5233 5233 6008 5193 6051 6050 6013 6050 6011 6013 6050 6053 6011 6011 6053 6054 6011 6054 6016 6053 5236 6054 6014 6054 5195 5236 5195 6054 6056 5237 6055 6054 5237 6056 6054 5197 5237 6054 6014 5197 6055 6020 6057 6055 5239 6020 6055 5237 5239 5239 6018 6020 5201 6021 6058 5201 6058 5239 6023 6018 6058 6018 5239 6058 5203 5241 6058 5203 6058 6021 5241 6059 6058 6025 6058 6024 6059 6024 6058 6060 5206 6026 6060 5243 5206 6063 6061 6062 6065 6066 6064 6028 5245 6060 6028 6060 6026 6060 5245 5246 6065 6064 6068 6068 6064 6067 5245 6028 6030 5245 6030 5248 6068 6067 6070 5248 6030 5249 6030 6069 5249 6030 6031 6069 6031 6032 6069 6032 6071 6069 6034 6073 6033 6032 5214 6072 6032 6072 6071 6072 5214 5251 6033 6074 6035 6033 6073 6074 6072 5251 5252 6076 6075 5253 6074 6076 5253 6074 5253 5219 6074 5219 6035 5254 5253 6037 5254 6037 6036 5253 6075 6037 6078 6037 6077 6075 6077 6037 6039 5256 6038 6039 5257 5256 6039 6078 5257 6077 5257 6078 6036 5222 5254 6038 5256 5223 6042 5226 6079 6079 5226 5259 5261 6081 6080 5261 5227 6081 5227 6044 6081 6047 6045 6082 6080 5262 5261 6045 5231 5264 6045 5264 6082 6082 5264 6083 5264 6084 6083 5265 6084 5264 6050 6052 6086 5266 6085 5267 5266 5269 6085 6050 6086 6087 6050 6087 6053 6087 6086 6088 5271 5236 6053 5271 6053 6089 6089 6053 6087 6089 6090 6056 6089 6056 5272 6089 5272 5271 5272 6056 6055 6057 5272 6055 6057 6091 5272 6091 5273 5272 5273 6091 6092 5274 5273 6092 6093 6059 5241 5275 6093 5241 6063 6095 6061 6063 6094 6095 6063 5279 6094 5278 6094 5279 5243 6060 5277 6066 5281 6064 6066 5282 5281 6066 6095 5282 6094 5282 6095 6060 5246 5277 5281 5283 6096 5281 6096 6064 6064 6096 6067 6069 5284 5249 6069 6097 5284 6067 6096 6070 6096 6098 6070 5287 6071 5286 5287 6097 6071 6097 6069 6071 5286 6099 5289 5286 6071 6099 6071 6072 6099 5290 6072 5252 5290 6099 6072 6102 6100 6101 6101 6075 6076 6101 6100 6075 6100 6103 6075 5293 5292 6077 5293 6077 6103 6103 6077 6075 6077 5292 5257 6106 6105 6104 6105 5295 6104 6105 6079 5295 6079 5259 5295 6081 6107 6080 6080 5298 5262 6080 6107 5298 6107 6108 5298 6108 6109 5298 5298 6109 5300 5265 6109 6084 5265 5300 6109 5302 5301 6110 5301 5305 6110 5304 5267 6085 6113 6111 6112 6088 5306 6087 6088 5307 5306 6088 6112 5307 6111 5307 6112 6085 5269 5304 6089 6087 5306 5309 6089 5306 5309 5310 6114 6089 5309 6114 6089 6114 6115 6089 6115 6090 6115 6114 6116 6092 6117 5274 6117 5311 5274 5313 6118 6120 5313 6120 5275 6119 6093 6120 6093 5275 6120 6121 6124 5278 6121 5278 5315 6124 6123 5278 6094 5278 6122 6123 6122 5278 6121 5315 5319 6094 6122 5282 6122 5318 5282 6122 6125 5318 5283 6126 6096 5283 5318 6126 5318 6125 6126 6096 6126 6098 5284 6097 6128 5284 6128 5321 6128 6097 6127 6130 5323 6129 6127 5323 6130 6127 5287 5323 6127 6097 5287 6129 6131 6132 5323 6131 6129 5323 6099 6131 5323 5289 6099 5290 5324 6131 5290 6131 6099 5324 6133 6131 6102 6131 6100 6133 6100 6131 5327 5326 6103 5327 6103 6133 6133 6103 6100 5329 6135 6103 5329 6103 5326 6135 6134 6103 5293 6103 5328 6134 5328 6103 5328 6134 6136 5330 5328 6136 6106 6104 6137 6104 5295 5333 6104 5333 6139 6104 6139 6137 6139 5333 6138 6139 6140 6141 6138 6140 6139 6143 6141 6140 6142 5335 5334 6142 5334 5336 6146 6144 6145 6147 5302 6110 6147 5338 5302 6144 6148 6145 6113 6149 5339 6113 5339 6111 6149 6147 5339 5305 5339 6110 6147 6110 5339 6111 5339 5307 5341 5342 6150 5341 6114 5310 5341 6152 6114 5341 6150 6152 6153 6152 6150 5344 5343 6151 6152 6116 6114 6151 5343 5345 5346 6155 6154 5346 5311 6155 5311 6117 6155 5347 5346 6120 5347 6120 6118 5346 6154 6120 6157 6120 6156 6154 6156 6120 5349 6158 5348 5349 6124 6158 6124 6121 6158 5351 6121 5319 5351 6158 6121 6161 6159 6160 6160 6162 6163 6159 6162 6160 6128 5352 5321 6128 6164 5352 6165 6163 6162 6167 5353 6129 6167 6129 6166 5353 5352 6129 6130 6129 6164 5352 6164 6129 6170 6166 6129 6170 6129 6168 6132 6169 6129 6169 6168 6129 6171 6133 6169 6171 6169 6172 6133 5324 6169 6168 6169 5356 5324 5356 6169 5358 5327 6174 5358 6174 6173 5327 6133 6174 6175 6174 6171 6133 6171 6174 6135 5329 6173 6135 6173 6174 5329 5360 6173 6177 6173 6176 5360 6176 6173 6176 5360 5330 6136 6176 5330 6180 6179 6178 6178 6179 6181 6178 6181 5333 6178 5333 5363 6138 5333 6181 6138 6182 6140 6181 6182 6138 6140 6182 6143 5335 6142 5365 6146 6183 6144 6142 5336 5365 6144 6183 6148 5338 6147 5368 6149 5368 6147 6149 6184 5368 6184 5369 5368 6184 6185 5369 5369 6185 5371 5373 5372 6186 5342 5371 6150 5371 6187 6150 5371 6185 6187 6153 6150 6187 5344 6151 5374 6186 5372 5375 6151 5345 5374 6189 6190 6188 6189 6188 6192 6155 6191 6154 6191 6193 5379 6191 5379 6156 6191 6156 6154 5378 6156 5379 6196 6194 6195 6196 5348 6194 6196 5381 5348 6158 6194 5348 5351 5384 6194 5351 6194 6158 5384 6197 6194 6161 6194 6159 6197 6159 6194 6198 6197 6199 6198 6162 6197 6162 6159 6197 6200 5386 5385 6200 6201 5386 6198 6165 6162 6167 6202 5353 5353 6202 5388 6203 6200 5385 6203 5385 5389 6170 6168 6204 6170 6204 5388 6170 5388 6202 5391 5388 6204 6172 6206 6171 6168 5356 6205 6168 6205 6204 6205 5356 5393 5393 6208 6205 5393 6207 6208 5393 5358 6207 6173 6207 5358 6171 6206 6175 6173 6177 6207 5396 6209 5395 6209 6211 6210 6209 6210 5395 5395 6210 5397 6213 5399 6178 6213 6178 6212 5399 5397 6178 6180 6178 6210 5397 6210 6178 6215 5401 6214 6212 5401 6215 6212 5363 5401 6212 6178 5363 6214 6216 6217 6214 5401 6216 5401 5403 6216 6218 5403 5405 6218 6219 5403 6219 6216 5403 6219 6218 6220 5408 6221 6222 5407 6221 5408 6223 5407 5409 6223 6224 5407 6224 6221 5407 6224 6225 6226 6223 6225 6224 6227 5373 6186 6227 5411 5373 6225 6228 6226 6186 5412 6227 5375 5412 6186 6190 6229 6188 6188 6229 6192 5415 6231 6230 5415 5379 6231 5379 6193 6231 5381 6196 6234 5381 6234 6232 5381 6232 5417 6233 6232 6234 5384 5417 6232 5384 6232 6235 5384 6235 6197 6235 6232 6236 6199 6235 6237 6197 6235 6199 6238 6201 6239 6238 5420 6201 5420 5386 6201 6239 5422 6238 6239 6203 5422 6203 5389 5422 6240 5391 6204 6240 6241 5391 6241 5424 5391 6243 6240 5427 6243 5427 6242 6240 6204 5427 5426 5427 6205 6204 6205 5427 6245 6243 6242 6208 6244 6205 6244 5426 6205 6244 5428 5426 5396 6246 6209 5396 5428 6246 5428 6244 6246 6209 6246 6211 6247 6213 6248 6247 5432 6213 5432 5399 6213 6248 6215 6214 6248 6214 6247 6247 6214 6249 6217 6250 6249 6214 6217 6249 6218 5405 5435 5435 5437 6251 6218 5435 6251 6218 6251 6252 6218 6252 6220 6252 6251 6255 6222 6254 5438 6222 5438 5408 5438 6254 6253 6256 6223 6254 6256 6254 6257 6223 5409 6254 6253 6254 5439 5409 5439 6254 5440 6258 5441 6259 6225 6260 6225 6256 6260 6225 6223 6256 6259 6228 6225 6258 5440 6227 6258 6227 6261 6227 5440 5411 5412 6261 6227 5412 6262 6261 5412 5443 6262 6263 6261 6262 6265 5444 6264 6265 6262 5444 6262 5443 5444 5444 5446 6264 6267 6230 6231 6266 6230 6267 6233 5448 6268 6233 6269 5448 6233 6234 6269 6269 5449 5448 6235 6236 6268 6235 6268 5450 5450 6268 5448 6237 6235 5450 6237 5450 6270 6270 5450 5452 5452 6271 6270 5452 5454 6271 5453 5420 6238 5457 6272 6273 5457 5456 6272 5422 5453 6238 5424 6241 6274 5424 6274 5459 6241 6272 6274 5460 6274 5456 6272 5456 6274 5459 6242 5427 5459 6276 6242 5459 6274 6276 6277 6276 6274 5463 5462 6275 6242 6276 6245 6275 5462 5464 6279 6280 6278 6279 6281 6282 6278 6281 6279 5468 6282 6281 5468 5467 6282 5467 6283 6282 5432 6283 5467 5432 6284 6283 5432 6247 6284 6284 6285 6283 6287 6288 6286 6249 5469 6284 6249 6284 6247 6284 5469 5470 6286 6289 6250 6286 6250 6287 6289 5472 6250 6249 6250 5469 5472 5469 6250 5472 6289 5473 6251 5437 5474 5438 6253 6290 5438 6290 5474 6255 6251 6290 6251 5474 6290 6256 6257 6291 6253 5439 6290 5439 6292 6290 5439 5476 6292 6256 6291 6260 5441 6258 6294 5441 6294 5478 6294 6258 6293 6293 5480 6295 6293 6261 5480 6293 6258 6261 5479 5480 6261 6261 5481 5479 6261 6297 5481 6261 6263 6297 6296 5481 6297 5483 5481 6265 5483 6265 6264 5481 6296 6265 6299 6265 6298 6296 6298 6265 6299 6298 6301 5483 6264 5446 6300 5486 5485 5487 6300 5485 5487 6302 6300 6303 6266 6267 6269 5488 5449 5489 5490 6304 6305 5492 5489 6305 5489 6306 6304 6307 5489 6307 6306 5489 6309 6310 6308 6306 6271 6305 6271 5493 6305 6271 5454 5493 6273 5495 5457 6273 6311 5495 6312 6309 6308 5460 6313 6274 5460 5495 6313 5495 6311 6313 6313 6277 6274 6315 6316 6314 5463 6275 5496 5496 6275 5464 6315 6314 6318 6278 6280 6317 6320 6278 6317 6320 6319 6278 6319 6281 6278 5498 5468 6322 5498 6322 6321 5468 6281 6322 6323 6322 6319 6281 6319 6322 6284 5500 5501 6285 6284 5501 6285 5501 6321 6285 6321 6322 6284 5470 5500 6286 6288 6325 5503 5502 6324 5502 5504 6324 6286 6325 6326 6286 6326 6289 6326 6325 6327 5506 5473 6289 5506 6289 6328 6328 6289 6326 6328 6330 6329 6328 6329 5506 5506 6329 5508 5508 6329 6331 5509 5508 6331 6332 6333 6292 6332 6292 5510 5510 6292 5476 6333 6332 5511 6333 5511 6294 6294 5511 5478 5513 6334 6335 5513 6335 5480 5480 6335 6295 6297 6336 6296 6334 5513 5514 6338 6296 6336 6338 6337 6296 6337 6298 6296 5486 6300 5516 6301 6298 6340 6298 6339 6340 6298 6337 6339 6340 6339 6342 5516 6300 5517 6300 6341 5517 6300 6302 6341 5519 6344 6343 5518 5519 6343 5490 6345 6304 5490 5518 6345 5518 6343 6345 6304 6345 6307 5492 6305 5522 6310 6346 6308 6305 5493 5522 6308 6346 6312 5525 6347 5526 6316 6348 6314 6347 5525 5528 6314 6348 6318 6350 6319 6320 6349 6319 6350 6323 6349 6351 6323 6319 6349 5498 6321 5530 6321 5501 5530 6352 5503 6324 5532 5503 6352 6327 6353 5533 6327 5533 6326 6353 6352 5533 5504 5533 6324 6352 6324 5533 6328 6326 5533 5535 6328 5533 6328 5535 5536 6328 5536 6355 6328 6355 6330 6354 6355 5536 6357 5509 6331 6357 6354 5509 6357 6356 6354 5536 5509 6354 6357 6358 6356 5510 5538 6332 6332 5538 5511 6360 6359 6361 6335 6359 6360 6335 5540 6359 6335 6334 5540 5539 5540 6334 6363 6364 6362 6363 6365 6366 6363 6362 6365 5539 6334 5514 6366 6337 6338 6366 6365 6337 6365 6367 6337 5541 6368 5542 6369 6339 6370 6339 6367 6370 6339 6337 6367 6339 6369 6342 6341 5543 5517 6368 5541 5544 6372 6373 6371 5545 6374 6375 5545 6375 5546 6374 6344 6375 5547 6375 5519 6344 5519 6375 6376 5545 5550 6376 6377 5545 6377 6374 5545 6377 6376 6378 6381 6379 6380 6380 6382 6383 6379 6382 6380 6382 6384 6383 6382 5526 6384 6382 5554 5526 6347 6384 5526 6386 5556 6385 6384 5556 6386 6384 5528 5556 6384 6347 5528 5557 6385 5556 6387 6385 5557 5558 6387 5557 5558 6388 6387 6389 6349 6350 6388 5560 6390 6388 5558 5560 6349 6389 6351 5560 5562 6390 6391 5532 6352 6391 6392 5532 6392 5564 5532 6395 6391 6352 6395 6352 6393 6353 6394 6352 6394 6393 6352 5566 6393 6394 5566 6394 5565 5565 6394 6396 6355 6354 6397 6355 6397 5565 6355 5565 6396 5567 5565 6397 6398 6399 6397 6398 6397 6356 6356 6397 6354 6402 6398 6356 6402 6356 6400 6358 6401 6356 6401 6400 6356 6403 6404 6400 6403 6400 6359 6401 6361 6400 6361 6359 6400 6362 6364 6403 6362 6403 5570 6359 5540 6403 5540 5570 6403 5570 5571 6405 5570 6405 6362 6362 6405 6365 5574 5573 6367 5574 6367 6405 6405 6367 6365 6368 5576 5542 6370 6367 5577 6370 5577 6406 5577 6367 5573 6371 6408 6407 6371 6373 6408 6368 5544 5576 5580 5546 6375 5580 6375 6409 6409 6375 6410 5550 5580 6409 5550 6409 6376 6376 6409 6411 6411 6378 6376 6411 6413 6378 6412 5585 5584 6381 6414 6379 6412 5584 5587 6414 6415 5590 6414 5590 6382 6414 6382 6379 5589 6382 5590 5591 5554 6382 5591 6382 6416 5589 5592 6382 5592 6416 6382 6416 6417 6386 6416 6386 5594 6416 5594 5591 5594 6386 6385 5594 6418 5595 5594 6385 6418 6385 6387 6418 5598 6388 5597 5598 6418 6388 6418 6387 6388 5597 6419 5599 5597 6388 6419 6388 6390 6419 6390 5600 6419 5562 5600 6390 6392 5602 5564 6420 5602 6392 6422 5603 6393 6422 6393 6421 5603 5602 6393 6395 6393 6420 5602 6420 6393 6424 5605 6423 6421 5605 6424 6421 5566 5605 6421 6393 5566 5605 5607 6423 5606 5567 6397 6427 6425 6426 5606 6397 6399 5606 6399 5608 6426 6425 6399 6425 5608 6399 6402 6400 6428 6400 6404 6428 6431 6430 6429 6432 6429 5571 6432 5571 5611 6429 6430 5571 6405 5571 6433 6430 6433 5571 6433 6435 5574 6433 5574 6405 6435 6434 5574 5611 5574 6432 6434 6432 5574 6435 5613 6434 6435 6406 5613 6406 5577 5613 6407 5615 5614 6407 6408 5615 6408 6436 5615 6438 6437 5618 6438 5618 6409 6438 6409 6410 5617 6409 5618 5617 5621 6439 5617 6439 6409 6409 6439 6411 5585 6412 5622 6413 6411 6441 6411 6440 6441 6411 6439 6440 6412 5587 5622 6441 6440 6442 6415 5625 5590 6443 5625 6415 5592 5625 6443 5592 6443 6444 5592 6444 6416 6444 6443 6445 6417 5626 6446 6417 6444 5626 6417 6416 6444 6444 5627 5626 5595 6418 5628 5626 5629 6448 5626 6448 6446 6448 5629 6447 6448 6447 6450 5628 6418 5598 6449 5631 5630 5630 5633 6449 5632 5599 6419 6453 6451 6452 6419 5600 5632 6452 6451 6454 6455 6422 6456 6455 5636 6422 5636 5603 6422 6423 5637 5638 6424 6423 5638 6424 5638 6455 6424 6455 6456 6423 5607 5637 6425 6427 6458 5641 5640 6457 6458 6460 5608 6458 5608 6425 6460 6459 5608 5640 5608 6457 6459 6457 5608 6460 6462 6461 6459 6460 6461 5644 6461 6462 5644 6462 5643 6464 6463 6462 6463 5643 6462 5645 5643 6431 5645 6431 6429 5643 6463 6431 6466 6431 6465 6463 6465 6431 6466 6465 6468 5645 6429 5647 6429 6467 5647 6429 6432 6467 6470 6471 6469 6434 5649 6467 6434 6467 6432 6467 5649 5650 6434 5613 5649 6470 6469 5652 6470 5652 6472 5652 6469 5653 6472 5652 5615 6436 6472 5615 5657 6474 6475 5657 6475 5658 6474 6473 6475 5661 6475 5656 6473 5656 6475 5656 6473 6476 5663 5656 6476 6478 6480 6479 6477 6478 6479 6483 6482 6481 6483 6481 6479 6479 6481 6477 6482 5666 6481 6482 6484 5666 6484 5668 5666 6486 6485 5672 6485 5670 5672 6487 6488 6490 6487 6490 5674 6489 5673 6490 5673 5674 6490 6492 6488 6487 6493 6491 6489 6491 5673 6489 6491 5677 5673 6495 6494 5678 6495 5678 6491 6491 5678 5677 5680 5678 6494 5680 6494 6497 6497 6494 6496 6500 6496 6498 6500 6497 6496 5682 6499 5681 6503 6501 6502 6499 5684 5681 6504 5686 5685 6504 6505 5686 6501 6506 6502 5685 6507 6504 5685 5689 6507 5688 5690 6508 6509 6508 6511 6509 5692 6508 6509 6510 5692 5692 5688 6508 6512 6513 6509 6512 6509 5693 6511 5694 6509 5694 5693 6509 5693 6515 6512 5693 5696 6515 5696 6514 6515 5698 6516 5699 6519 6517 6518 6516 5698 5700 6518 5702 5704 6518 6517 5702 6517 6520 5702 5706 6521 6522 5706 5702 6521 5702 6520 6521 6524 6522 6521 6524 6523 6522 6523 6525 6522 5708 5710 6525 5708 6525 6526 6526 6525 6523 5657 6528 6474 5657 5714 6528 5713 5712 6527 6530 5663 6476 6530 6527 5663 6530 6529 6527 5712 5663 6527 6531 6532 6529 6531 6529 6477 6530 6478 6529 6478 6477 6529 6534 6531 5719 6534 5719 6533 6531 6477 5719 5718 5719 6481 6477 6481 5719 6481 5666 5718 6534 6533 6535 6485 5721 5670 6536 5721 6485 5723 5722 6537 5674 5721 6487 5721 6538 6487 5721 6536 6538 6538 6492 6487 6537 5722 5725 6540 6494 6495 6539 6494 6540 6494 6539 6496 6496 6539 6541 6498 5727 6542 6498 6541 5727 6498 6496 6541 6541 5728 5727 5727 6543 6542 5729 6543 5727 5731 6545 6544 5731 5686 6545 5686 6505 6545 6547 6507 5689 6547 5689 6544 6547 6544 6546 5731 6544 5689 6547 6546 5734 6547 5734 6510 6510 5734 5692 5737 6549 6548 5736 5737 6548 6551 5739 6550 6551 5740 5739 6514 5696 6548 5696 5736 6548 5739 6552 6550 5739 5743 6552 5742 5699 6516 6516 5700 5742 5747 6553 6554 5746 6553 5747 6524 6556 6523 6557 6553 6555 6553 5748 6555 6553 5746 5748 5748 6558 6555 5748 5749 6558 6556 6559 6523 6559 6526 6523 5713 6527 6560 5713 6560 5750 5750 6560 6561 6560 5753 6562 6560 6529 5753 6560 6527 6529 5752 5753 6529 6529 5754 5752 6529 6564 5754 6529 6532 6564 6563 5754 6564 5719 5754 6563 5719 6563 6533 6533 6563 6565 6535 6565 6566 6533 6565 6535 6569 6567 6568 6570 5723 6537 6570 5757 5723 6567 6571 6568 5758 6537 5725 5758 6570 6537 6574 6572 6573 6573 6539 6540 6573 6572 6539 6572 6575 6539 6539 6575 6541 6541 6575 6576 5728 6541 6576 5728 6576 6577 5728 6577 5760 6578 6577 6576 6580 5761 6579 6580 5762 5761 6543 5729 6577 5729 5760 6577 6582 5761 5763 6582 6579 5761 6545 6581 6544 6544 6583 6546 6581 6583 6544 6585 6584 5764 6583 6585 5764 6583 5764 5734 6583 5734 6546 6586 5766 5765 6584 6587 5764 6587 5737 5764 6587 6549 5737 6586 5765 5740 6586 5740 6588 6588 5740 6551 6552 5743 6589 6589 5743 5768 5769 6590 5770 6590 6591 6592 6590 5769 6591 5769 5772 6591 6591 5772 5747 6554 6591 5747 6555 5773 5774 6555 5774 6557 6557 5774 6593 5773 6594 5776 5773 6555 6594 6555 6558 6594 6595 5778 5779 6595 5779 6596 6598 6597 5779 6597 6596 5779 6596 6599 6595 6596 5753 6599 6596 6562 5753 5753 5782 6599 5784 6599 5782 5784 6600 6599 6601 6563 6564 5784 5786 6602 5784 6602 6600 5786 6565 6602 6601 6602 6563 6565 6563 6602 5786 6566 6565 5786 5788 6566 5788 6603 6566 6567 6569 6605 5790 6604 5791 5790 6607 6604 5790 6606 6607 5790 5757 6606 6570 6606 5757 6567 6605 6571 6572 6574 6606 6572 6606 5793 6570 5758 6606 5758 5793 6606 6575 6572 5793 5794 6575 5793 5794 5796 6608 5794 6608 6575 6575 6608 6576 6578 5798 6609 6578 6608 5798 6578 6576 6608 6608 5799 5798 5762 6580 6610 5762 6610 5801 6580 6609 6610 5802 6610 5798 6609 5798 6610 6610 5763 5801 6610 6611 5763 6611 6582 5763 6614 6612 6613 6613 6584 6585 6613 6612 6584 6612 6615 6584 5766 6586 5805 6587 6584 6617 6584 6616 6617 6584 6615 6616 6619 6617 6616 6588 6618 6586 6618 5805 6586 6618 5806 5805 6618 5768 5806 6589 5768 6618 6590 5808 5770 6590 5809 5808 6590 6621 5809 6590 6592 6621 6620 5809 6621 6620 6623 6622 6620 6622 5809 5809 6622 5810 6622 5774 5810 6622 6593 5774 6625 6626 6624 6625 6624 6627 5776 6594 5813 6631 6597 6598 6629 6630 6628 5778 6595 5814 6595 6599 5816 6595 5816 5814 6599 6632 5816 6628 5816 6629 6632 6629 5816 6599 6600 6633 6632 6599 6633 6634 5817 6600 6634 6600 6602 5817 5818 6600 6633 6600 6635 5818 6635 6600 5788 6634 6603 5788 5817 6634 5820 5819 6636 5791 6636 5819 5791 6604 6636 6604 6637 6636 6637 6604 5821 6637 5821 5822 6604 6607 5821 6638 5821 6639 6607 6639 5821 6638 6641 6640 6638 6640 5821 5821 6640 5823 5823 6640 6642 5825 5823 6642 6643 6608 5796 6643 5796 6644 6644 5796 5826 6646 6645 5828 6643 6646 5828 6643 5828 5799 6643 5799 6608 5831 5830 6610 5831 6610 6645 5802 5828 6610 5828 6645 6610 6610 5830 5832 6610 5832 6648 6610 6648 6611 6647 6648 5832 6647 6614 6649 6647 5833 6614 6647 5832 5833 5833 6612 6614 6615 6612 6652 6615 6652 6651 6612 5833 6652 6650 6652 5834 5833 5834 6652 6615 6653 6616 6615 6651 6653 6650 5834 5835 6654 5837 5836 6654 6655 5837 6653 6619 6616 6656 5836 5838 6656 6657 5836 6657 6654 5836 5840 6657 6656 5840 5839 6657 5839 6658 6657 6660 5839 5842 6660 6658 5839 6621 6659 6620 6661 5844 5843 6661 6662 5844 6659 6623 6620 6664 5843 5845 6664 6661 5843 6626 6663 6624 6627 6624 6663 6666 6667 6665 5847 6670 5848 5847 6668 6670 6669 6628 6630 6669 5816 6628 6669 5850 5816 6669 6672 5850 6671 5850 6672 6668 5847 5851 5850 6671 5852 6635 5818 5854 6673 6635 5854 5820 6636 6674 5820 6674 5854 5854 6674 6673 6636 6637 6675 6674 6636 6675 5822 5857 6675 5822 6675 6637 5857 6676 6675 6639 6675 6638 6676 6638 6675 6641 5858 6677 6641 6676 5858 6641 6638 6676 6676 5859 5858 6642 6678 5825 5825 6678 5860 6679 6677 5858 6679 5858 5861 6681 5863 6680 6681 5864 5863 6644 5826 6678 5826 5860 6678 6646 6683 6645 6684 6680 6682 6680 5866 6682 6680 5863 5866 6682 5866 5868 6645 6683 5831 6683 5867 5831 6683 6685 5867 6688 6686 6687 6685 6648 5870 6685 5870 5867 5870 6648 6647 6690 6687 6686 6649 6689 6647 6689 5870 6647 6689 5871 5870 6650 6689 6652 6650 5873 6689 5873 5871 6689 6650 5835 5873 5874 6692 6691 5874 5837 6692 5837 6655 6692 5877 5876 6656 5877 6656 6691 5838 5874 6656 5874 6691 6656 6656 5876 5840 6693 6694 6660 6693 6660 5878 5878 6660 5842 6662 5879 5844 6662 6695 5879 6696 6694 6693 5845 6695 6664 5845 5879 6695 5882 5881 6697 6699 6665 6667 6699 6698 6665 5884 6697 5881 6701 6702 5886 6701 5886 6700 6702 6670 5886 5885 5886 6668 6670 6668 5886 6703 5888 5887 6701 6700 6705 6668 5851 5885 6671 6672 6704 6704 6707 5852 6704 5852 6671 6707 6706 5852 5887 5852 6703 6706 6703 5852 6707 6708 6706 5893 6710 6709 5892 5893 6709 5892 6709 6676 5892 6676 5857 6709 6711 6676 5895 6676 5896 6711 5896 6676 6676 5895 5859 6679 5861 6712 6712 5861 5897 6681 6713 5864 6713 5899 5864 6714 6715 6684 6714 6684 5902 6682 5901 6684 5901 5902 6684 6715 6714 6717 5901 6682 5868 6716 5905 5904 6716 6688 6718 6716 5906 6688 6716 5904 5906 5906 6686 6688 5906 5908 6719 6686 5906 6719 6686 6719 6720 6686 6720 6690 6720 6721 6722 6719 6721 6720 6722 6723 6724 6721 6723 6722 6724 6691 6692 6724 6723 6691 6723 6725 6691 5877 6691 6725 5877 6725 6726 5877 6726 5911 6727 6726 6725 6728 5913 5911 6728 5911 6729 6729 5911 6726 6730 6693 6729 6730 6729 6731 6693 5878 6729 6728 6729 5914 5878 5914 6729 6730 6696 6693 6730 6733 6696 6732 5916 5915 5882 6732 5915 5882 6697 6732 6697 6734 6732 6697 5884 6734 6734 5884 5919 6698 6699 6736 6698 6736 6735 6739 6738 6737 6739 6737 5886 6739 5886 5921 6700 5886 6737 5888 6740 5923 5888 6703 6740 6705 6700 6737 6741 6742 6740 6741 6740 6706 6706 6740 6703 6745 6741 6706 6745 6706 6743 6708 6744 6706 6744 6743 6706 6744 6746 6743 6747 6748 6710 6747 6710 5925 5925 6710 5893 6748 6747 6749 6748 6749 5896 6748 5896 6711 5896 6749 5927 6749 6751 6750 6749 6750 5927 5927 6750 5928 6750 5897 5928 6750 6712 5897 6753 6754 6752 6753 6752 6757 6713 6756 5930 6713 5930 5899 5930 6756 6755 6758 6755 5902 6758 5902 5931 6755 6756 5902 6714 5902 6759 6756 6759 5902 6717 6714 6759 5905 6716 5933 6758 5931 5934 6716 5935 5933 6716 6761 5935 6716 6718 6761 6760 5935 6761 5908 5935 6760 5908 6760 6719 6719 6760 6762 5937 6763 5938 6764 6721 6765 6721 6762 6765 6721 6719 6762 6721 6766 6723 6721 6764 6766 6763 5937 5940 6768 6723 6766 6768 6725 6723 5941 6767 5942 6727 6725 6768 6769 6770 5941 6769 5941 5944 5941 6770 6767 5913 6769 5944 5913 6771 6769 5913 6728 6771 6771 6772 6769 6728 5946 6771 6728 5914 5946 6730 6731 6773 5916 6774 5947 5916 6732 6774 6733 6730 6773 6775 6776 6774 6775 6774 6734 6734 6774 6732 6735 6736 6777 6734 5919 6775 5919 6778 6775 5919 5949 6778 6739 5921 5950 6739 5950 6780 6739 6780 6781 6780 5950 6779 6782 5923 6740 6782 5952 5923 6779 6783 6780 6742 6785 6784 6742 6784 6740 6740 6784 6782 6743 5954 5955 6745 6743 5955 6745 5955 6784 6745 6784 6785 5954 6743 6746 5954 6746 5957 5957 6746 6786 6787 6747 5925 5958 6787 5925 5960 6788 5961 6789 6749 6790 6749 6787 6790 6749 6747 6787 6788 5963 6791 6788 5960 5963 6749 6789 6751 6791 6754 6792 6791 5965 6754 6791 5963 5965 5965 6752 6754 6752 6794 6757 6752 6793 6794 6752 5965 6793 5967 6793 5965 5930 6755 5966 6794 6793 6796 6796 6793 6795 5966 6755 6758 5966 6758 5968 6796 6797 6798 6796 6795 6797 5968 6758 5934 6798 6760 6761 6798 6797 6760 6797 6799 6760 6760 6799 6762 6762 6799 6800 6763 5970 5938 6763 6801 5970 6762 6800 6765 6800 6802 6765 5940 6801 6763 5940 6803 6801 5940 5971 6803 6804 6801 6803 5942 6767 6805 5942 6805 5971 5971 6805 6803 6806 5973 6767 6806 6767 6770 5973 5974 6767 6805 6767 6807 5974 6807 6767 6772 6771 6808 6772 6808 5973 6772 5973 6806 5975 5973 6808 5977 6771 5946 5977 6809 6771 6809 6808 6771 5977 5979 6809 5978 5947 6774 6812 6810 6811 5978 6774 6776 5978 6776 5981 6811 6810 6776 6810 5981 6776 5982 6813 6814 5982 6814 5949 5949 6814 6778 6815 6779 6817 6815 6817 6816 6779 5950 6817 6818 6817 5983 5950 5983 6817 6782 5984 5952 6782 6819 5984 6779 6815 6783 6815 6820 6783 5986 6784 5985 5986 6819 6784 6819 6782 6784 6784 5955 5985 5987 6822 6821 5987 5957 6822 5957 6786 6822 5990 5989 6787 5990 6787 6821 5958 5987 6787 5987 6821 6787 6788 6823 5989 6788 5989 5961 6823 6824 5989 6787 5989 6790 6824 6790 5989 6825 6826 6823 6825 6823 6791 6791 6823 6788 6791 6792 6825 5994 6827 5993 5996 5995 6793 5996 6793 6827 5967 5993 6793 5993 6827 6793 6828 6795 6793 6828 6793 5998 6828 5998 6829 5998 6793 5995 6831 6795 6828 6831 6797 6795 5999 6830 6000 6797 6832 6799 6797 6831 6832 6830 5999 6002 6834 6799 6832 6834 6800 6799 6004 6833 6005 6004 6836 6833 6004 6835 6836 6004 5970 6835 6801 6835 5970 6800 6834 6802 6801 6804 6835 6010 6838 6837 6009 6010 6837 6840 6012 6839 6840 6013 6012 6807 5974 6837 5974 6009 6837 5975 6808 6015 6012 6016 6842 6012 6842 6839 6842 6016 6841 6015 6809 6017 6015 6808 6809 6842 6841 6843 6809 5979 6017 6810 6812 6845 6020 6019 6844 6845 5981 6810 6845 6022 5981 6845 6847 6022 6846 6022 6847 6844 6019 6023 6849 6814 6022 6849 6022 6846 6814 6813 6022 6025 6022 6848 6813 6848 6022 6027 6818 5983 6851 6852 6816 6852 6815 6816 6852 6850 6815 5984 6819 6029 6820 6815 6854 6815 6853 6854 6815 6850 6853 6854 6855 6856 6854 6853 6855 6029 6819 5986 6856 6855 6857 6859 6821 6822 6858 6821 6859 6821 6858 6034 5990 6821 6034 6824 6823 6860 6863 6860 6823 6863 6823 6861 6826 6862 6823 6862 6861 6823 6864 6827 6862 6864 6862 6865 6827 5994 6862 6861 6862 6037 5994 6037 6862 6039 5996 6867 6039 6867 6866 5996 6827 6867 6868 6867 6864 6827 6864 6867 6829 5998 6866 6829 6866 6867 5998 6040 6866 6870 6866 6869 6040 6869 6866 6000 6830 6041 6040 6042 6872 6040 6872 6869 6872 6042 6871 6830 6002 6041 6872 6871 6043 6872 6043 6873 6043 6871 6044 6005 6833 6046 6043 6047 6875 6043 6875 6873 6875 6047 6874 6877 6875 6874 6836 6876 6833 6876 6046 6833 6876 6048 6046 6879 6878 6049 6879 6049 6876 6876 6049 6048 6051 6880 6878 6051 6878 6052 6880 6838 6878 6049 6878 6010 6838 6010 6878 6880 6051 6013 6840 6880 6013 6054 6881 6883 6054 6883 6016 6882 6841 6883 6841 6016 6883 6841 6882 6843 6881 6054 6056 6885 6886 6884 6887 6020 6844 6887 6057 6020 6884 6888 6885 6847 6889 6058 6847 6058 6846 6889 6887 6058 6023 6058 6844 6887 6844 6058 6848 6890 6058 6848 6058 6025 6890 6891 6058 6846 6058 6849 6891 6849 6058 6062 6061 6892 6062 6892 6852 6852 6892 6850 6065 6893 6066 6894 6853 6895 6853 6892 6895 6853 6850 6892 6065 6068 6896 6065 6896 6893 6068 6855 6896 6894 6896 6853 6855 6853 6896 6068 6070 6897 6855 6068 6897 6855 6897 6898 6855 6898 6857 6898 6858 6859 6898 6897 6858 6897 6899 6858 6034 6858 6899 6034 6899 6900 6034 6900 6073 6901 6900 6899 6900 6902 6073 6073 6902 6074 6904 6076 6861 6904 6861 6903 6076 6074 6861 6863 6861 6902 6074 6902 6861 6864 6865 6903 6864 6903 6078 6861 6037 6903 6037 6078 6903 6866 6905 6078 6866 6078 6039 6905 6906 6078 6864 6078 6868 6906 6868 6078 6870 6907 6905 6866 6870 6905 6908 6871 6042 6079 6908 6042 6871 6908 6081 6044 6871 6081 6874 6047 6082 6877 6874 6082 6877 6082 6909 6909 6082 6083 6911 6083 6084 6911 6909 6083 6879 6910 6878 6878 6086 6052 6878 6910 6086 6910 6912 6086 6913 6088 6086 6913 6086 6914 6914 6086 6912 6915 6916 6913 6915 6913 6881 6914 6883 6913 6883 6881 6913 6056 6090 6915 6056 6915 6881 6090 6917 6915 6886 6915 6884 6917 6884 6915 6057 6887 6091 6888 6884 6919 6884 6918 6919 6884 6917 6918 6887 6092 6091 6887 6920 6092 6887 6889 6920 6921 6920 6889 6919 6918 6922 6921 6891 6890 6921 6890 6920 6920 6890 6923 6924 6927 6061 6924 6061 6095 6927 6926 6061 6892 6061 6925 6926 6925 6061 6925 6895 6892 6924 6095 6893 6924 6893 6928 6893 6095 6066 6896 6929 6928 6893 6896 6928 6930 6897 6070 6930 6070 6931 6931 6070 6098 6897 6932 6899 6930 6932 6897 6901 6899 6932 6934 6935 6933 6937 6934 6933 6936 6102 6101 6939 6076 6904 6939 6936 6076 6939 6938 6936 6101 6076 6936 6939 6940 6938 6906 6905 6941 6905 6907 6941 6106 6942 6105 6942 6944 6943 6105 6942 6943 6105 6943 6908 6105 6908 6079 6908 6107 6081 6908 6943 6107 6943 6945 6107 6947 6946 6108 6947 6108 6945 6945 6108 6107 6109 6108 6946 6948 6109 6946 6950 6911 6084 6950 6084 6948 6950 6948 6949 6109 6948 6084 6952 6950 6949 6951 6113 6112 6951 6953 6954 6112 6953 6951 6112 6913 6953 6112 6088 6913 6913 6916 6953 6115 6955 6957 6115 6957 6090 6956 6917 6957 6917 6090 6957 6115 6116 6955 6917 6956 6958 6917 6958 6918 6958 6956 6959 6918 6958 6960 6918 6960 6922 6958 6117 6960 6920 6960 6092 6117 6092 6960 6960 6120 6961 6960 6923 6120 6960 6920 6923 6119 6120 6923 6123 6924 6122 6123 6927 6924 6963 6964 6962 6928 6122 6924 6928 6125 6122 6965 6966 6967 6965 6968 6929 6965 6929 6966 6968 6126 6929 6928 6929 6125 6126 6125 6929 6969 6128 6127 6968 6970 6126 6970 6098 6126 6970 6931 6098 6127 6130 6969 6933 6132 6131 6933 6935 6132 6935 6971 6132 6102 6936 6972 6102 6972 6131 6937 6933 6972 6933 6131 6972 6936 6938 6973 6972 6936 6973 6938 6940 6973 6135 6974 6134 6134 6974 6136 6942 6106 6137 6942 6137 6139 6942 6139 6976 6942 6976 6944 6975 6976 6139 6975 6977 6978 6975 6139 6977 6139 6141 6977 6947 6979 6946 6947 6141 6979 6947 6977 6141 6143 6979 6141 6145 6980 6146 6981 6948 6982 6948 6979 6982 6948 6946 6979 6948 6983 6949 6948 6981 6983 6980 6145 6148 6949 6983 6952 6113 6951 6985 6113 6985 6149 6985 6951 6984 6951 6954 6984 6955 6152 6153 6955 6153 6957 6957 6153 6986 6959 6987 6958 6955 6116 6152 6958 6987 6988 6958 6988 6117 6117 6988 6155 6157 6989 6990 6157 6990 6120 6120 6990 6961 6962 6991 6992 6962 6964 6991 6964 6993 6991 6967 6995 6965 6996 6992 6991 6160 6994 6161 6160 6997 6994 6160 6163 6997 6995 6998 6965 6998 6968 6965 6968 6998 6970 6969 6164 6128 6997 6163 6165 7000 7001 6999 7000 6999 7003 6164 6969 6130 7002 6167 6166 6169 6971 7004 6169 6132 6971 6166 6170 7002 6169 7004 7005 6172 6169 7005 6175 7007 7006 6174 6175 7006 6174 7006 6974 6174 6974 6135 7006 7008 6974 6176 6974 6177 7008 6177 6974 6974 6176 6136 7010 7009 7011 6180 7009 7010 6180 7010 6179 6179 7010 7012 7015 7013 7014 7012 6976 6181 7012 6181 6179 6181 6976 6975 7013 7016 6978 7013 6978 7014 7016 6182 6978 6975 6978 6181 6182 6181 6978 6143 6182 7016 6143 7016 6979 6979 7016 7017 6982 7017 7018 6982 6979 7017 6146 6980 6183 6980 6148 6183 7020 7021 7019 7020 7019 7022 7020 7022 6149 7020 6149 6985 6149 7022 6184 7022 7024 7023 7022 7023 6184 6184 7023 6185 7026 7025 6187 7026 6187 7023 7023 6187 6185 7028 6986 6153 7028 6153 7025 7028 7025 7027 6187 7025 6153 6190 7028 7027 6190 6189 7028 6189 7029 7028 6988 7030 6155 6155 7030 6191 7031 7029 6189 7031 6189 6192 7033 6193 6989 7033 6989 7032 6193 6191 6989 6990 6989 7030 6191 7030 6989 6195 7034 7037 6195 6194 7034 7036 7035 6993 7035 6991 6993 7035 6996 6991 7034 6194 6994 7034 6994 7038 6994 6194 6161 6199 6997 6198 6199 7038 6997 7038 6994 6997 6997 6165 6198 6999 7001 7040 6201 6200 7039 7003 6999 7040 6167 7002 6202 7039 6200 6203 7002 6170 6202 7042 7043 7041 7042 7041 7044 7042 7044 6172 7042 6172 7005 6172 7044 6206 6207 7045 7044 6207 7044 6208 7045 7007 7044 6206 7044 6175 7007 6175 7044 7045 6207 6177 7008 7045 6177 7009 6210 6211 7009 6211 7011 7011 6211 7046 6210 7009 6180 6213 6212 7047 7015 7048 7013 7047 6212 6215 7048 7049 6217 7048 6217 7016 7048 7016 7013 6216 7016 6217 7017 7016 6216 6219 7017 6216 6219 6220 7050 7017 6219 7050 7017 7050 7051 7017 7051 7018 7019 6222 6221 7021 6222 7019 7021 7050 6222 7021 7051 7050 7022 7019 7054 7022 7054 7053 7019 6221 7054 7052 7054 6224 6221 6224 7054 7052 6226 7055 7052 6224 6226 7022 7053 7024 7026 7056 7025 7055 6226 6228 7025 7057 7027 7056 7057 7025 7027 6229 6190 7027 7057 6229 7057 7058 6229 7058 6192 6229 7058 7031 6192 7060 7061 7059 7060 7059 7064 7033 7063 6231 7033 6231 6193 6231 7063 7062 7066 7067 7065 7034 6232 7068 7034 7068 7037 7068 6232 6233 7034 7038 6236 7034 6236 6232 7038 7069 6236 7065 6236 7066 7069 7066 6236 7038 7070 7069 7038 6199 7070 6199 6237 7070 7072 7073 7071 7039 6239 6201 7072 7074 7075 7072 7071 7074 6239 7039 6203 7043 7077 7041 7078 7075 7074 6240 7076 6241 6240 6243 7079 6240 7079 7076 6243 7044 7079 7077 7079 7041 7044 7041 7079 6245 7081 7044 6245 7044 6243 7081 7080 7044 6208 7044 6244 7080 6244 7044 7083 7082 6246 7083 6246 7080 7080 6246 6244 7082 6211 6246 7082 7084 6211 7084 7046 6211 7086 7087 7085 7047 6248 6213 7086 7088 7089 7086 7085 7088 6248 7047 6215 7089 7088 7092 7049 7091 6250 7049 6250 6217 6250 7091 7090 7091 7094 7093 7090 7091 7093 7094 7095 7093 6220 6252 7050 6254 6222 7050 6254 7050 7096 6252 6255 7050 6255 7096 7050 7098 7054 6254 7098 6254 7096 7054 7052 6254 6257 6254 7097 7052 7097 6254 6260 7055 6259 6260 7097 7055 7097 7052 7055 7055 6228 6259 6263 7099 7100 6262 7099 6263 7101 6262 6265 7101 7102 6262 7102 7099 6262 7102 7059 7061 7102 7101 7059 7101 7103 7059 7059 7103 7104 7059 7104 7064 7103 6267 7104 7062 7104 6231 6267 6231 7104 7067 7105 6268 7067 6268 7065 7105 7106 6268 6233 6268 7068 7106 7068 6268 7065 6268 6236 6270 7107 7108 6270 7108 6237 6237 7108 7070 7110 7071 7073 7110 7109 7071 6271 7107 6270 6273 6272 7074 6273 7074 7109 7109 7074 7071 6241 7076 7111 6241 7111 6272 7078 7074 7111 7074 6272 7111 7076 7079 7111 6277 7112 6276 6279 7113 7112 6279 7112 6280 7113 7081 7112 6276 7112 6245 7081 6245 7112 7083 7115 7082 7116 7113 7114 7113 6282 7114 7113 6279 6282 7114 6283 7117 7114 6282 6283 7082 7115 7084 7119 7085 7087 7119 7118 7085 6285 7117 6283 6288 6287 7088 6288 7088 7118 7118 7088 7085 6250 7090 7120 6250 7120 6287 7092 7088 7120 7088 6287 7120 7122 7120 7090 7122 7090 7121 7121 7090 7093 7095 7123 7121 7093 7095 7121 6290 7124 7126 6290 7126 6255 7125 7096 7126 7096 6255 7126 7098 7096 7125 6257 7097 6291 7124 6290 6292 6291 7097 6260 6294 6293 7127 7127 6293 6295 7130 7128 7129 7129 7128 6297 7129 6297 7100 7100 6297 6263 6299 7131 7133 6299 7133 6265 7132 7101 7133 7101 6265 7133 6299 6301 7131 7101 7132 7134 7101 7134 7103 7134 7132 7135 6267 7103 7134 6267 7134 7136 6267 7136 6303 7137 7136 7134 7105 7138 7139 7106 7105 7139 7142 7141 7140 7108 7140 7141 7108 6307 7140 7108 7107 6307 6306 6307 7107 7144 7145 7143 7110 6309 7109 7110 6310 6309 7110 7144 6310 7143 6310 7144 7107 6271 6306 6312 7147 7109 6312 7109 6309 7147 7146 7109 6273 7109 6311 7146 6311 7109 7149 7148 6313 7149 6313 7146 7146 6313 6311 6316 6315 7112 6316 7112 7148 6277 6313 7112 6313 7148 7112 6318 7151 7112 6318 7112 6315 7151 7150 7112 6280 7112 6317 7150 6317 7112 7153 6320 7114 7153 7114 7152 6320 6317 7114 7116 7114 7150 6317 7150 7114 7155 7152 6323 7155 6323 7154 7152 7114 6323 6322 6323 7117 7114 7117 6323 6322 7117 6285 7155 7154 7119 7154 7118 7119 7154 7156 7118 6288 7118 7156 6288 7156 7157 6288 7157 6325 7158 7157 7156 6325 7157 7159 6327 6325 7159 7161 7122 7121 7160 7161 7121 7160 7121 6329 7160 6329 6330 7121 7123 6329 7162 6329 7163 7123 7163 6329 7165 7126 6329 7165 6329 7162 7126 7124 6329 6331 6329 7164 7124 7164 6329 6292 7164 7124 6292 7166 7164 6292 6333 7166 7167 7164 7166 6294 7127 7168 6294 7168 6333 6333 7168 7166 6295 6335 7168 6295 7168 7127 6335 7169 7168 7130 7168 7128 7169 7128 7168 6297 7128 7169 6297 7169 7170 6297 7170 6336 7171 7170 7169 7133 7131 7172 7133 7172 6336 7133 6336 7170 6338 6336 7172 7135 7174 7134 7131 6301 7173 7131 7173 7172 7173 6301 6340 7174 7137 7134 7173 6340 6342 7175 6343 7139 7175 7139 7138 6343 6344 7139 7177 7139 7176 6344 7176 7139 7140 7175 7142 7140 6345 7175 6345 6343 7175 7145 7178 7143 7140 6307 6345 7180 7179 6346 7178 7180 6346 7178 6346 6310 7178 6310 7143 7179 6312 6346 7179 7181 6312 7181 7147 6312 7183 7148 7149 7182 7148 7183 6316 7148 7182 6316 7182 7184 6316 7184 6348 7185 7184 7182 7184 6318 6348 7184 7151 6318 7187 7188 7186 7187 7186 7191 7153 7190 6350 7153 6350 6320 6350 7190 7189 7192 7154 7190 7192 7190 7193 7154 6323 7190 7189 7190 6351 6323 6351 7190 7194 7192 7195 7194 7156 7192 7156 7154 7192 7156 7194 7158 7196 7159 7197 7196 6353 7159 6353 6327 7159 7198 7199 7196 7198 7196 7160 7197 7161 7196 7161 7160 7196 7162 7163 7200 7160 6330 7198 6330 7201 7198 6330 6355 7201 7162 7200 7165 6331 7164 6357 6357 7164 7167 6357 7167 6358 6358 7167 7202 6361 7204 7203 6360 6361 7203 6360 7203 7169 6360 7169 6335 7203 7205 7169 6363 7169 6364 7205 6364 7169 7169 6363 6366 7169 6366 7207 7169 7207 7171 7206 7207 6366 7206 7208 7209 6366 7208 7206 6366 7172 7208 6366 6338 7172 7208 6370 7210 7208 7173 6370 7208 7172 7173 6369 6370 7173 6373 7211 7212 6373 6372 7211 6342 6369 7173 7214 7213 7215 7214 6344 7213 7214 7176 6344 6344 6374 7213 6377 7213 6374 7216 7213 6377 7216 6377 6378 7219 7217 7218 7180 7221 7179 7222 7218 7217 6380 7220 6381 7220 6383 7223 7220 6380 6383 7179 7221 7181 6384 7223 6383 6384 7224 7223 7225 7182 7183 7225 7185 7182 7224 6384 6386 7227 7186 7188 7226 7186 7227 7191 7226 7228 7191 7186 7226 6350 7189 6389 7192 7230 7229 7192 7193 7230 7189 6351 6389 7195 7231 7232 7195 7192 7231 7192 7229 7231 6392 7232 7231 6392 6391 7232 6391 7233 7232 6353 7196 6394 6391 6395 7235 6391 7235 7233 7235 6395 7234 7237 7235 7234 7199 7236 7196 7236 6394 7196 7236 6396 6394 7236 6355 6396 7236 7201 6355 7239 7240 7238 7242 7239 7238 7241 6399 6398 6401 7202 7243 6401 6358 7202 6398 6402 7241 6361 7243 7204 6361 6401 7243 6404 6403 7244 7246 6364 7205 7246 7244 6364 7246 7245 7244 6403 6364 7244 7247 7248 7245 7247 7245 7206 7246 7207 7245 7207 7206 7245 7206 7209 7247 7210 6370 7249 7249 6370 6406 7250 7212 7251 7250 6408 7212 6408 6373 7212 7215 7213 7252 7253 7215 7252 7255 7252 7213 7255 7213 7254 7254 7213 7216 7216 6378 7254 7254 6378 6413 7217 7219 7257 7217 7257 7256 7222 7256 7258 7222 7217 7256 6381 7220 6414 7259 7220 7223 7259 6415 7220 7259 7260 6415 6415 6414 7220 7223 7224 7261 7259 7223 7261 7224 6386 6417 7224 6417 7263 7224 7263 7261 7263 6417 7262 7263 7262 7265 7227 7264 7226 7228 7226 7264 7267 7268 7266 7267 7266 7270 7230 7269 7229 7229 7271 7231 7269 7271 7229 7231 6420 6392 7231 7271 6420 7271 7272 6420 6422 6421 7273 6395 6420 7234 6420 7274 7234 6420 7272 7274 7274 7237 7234 7273 6421 6424 7238 6427 6426 7238 7240 6427 7240 7275 6427 6399 7241 7276 6399 7276 6426 7242 7238 7276 7238 6426 7276 7241 6402 6428 7241 6428 7276 7276 6428 7277 6404 7244 7278 6404 7278 6428 6428 7278 7277 7280 7278 6431 7280 6431 7279 7278 7244 6431 6430 6431 7245 7244 7245 6431 7279 7281 7248 7279 7248 7280 7281 6433 7248 7245 7248 6430 6433 6430 7248 7281 7283 7282 7281 7282 6433 6433 7282 6435 7282 6406 6435 7249 6406 7282 7284 6408 7250 7284 7285 6408 7285 6436 6408 7286 6437 6438 7286 6438 7287 7287 6438 7288 7287 7255 7254 7287 7254 7286 7286 7254 7289 7257 7291 7256 7254 6413 7290 7254 7290 7289 7290 6413 6441 7291 7258 7256 7290 6441 6442 6443 7293 7292 6443 6415 7293 6415 7260 7293 7294 6445 6443 7294 6443 7295 7292 7296 6443 7296 7295 6443 7295 7297 7294 6417 6446 7262 7265 7262 6446 7265 6446 7298 7298 6446 6448 7268 7299 7266 7268 6448 7299 7268 7298 6448 6450 7299 6448 7270 6452 7300 7270 7299 6452 7270 7266 7299 7299 6453 6452 7301 6452 6454 7301 7302 6452 7302 7300 6452 7302 7301 7303 7273 6456 6422 7273 6424 6456 7275 6458 6427 7304 6458 7275 7304 7305 6458 6458 7305 6460 7307 7306 6462 7307 6462 7305 7305 6462 6460 7308 6464 6462 7308 6462 7309 7306 7310 6462 7310 7309 6462 7309 7311 7308 6431 6466 7279 6466 6468 7312 6466 7312 7279 7279 7312 7281 7283 6470 7313 7283 7312 6470 7283 7281 7312 7312 6471 6470 7313 6470 7314 6470 6472 7314 7314 6472 7315 7314 7315 7317 6472 6436 7315 7316 7315 7285 6436 7285 7315 7324 7322 7321 7324 6474 7322 7324 7323 6474 6473 6474 7323 7319 7320 7318 7319 7318 7326 6473 7323 6476 7323 7325 6476 7323 7327 7325 7327 6478 7325 7327 6480 6478 7329 7330 7328 7328 7335 7329 7332 7333 7331 6483 7334 6482 6482 7334 6484 7332 7331 7338 7331 7337 7338 7331 7336 7337 7337 7336 6485 6486 7337 6485 7340 6490 6488 7339 7340 6488 6488 7341 7339 6488 6492 7341 6491 6493 7342 6491 7342 7344 6491 7344 6495 6495 7344 7343 7346 6500 7345 7345 6500 6498 7348 7349 7347 7350 6501 6503 7352 6504 7351 7352 6505 6504 7352 7348 6505 7347 6505 7348 7350 6506 6501 6504 7354 7351 6504 6507 7354 6507 7353 7354 7356 6510 6509 7356 7357 6510 7357 7355 6510 7356 6509 6513 7359 7358 7360 7359 6514 7358 7359 7361 6514 7361 6515 6514 7363 7364 7365 7362 7364 7363 6519 7364 7362 6519 7362 7366 6519 7366 6517 7367 7366 7362 7366 7368 6517 6517 7368 6520 7368 7369 6520 6520 7369 6521 7372 7371 7370 7372 7370 6521 7372 6521 7369 6524 6521 7370 7375 7374 7373 7375 7373 7371 7371 7373 7370 7320 7376 7318 7322 6474 6528 7318 7376 7326 6476 7325 6530 6532 7377 7378 6532 6531 7377 6478 6530 7325 7333 7380 7331 7381 7377 7379 7377 6534 7379 7377 6531 6534 6534 6535 7379 7331 7380 7382 7331 7382 7336 7382 7380 7383 6485 7336 7382 6485 7382 7384 6485 7384 6536 7385 7384 7382 7387 7386 6538 7387 6538 7384 7384 6538 6536 7386 6492 6538 7386 7388 6492 7388 7341 6492 7389 7343 7390 7389 6540 7343 6540 6495 7343 7390 7391 7389 7345 6498 6542 7392 7345 6542 7349 7393 7347 7349 6542 7393 7349 7392 6542 6543 7393 6542 6545 6505 7395 6545 7395 7394 6505 7347 7395 7396 7395 7393 7347 7393 7395 7353 6507 7394 7353 7394 7395 6507 6547 7394 7398 7394 7397 6547 7397 7394 7397 6547 6510 7355 7397 6510 7399 7400 7360 7399 7360 6549 7358 6548 7360 6548 6549 7360 7400 7399 7402 6548 7358 6514 7401 6551 6550 7404 7362 7363 7404 7403 7362 6552 7401 6550 7367 7405 7406 7367 7362 7405 7362 7403 7405 7406 7405 7407 6553 7408 6554 6553 6557 7408 6556 6524 7370 7411 7409 7410 7410 7409 7413 7413 7409 7412 6556 7370 7373 6556 7373 6559 7415 6561 7414 6561 6560 7414 7416 6560 6562 7416 7417 6560 7417 7414 6560 7417 7416 6564 7417 6564 7378 7378 6564 6532 7381 7379 7418 6535 6566 7418 6535 7418 7379 6566 7419 7418 7383 7418 7382 7419 7382 7418 7419 7385 7382 7419 7421 7385 7420 6569 6568 7423 7386 7387 7423 7422 7386 6571 7420 6568 7388 6573 7424 7388 7422 6573 7388 7386 7422 7422 6574 6573 6540 7389 7425 6540 7425 6573 6573 7425 7424 7389 7391 7425 6577 6578 7426 6577 7393 6543 6577 7428 7393 6577 7426 7428 7429 7428 7426 6580 6579 7427 7393 7428 7396 7394 6581 6545 7427 6579 6582 7431 7432 7430 7434 7431 7430 7398 7433 7394 7433 6581 7394 7433 6583 6581 6583 7433 7435 6585 6583 7435 7436 7399 6549 6587 7436 6549 7401 6588 6551 7401 7437 6588 7399 7436 7402 7436 7438 7402 7401 6589 7437 7401 6552 6589 7403 7404 7439 7441 7403 7439 7441 7440 7403 7440 7405 7403 7407 6591 7442 7407 7440 6591 7407 7405 7440 7440 6592 6591 6554 7408 7443 6554 7443 6591 6591 7443 7442 7409 7411 7444 7408 6557 7443 6557 7445 7443 6557 6593 7445 7447 7409 7444 7447 7446 7409 7446 7412 7409 6597 7450 7449 6597 7449 6596 6596 7449 7448 6562 7451 7416 6562 6596 7451 6596 7448 7451 7453 7452 6601 7451 7453 6601 7451 6601 6564 7451 6564 7416 7454 6602 6601 7454 6601 7455 7452 7456 6601 7456 7455 6601 7457 7419 7455 7457 7455 7458 7419 6566 7455 7454 7455 6603 6566 6603 7455 7421 7457 7459 7421 7419 7457 6569 7420 6605 7420 6571 6605 7422 7423 6606 7423 6607 6606 7423 7460 6607 7422 6606 6574 7463 7462 7461 7464 7461 6578 7464 6578 6609 7461 7462 6578 7426 6578 7465 7462 7465 6578 7465 7429 7426 7464 6609 7427 7464 7427 7466 7427 6609 6580 7427 6582 7466 7466 6582 6611 7430 7432 7468 7430 7468 7467 7434 6613 7469 7434 7467 6613 7434 7430 7467 7467 6614 6613 7469 6613 7470 7469 7470 7472 6613 6585 7470 7471 7470 7435 6585 7435 7470 7473 7470 6587 7473 6587 6617 7470 7471 6587 7436 6587 7474 7471 7474 6587 7438 7436 7474 6588 7437 6618 7473 6617 6619 7437 6589 6618 7441 7475 7440 7440 6621 6592 7440 7477 6621 7440 7475 7477 7477 7476 6621 6623 7476 7477 6623 7477 6622 7479 7478 7477 7478 6622 7477 7480 6626 6625 7478 7481 6622 7481 6593 6622 7481 7445 6593 7447 7482 7446 7480 6625 6627 6630 7483 7484 6630 6629 7483 6597 6631 7450 7483 6629 7485 6629 6632 7485 7453 7487 7452 7488 7485 7486 7485 6633 7486 7485 6632 6633 7452 7487 7456 7454 6634 6602 7486 6633 6635 7490 7491 7489 6634 7454 6603 7490 7489 7493 7457 7458 7492 7459 7457 7492 7495 7496 7494 7495 7494 6639 7495 6639 7460 7460 6639 6607 6641 7498 7497 6640 6641 7497 6640 7497 7499 6642 6640 7499 7500 7501 7463 7500 7463 6644 7461 6643 7463 6643 6644 7463 7501 7500 7503 6643 7461 6646 7461 7502 6646 7461 7464 7502 7464 7466 7502 7466 7504 7502 7466 6648 7504 7466 6611 6648 7467 7468 7505 7467 7505 7506 7467 7506 6614 6614 7506 6649 7470 6651 6652 7470 6652 7472 7472 6652 7507 7473 6651 7470 6653 6651 7473 6655 7508 7509 6655 6654 7508 6619 6653 7473 7508 6654 7510 6654 6657 7510 7512 6658 7511 7512 7510 6658 7510 6657 6658 6658 6660 7511 6659 6621 7476 7515 7513 7514 7516 6662 6661 7514 7513 7518 7476 6623 6659 7478 7479 7517 7478 7517 7481 7480 6663 6626 7516 6661 6664 7520 7521 7519 7480 6627 6663 7520 7519 6666 7520 6666 7522 6666 7519 6667 6669 7524 7523 6669 6630 7524 6630 7484 7524 6669 7523 6672 7526 7488 7486 7525 7526 7486 7491 7527 6673 7491 6673 7489 7527 7525 6673 6635 6673 7486 7525 7486 6673 7493 7489 6673 7493 6673 7528 7528 6673 6674 7496 7530 7494 7531 7528 7529 7528 6675 7529 7528 6674 6675 7529 6675 6639 7529 6639 7532 7494 7530 6639 7530 7532 6639 7498 6641 6677 7533 7498 6677 6642 7499 7534 6642 7534 6678 7499 7533 7534 6679 7534 6677 7533 6677 7534 6681 6680 7500 6681 7500 7534 6644 6678 7500 6678 7534 7500 7502 6683 6646 7503 7500 6684 7503 6684 7535 6684 7500 6680 7504 6683 7502 6685 6683 7504 6688 7536 7537 6688 6687 7536 6648 6685 7504 6649 7506 7538 6649 7538 6689 7506 7536 7538 6690 7538 6687 7536 6687 7538 7538 6652 6689 7538 7539 6652 7539 7507 6652 7509 7540 6655 7540 6692 6655 7512 7511 7541 7541 7542 7544 7541 6694 7542 7541 7511 6694 6660 6694 7511 7515 7543 7513 7513 7543 7518 7516 6695 6662 7542 6694 6696 7546 7547 7545 6695 7516 6664 7546 7545 7521 7545 7519 7521 7545 7548 7519 6699 6667 7550 6699 7550 7549 6667 7519 7550 7551 7550 7548 7519 7548 7550 7553 7524 7552 7553 6701 7524 7553 6702 6701 6701 7523 7524 6704 6672 7523 6704 7523 7554 6701 6705 7523 6705 7554 7523 6707 6704 7526 6707 7526 7525 6704 7554 7526 7556 7526 7555 7554 7555 7526 7525 6708 6707 7525 7557 6708 7525 7527 7557 7558 7557 7527 7556 7555 7559 7558 7561 7560 7557 7558 7560 7529 6709 6710 7531 7529 6710 7531 6710 7560 7531 7560 7561 6709 7562 6711 7529 7562 6709 7529 7563 7562 7529 7532 7563 7563 7565 7564 7562 7563 7564 7566 7534 7565 7566 7565 7567 7534 6679 7565 7564 7565 6712 6679 6712 7565 7534 7566 6713 6681 7534 6713 6715 7568 7569 6715 7569 6684 6684 7569 7535 7568 6715 6717 7572 7570 7571 7571 7570 7575 7537 7574 6718 7537 6718 6688 6718 7574 7573 7574 7576 7573 6690 6720 7538 7538 6720 6722 7538 6722 7578 7538 7578 7539 7577 7578 6722 7577 7579 7580 7577 6722 7579 6722 6724 7579 7579 6724 7581 7579 7581 7583 6724 6692 7581 7582 7581 7540 6692 7540 7581 6727 7581 7582 6727 7582 6726 6726 7582 7584 7586 7585 6729 7586 6729 7584 7584 6729 6726 7588 7544 6729 7588 6729 7585 7544 7542 6729 6731 6729 7587 7542 7587 6729 7542 6696 7587 7587 6696 6733 7545 7547 7590 7545 7590 7589 7591 7589 7592 7591 7548 7589 7548 7545 7589 6699 7593 6736 6699 7549 7593 7551 7548 7591 7595 7596 7597 7552 7594 7553 7594 6738 7553 7594 6737 6738 6705 6737 7594 6705 7594 7598 6705 7598 7554 7598 7594 7599 6742 6741 7555 6742 7555 7598 7598 7555 7554 7555 7601 7559 7555 7600 7601 7555 6741 7600 6745 7600 6741 6708 7557 6744 7557 7560 6746 7557 6746 6744 7560 7602 6746 7600 6746 7601 7602 7601 6746 7560 6710 6748 7560 6748 7602 7602 6748 7603 6711 7603 6748 6711 7604 7603 6711 7562 7604 7604 7605 7603 6751 7564 6750 6751 7604 7564 7604 7562 7564 7564 6712 6750 7566 7567 6753 7567 6754 6753 7567 7606 6754 6757 7608 7566 6757 7566 6753 7608 7607 7566 6713 7566 6756 7607 6756 7566 7611 7609 7610 7607 7569 6759 7607 6759 6756 6759 7569 7568 6759 7568 6717 7610 7609 7613 7570 7572 7612 7570 7612 7575 6718 7573 7615 6718 7615 6761 7615 7573 7614 7618 7614 7573 7618 7573 7616 7576 7617 7573 7617 7616 7573 7577 6764 6765 7578 7577 6765 7578 6765 7616 7578 7616 7617 7580 6764 7577 7580 7619 6764 7619 6766 6764 7581 7619 7583 7581 6768 7619 6768 6766 7619 6770 7620 7621 6770 6769 7620 6727 6768 7581 7623 6769 6772 7623 7620 6769 7586 7622 7585 7622 7588 7585 7625 7626 7624 6731 7587 6773 6773 7587 6733 7625 7624 7590 7624 7589 7590 7624 7627 7589 7627 7592 7589 7627 7629 7592 7628 6776 6775 6775 6778 7628 6777 6736 7593 7632 7630 7631 7595 7597 6781 7595 6781 7633 7633 6781 6780 7599 7634 7598 7599 6780 7634 7599 7633 6780 6783 7634 6780 6785 6742 7598 6785 7598 7635 7635 7598 7634 7635 7637 7636 6785 7635 7636 6785 7636 7600 6785 7600 6745 7600 7636 7638 7600 7638 6746 6746 7638 6786 7641 7640 7639 7604 6789 6790 7605 7604 6790 7605 6790 7639 7605 7639 7640 7604 6751 6789 7643 7644 7642 7643 7642 7647 7606 7646 6792 7606 6792 6754 6792 7646 7645 7646 7648 7645 7646 6757 7648 7646 7608 6757 6757 6794 7648 7648 7611 7649 7648 6796 7611 7648 6794 6796 6796 7609 7611 7609 6796 6798 7609 6798 7651 7609 7651 7613 7650 7651 6798 7650 6798 6761 7650 6761 7652 7652 6761 7615 7618 7616 7653 7616 6765 6802 7616 6802 7655 7616 7655 7653 7655 6802 7654 6804 7655 7654 6804 6803 7655 6803 7656 7655 7658 6805 7657 7658 7656 6805 7656 6803 6805 7657 6805 6807 7660 7659 6770 7660 6770 7621 6770 7659 6806 7662 7623 6772 7662 6772 7659 7662 7659 7661 6806 7659 6772 7662 7661 7664 7626 7663 7624 7663 7665 6812 7663 6812 7627 7663 7627 7624 6811 7627 6812 6776 7628 7666 6776 7666 6811 7629 7627 7666 7627 6811 7666 6778 6814 7666 6778 7666 7628 6814 7667 7666 7632 7666 7630 7667 7630 7666 7668 6816 6817 7668 6817 7669 7669 6817 7670 7671 7634 7669 7671 7669 7672 7634 6783 7669 7668 7669 6820 6783 6820 7669 7673 7671 7674 7673 7635 7671 7635 7634 7671 7637 7635 7673 7676 7677 7675 7676 7675 7680 7638 7679 6822 7638 6822 6786 6822 7679 7678 7679 7641 7639 7679 7639 7678 7678 7639 7681 7639 6824 7681 6790 6824 7639 7642 6826 6825 7642 7644 6826 7644 7682 6826 7645 7683 6825 7645 6825 6792 7683 7684 6825 7642 6825 7647 7684 7647 6825 7685 7686 7683 7685 7683 7648 7648 7683 7645 7648 7649 7685 6829 7687 6828 7687 7688 7651 7687 7651 6831 7687 6831 6828 6831 7651 7650 7650 6832 6831 7650 7690 6832 7650 7652 7690 7689 6832 7690 6834 6832 7689 7691 6834 7689 6836 6835 7654 6836 7654 7691 6802 6834 7654 6834 7691 7654 7654 6835 6804 7693 7692 7694 7658 7692 7693 7658 6838 7692 7658 7657 6838 6837 6838 7657 7696 7697 7695 7660 6839 7659 7660 6840 6839 7660 7696 6840 7695 6840 7696 7657 6807 6837 7661 7659 6839 6842 7661 6839 6842 6843 7698 7661 6842 7698 7661 7698 7699 7661 7699 7664 7699 7698 7700 7699 7700 6812 7699 6812 7665 6812 7700 6845 7701 6847 6845 7701 6845 7702 7700 7703 6845 7703 7702 6845 7701 7702 7704 7701 7704 6814 7701 6814 6849 7667 6814 7704 7707 7705 7706 6851 7705 7707 6851 7668 7705 6851 6816 7668 7705 7708 7710 7705 6854 7708 7705 7668 6854 6820 6854 7668 7672 7709 7671 7708 6856 7711 7708 6854 6856 7671 7709 7674 7677 7712 7675 7711 6856 6857 6822 7713 6859 6822 7678 7713 7680 7675 7712 7678 7681 7713 7681 7714 7713 6860 7681 6824 6860 7715 7681 7715 7714 7681 6862 7682 7716 6862 6826 7682 6860 6863 7715 7718 6865 7683 7718 7683 7717 6865 6862 7683 7684 7683 7716 6862 7716 7683 7719 6867 7683 7719 7683 7686 6867 6868 7683 7717 7683 7720 6868 7720 7683 6870 6869 7721 6829 6867 7687 6867 7722 7687 6867 7719 7722 7721 6872 7723 7721 6869 6872 7687 7722 7688 6873 7723 6872 6873 7724 7723 7725 7689 7690 6873 7726 7724 6873 6875 7726 7725 7727 7689 7727 7691 7689 7727 6836 7691 7727 6876 6836 7727 7729 6876 7728 6876 7729 7726 6875 6877 7694 7692 7730 7728 6879 6876 7730 7731 7733 7730 6880 7731 7730 7692 6880 6838 6880 7692 7697 7732 7695 7732 7735 6840 7732 6840 7695 7735 7734 6840 6880 6840 7731 7734 7731 6840 6883 7734 7735 6883 7735 6882 7737 7736 7735 7736 6882 7735 6886 6885 7698 6886 7698 7736 6843 6882 7698 6882 7736 7698 6885 6888 7738 6885 7738 7698 7698 7738 7700 7700 7738 7739 7700 7739 7703 7738 6889 7739 7701 7739 6847 6889 6847 7739 7701 6849 6891 7701 6891 7741 7701 7741 7739 7741 6891 7740 7706 7742 7743 7707 7706 7743 7744 7745 7710 7744 7710 6895 7708 6894 7710 6894 6895 7710 7745 7744 7747 6894 7708 6896 7708 7746 6896 7708 7711 7746 6857 7746 7711 6857 7748 7746 6857 6898 7748 7749 7746 7748 6859 7748 6898 6859 7750 7748 6859 7713 7750 7750 7751 7748 6901 7714 6900 6901 7750 7714 7750 7713 7714 7715 6900 7714 7715 6902 6900 7752 7753 7754 7715 6863 6902 7753 7752 6903 7753 6903 7755 6903 7752 6904 7755 6903 6865 7718 7755 6865 7720 6868 7756 7756 6868 6906 7757 6870 7721 7757 7758 6870 7758 6907 6870 7760 7757 7721 7760 7721 7759 7759 7721 7723 7761 7762 7759 7761 7759 7724 7724 7759 7723 7724 7726 7763 7761 7724 7763 7728 7729 7763 7728 7763 6909 7726 6877 7763 6877 6909 7763 6911 7765 7728 6911 7728 6909 7765 7764 7728 6879 7728 6910 7764 6910 7728 7731 7764 7733 7731 6912 7764 6912 6910 7764 7734 6912 7731 7734 6914 6912 7766 7767 7768 7769 6916 6915 7767 7766 7771 7734 6883 6914 7736 7737 7770 7770 7773 6886 7770 6886 7736 7773 7772 6886 6915 6886 7769 7772 7769 6886 7773 7774 7772 6888 6919 7738 6921 6889 7738 6921 7738 7775 6919 6922 7738 6922 7775 7738 7775 7777 7776 6921 7775 7776 6921 7776 7740 6921 7740 6891 7743 6925 6926 7743 7779 6925 7743 7742 7779 7778 6925 7779 7778 7781 7780 6925 7778 7780 6925 7780 7744 6925 7744 6895 7744 7780 7747 6896 7746 7783 6896 7783 6929 7783 7746 7782 7784 6930 7746 7784 7746 7749 6930 6931 7746 7782 7746 7785 6931 7785 7746 7788 7786 7787 7784 7751 6932 7784 6932 6930 6932 7751 7750 7787 7786 7790 6932 7750 6901 7789 6935 6934 7754 7791 7752 7789 6934 6937 7752 6939 6904 7752 7791 6939 7791 7792 6939 6939 7792 7793 6940 6939 7793 6941 7794 7795 6941 7795 6906 6906 7795 7756 7794 6941 6907 7794 6907 7796 7796 6907 7758 7759 6943 6944 7759 6944 7760 7760 6944 7797 7759 6945 6943 7759 7799 6945 7759 7762 7799 7798 6945 7799 6945 7798 6947 7765 6911 6950 7800 7765 6950 7801 6950 6952 7801 7802 6950 7802 7800 6950 7768 7804 7766 7805 7802 7801 6953 7803 6954 6953 7807 7803 6953 7806 7807 6953 6916 7806 7769 7806 6916 7766 7804 7771 7809 7806 6957 7809 6957 7808 7806 7769 6957 6956 6957 7772 7769 7772 6957 6956 7772 7774 6956 7774 6959 7809 7808 7774 7808 6959 7774 7775 6922 6960 6960 6961 7810 7775 6960 7810 7775 7810 7811 7775 7811 7777 7779 7812 7778 7779 6963 7812 7779 7813 6963 6962 7812 6963 7781 6966 7814 7781 7812 6966 7781 7778 7812 7812 6967 6966 7814 6966 6929 7783 7814 6929 7815 7816 7785 7815 7785 6970 6970 7785 6931 7816 7815 7818 7788 7817 7786 6935 7819 6971 6935 7789 7819 7790 7786 7817 6937 7819 7789 6937 7820 7819 6937 6972 7820 7821 7819 7820 7820 6972 7822 6972 6973 7822 7822 6973 6940 7793 7822 6940 7824 7795 7794 7823 7824 7794 7796 7825 7823 7794 7796 7823 7826 7827 7797 7826 7797 6976 6976 7797 6944 7798 6978 6977 7799 6978 7798 7799 7826 6978 7799 7827 7826 7798 6977 6947 7829 7828 7830 6982 7828 7829 6982 7829 6981 6981 7829 7831 7833 7832 6983 7833 6983 7831 7831 6983 6981 6985 6984 7801 6985 7801 7832 6952 6983 7801 6983 7832 7801 7803 7834 6984 7803 6984 6954 7834 7835 6984 7801 6984 7805 7835 7805 6984 7807 7836 7834 7803 7807 7834 7837 7808 6957 7837 6957 7838 7838 6957 6986 7808 6987 6959 7808 7837 6987 7837 7839 6987 6987 7839 7840 6988 6987 7840 7841 7810 6961 6990 7841 6961 7842 7845 6962 7842 6962 6992 7845 7844 6962 7812 6962 7843 7844 7843 6962 7842 6992 6996 7812 7843 6967 7843 6995 6967 7843 7846 6995 7848 7847 6998 7848 6998 7846 7846 6998 6995 7001 7000 7815 7001 7815 7847 6970 6998 7815 6998 7847 7815 7000 7003 7849 7815 7000 7849 7815 7849 7850 7815 7850 7818 7851 7850 7849 7851 7852 7850 7819 7004 6971 7004 7819 7821 7004 7821 7005 7852 7851 7821 7851 7005 7821 7007 7854 7853 7006 7007 7853 7006 7853 7855 7008 7006 7855 7856 7857 7824 7856 7824 7011 7823 7010 7824 7010 7011 7824 7856 7858 7825 7856 7825 7857 7858 7012 7825 7823 7825 7010 7012 7010 7825 7015 7014 7826 7015 7826 7858 6976 7012 7826 7012 7858 7826 7826 7014 6978 7860 7830 7828 7859 7860 7828 7828 7018 7859 6982 7018 7828 7832 7021 7020 7832 7833 7021 7833 7861 7021 7832 7020 6985 7863 7862 7864 7834 7023 7024 7835 7834 7024 7835 7024 7862 7835 7862 7863 7023 7865 7026 7834 7865 7023 7834 7866 7865 7834 7836 7866 7866 7867 7865 7866 6986 7867 7866 7838 6986 6986 7028 7867 7867 7868 7869 7867 7028 7868 7028 7029 7868 6988 7840 7870 6988 7870 7030 7840 7868 7870 7031 7870 7029 7868 7029 7870 7033 7032 7841 7033 7841 7870 6990 7030 7841 7030 7870 7841 7842 7036 7845 7035 7036 7842 7842 6996 7035 7872 7873 7871 7872 7847 7848 7872 7871 7847 7871 7874 7847 7040 7001 7847 7040 7847 7875 7875 7847 7874 7875 7877 7876 7040 7875 7876 7040 7876 7849 7040 7849 7003 7876 7878 7043 7876 7043 7851 7876 7851 7849 7042 7851 7043 7851 7042 7005 7880 7879 7881 7880 7882 7879 7880 7007 7882 7880 7854 7007 7007 7045 7882 7882 7045 7008 7882 7008 7883 7883 7008 7855 7884 7856 7011 7884 7011 7885 7885 7011 7046 7887 7856 7884 7887 7886 7856 7886 7858 7856 7048 7015 7858 7048 7858 7888 7888 7858 7886 7889 7049 7048 7889 7048 7890 7888 7891 7048 7891 7890 7048 7892 7893 7889 7892 7889 7859 7890 7860 7889 7860 7859 7889 7859 7018 7051 7859 7051 7892 7892 7051 7894 7894 7051 7021 7861 7894 7021 7862 7053 7054 7862 7054 7864 7864 7054 7895 7862 7024 7053 7897 7898 7896 7897 7896 7899 7026 7865 7056 7867 7056 7865 7867 7057 7056 7900 7901 7902 7904 7901 7900 7869 7903 7867 7903 7057 7867 7903 7058 7057 7058 7903 7870 7058 7870 7031 7903 7905 7870 7060 7870 7061 7905 7061 7870 7063 7033 7870 7063 7870 7906 7060 7064 7870 7064 7906 7870 7067 7907 7908 7066 7907 7067 7873 7910 7871 7911 7907 7909 7907 7069 7909 7907 7066 7069 7871 7912 7874 7871 7910 7912 7909 7069 7070 7912 7913 7073 7912 7073 7875 7912 7875 7874 7072 7875 7073 7877 7875 7072 7877 7072 7914 7914 7072 7075 7878 7915 7043 7043 7915 7077 7916 7914 7075 7916 7075 7078 7918 7079 7879 7918 7879 7917 7079 7077 7879 7881 7879 7915 7077 7915 7879 7917 7081 7919 7917 7882 7081 7917 7879 7882 7080 7081 7882 7080 7882 7883 7080 7883 7083 7083 7883 7920 7921 7922 7885 7921 7885 7084 7084 7885 7046 7887 7924 7886 7925 7922 7921 7086 7923 7087 7086 7089 7926 7086 7926 7923 7089 7888 7926 7924 7926 7886 7888 7886 7926 7888 7928 7891 7888 7927 7928 7888 7089 7927 7092 7927 7089 7049 7889 7091 7930 7928 7927 7893 7929 7889 7929 7091 7889 7929 7094 7091 7094 7929 7931 7095 7094 7931 7934 7933 7932 7936 7937 7935 7933 7895 7932 7895 7098 7932 7895 7054 7098 7936 7935 7939 7898 7938 7896 7896 7938 7899 7900 7902 7941 7099 7940 7100 7904 7900 7941 7942 7943 7099 7942 7099 7102 7099 7943 7940 7942 7102 7061 7905 7942 7061 7906 7064 7104 7944 7945 7105 7944 7105 7908 7908 7105 7067 7947 7911 7909 7946 7947 7909 7909 7108 7946 7070 7108 7909 7913 7948 7073 7948 7110 7073 7111 7949 7950 7111 7950 7078 7078 7950 7916 7952 7079 7918 7952 7949 7079 7952 7951 7949 7111 7079 7949 7919 7081 7951 7919 7951 7952 7081 7113 7951 7954 7951 7953 7113 7953 7951 7083 7920 7955 7083 7955 7115 7920 7953 7955 7116 7955 7113 7953 7113 7955 7955 7957 7956 7115 7955 7956 7115 7956 7921 7115 7921 7084 7921 7956 7925 7087 7923 7959 7087 7959 7119 7959 7923 7958 7962 7958 7923 7962 7923 7960 7926 7961 7923 7961 7960 7923 7963 7960 7092 7963 7092 7120 7960 7961 7092 7927 7092 7964 7961 7964 7092 7964 7930 7927 7963 7120 7122 7965 7931 7966 7965 7123 7931 7123 7095 7931 7934 7965 7966 7934 7126 7965 7934 7932 7126 7125 7126 7932 7968 7969 7967 7125 7932 7098 7968 7967 7937 7967 7935 7937 7967 7970 7935 7939 7970 7971 7935 7970 7939 7130 7972 7973 7129 7972 7130 7100 7940 7974 7100 7974 7129 7129 7974 7972 7975 7132 7940 7975 7940 7943 7132 7133 7940 7974 7940 7976 7133 7976 7940 7977 7135 7132 7977 7132 7978 7978 7132 7975 7137 7977 7978 7137 7978 7136 7136 7978 7979 7138 7105 7981 7138 7981 7980 7105 7945 7981 7982 7981 7983 7945 7983 7981 7946 7141 7142 7947 7946 7142 7947 7142 7980 7947 7980 7981 7141 7946 7108 7145 7144 7984 7986 7110 7948 7986 7984 7110 7986 7985 7984 7144 7110 7984 7147 7985 7986 7147 7986 7146 7988 7987 7986 7987 7146 7986 7990 7950 7146 7990 7146 7987 7950 7949 7146 7149 7146 7989 7949 7989 7146 7991 7992 7989 7991 7989 7951 7951 7989 7949 7993 7150 7951 7993 7951 7954 7150 7151 7951 7991 7951 7994 7151 7994 7951 7153 7152 7995 7116 7150 7955 7150 7996 7955 7150 7993 7996 7995 7155 7997 7995 7152 7155 7955 7996 7957 7999 7119 7959 7999 7997 7119 7999 7998 7997 7155 7119 7997 7960 7157 7158 7962 7960 7158 7962 7158 7998 7962 7998 7999 7157 8000 7159 7157 7960 8000 7960 7963 8000 7963 7161 8000 7122 7161 7963 8001 7123 7965 8001 8002 7123 8002 7163 7123 7967 7969 8003 7965 7126 8001 7126 8004 8001 7126 7165 8004 8006 7967 8003 8006 7970 7967 7166 8005 7167 7971 7970 8006 8007 8008 7166 8007 7166 7168 7166 8008 8005 8007 7168 8009 8007 8009 8011 7168 7130 8009 8010 8009 7973 7130 7973 8009 7171 8009 8010 7171 8010 7170 8013 8012 8010 8012 7170 8010 8015 7976 7133 8015 7133 8012 8015 8012 8014 7170 8012 7133 8015 8014 8016 7135 7977 7174 7977 7137 7174 8018 8019 8017 7983 8023 7982 7980 7175 7138 8024 7177 7176 8021 8022 8020 8021 8025 8026 8021 8020 8025 7175 7980 7142 8027 8026 8025 8027 8028 8026 7984 7178 7145 7984 7985 7180 7984 7180 7178 7985 8029 7180 8027 7180 8028 8029 8028 7180 7147 7181 8029 7147 8029 7985 7181 8030 8029 7988 8029 7987 8030 7987 8029 7989 7183 7149 7989 8031 7183 7987 8030 7990 8030 8032 7990 7992 8033 7184 7992 7184 8031 7992 8031 7989 8031 7184 7185 7151 8033 7994 7151 7184 8033 7188 7187 8034 7153 7995 7190 7187 7191 8034 7190 8035 7193 7190 7995 8035 7995 7997 8035 8037 8038 8036 7998 7194 8035 7998 8035 7997 8035 7194 7195 8037 8039 8040 8037 8036 8039 7194 7998 7158 8040 8039 8041 7159 8000 7197 7199 8042 8043 7199 7198 8042 7161 7197 8000 7163 8002 8044 7163 8044 7200 8002 8042 8044 7201 8044 7198 8042 7198 8044 8044 7165 7200 8044 8045 7165 8045 8004 7165 8046 7167 8005 8046 8047 7167 8047 7202 7167 8048 7203 8005 8048 8005 8008 7203 7204 8005 8046 8005 8049 7204 8049 8005 8011 8009 8050 8011 8050 7203 8011 7203 8048 7205 7203 8050 8009 7171 8050 8050 7171 7207 8012 8013 8052 8012 8052 8051 7209 7208 8014 7209 8014 8051 8051 8014 8012 7208 7210 8053 8014 7208 8053 8014 8053 8054 8014 8054 8016 8017 7212 7211 8019 7212 8017 8019 8053 7212 8019 8054 8053 8020 8056 8055 8020 8022 8056 8024 7176 7214 8057 8055 8058 8057 8025 8055 8025 8020 8055 8057 8059 7219 8057 7219 8027 8057 8027 8025 7218 8027 7219 7221 7180 8027 7221 8027 8060 7218 7222 8027 7222 8060 8027 7181 7221 8060 7181 8060 8030 8030 8060 8061 7183 8031 7225 8032 8030 8063 8030 8062 8063 8030 8061 8062 8063 8064 8065 8063 8062 8064 7225 8031 7185 8064 8066 8065 8064 7188 8066 8064 7227 7188 8034 8066 7188 8034 8067 8066 8034 7191 8067 7191 7228 8067 8068 7193 8035 8068 8069 7193 8069 7230 7193 8068 8070 8072 8068 7232 8070 8068 8035 7232 7195 7232 8035 8038 8071 8036 7232 8073 8070 7232 7233 8073 8071 8074 8036 8074 8039 8036 8073 7235 8075 8073 7233 7235 8039 8074 8041 8075 7235 7237 8077 8076 7199 8077 7199 8043 7199 8076 7236 7236 8044 7201 7236 8079 8044 7236 8076 8079 8080 8079 8076 7240 7239 8078 8079 8045 8044 8078 7239 7242 7243 8082 8081 7243 7202 8082 7202 8047 8082 8081 7204 7243 8081 8083 7204 8083 8049 7204 8050 7246 7205 8050 7207 7246 8051 8052 7247 8052 7248 7247 8052 8084 7248 8051 7247 7209 8086 8085 8087 8085 8086 8088 8085 8088 7210 8085 7210 7249 8053 7210 8088 8090 8089 7251 8088 8090 7251 8088 7251 7212 8088 7212 8053 7252 8093 7253 7252 8091 8093 8092 8055 8056 8092 8058 8055 8091 7252 7255 8059 8094 7219 8094 7257 7219 8095 8060 7222 7258 8095 7222 7259 8096 7260 8097 8061 8098 8061 8095 8098 8061 8060 8095 7259 7261 8099 7259 8099 8096 7261 8062 8099 8097 8099 8061 8062 8061 8099 8064 8062 8102 8064 8102 8101 8062 7261 8102 8100 8102 7263 7261 7263 8102 8100 7263 7265 8064 8101 7227 8101 7264 7227 8101 8103 7264 8105 7267 8104 8105 7268 7267 8067 7228 8103 7228 7264 8103 8069 8106 7230 7230 8106 7269 8107 8104 7267 8107 7267 7270 8110 8108 8109 8106 8072 7271 8106 7271 7269 7271 8072 8070 8109 8108 8112 8112 8108 8111 7271 8070 8073 7271 8073 7272 8112 8111 8114 8114 8111 8113 7272 8073 8075 7272 8075 7274 7274 8075 7237 8114 8113 8116 8076 8077 8115 7240 8117 7275 7240 8078 8117 8080 8076 8115 7242 8117 8078 7242 8118 8117 7242 7276 8118 8119 8117 8118 8082 8121 8081 8122 8118 8120 8118 7277 8120 8118 7276 7277 8083 8081 8121 8123 8124 7277 8123 7277 7278 7277 8124 8120 8126 7280 8125 8126 8123 7280 8123 7278 7280 8125 7280 7248 8125 7248 8127 8127 7248 8084 8128 8129 8087 8128 8087 7283 8085 7282 8087 7282 7283 8087 8085 7249 7282 8129 8128 8130 8089 7285 7284 8089 8090 7285 8090 8131 7285 8091 7288 8093 8091 7287 7288 8132 8133 8134 8133 8135 8136 8133 8132 8135 7287 8091 7255 8136 8135 8137 8136 8137 7257 8136 7257 8094 7257 8137 7291 8137 8139 8138 7291 8137 8138 7291 8138 8095 7291 8095 7258 7260 8140 7293 7260 8096 8140 8098 8095 8138 8140 8096 7295 8140 7295 7296 8096 8099 7295 8141 7295 8142 8099 8142 7295 8102 8100 8143 8141 7297 7295 8145 7298 8144 8143 7298 8145 8143 7265 7298 8143 8100 7265 8144 7298 7268 8144 7268 8146 8146 7268 8105 8107 7270 7300 8147 8107 7300 8110 8149 8108 8150 8147 8148 8147 7302 8148 8147 7300 7302 7302 7303 8148 8108 8149 8151 8108 8151 8111 8151 8149 8152 8111 8151 8113 8113 8151 8153 8116 8154 8155 8116 8113 8154 8113 8153 8154 8156 8155 8154 8156 8157 8155 8117 7304 7275 8156 8158 8119 8156 8119 8157 8158 7305 8119 8117 8119 7304 7305 7304 8119 8122 8120 8159 8158 7307 7305 8120 8124 8159 7310 8160 7309 8126 8125 8161 8160 7311 7309 8164 8161 8125 8164 8125 8162 8127 8163 8125 8163 8162 8125 8163 8165 8162 7283 7313 8128 8128 7313 7314 8128 7314 8167 8128 8167 8130 8166 8167 7314 7316 8131 8168 7316 7285 8131 7314 7317 8166 8170 7319 8169 8170 7320 7319 8172 7324 8171 7324 7321 8171 8174 7319 7326 8174 8169 7319 8176 8173 8175 8173 8181 8175 8178 8179 8177 7330 8180 7328 8182 7333 7332 8178 8177 8184 8180 7335 7328 8185 8186 8183 8182 7332 7338 8182 7338 8187 8185 8183 7338 8183 8187 7338 8190 8189 8188 8191 8188 7340 8191 7340 7339 8188 8189 7340 8193 7340 8192 8189 8192 7340 8193 8194 8195 8193 8192 8194 8191 7339 7341 7344 8196 7343 7344 8197 8196 8198 8195 8194 8197 8200 8196 8200 8199 8196 8200 7345 8199 7346 7345 8200 8202 7349 7348 8202 8203 7349 8203 8201 7349 7352 8205 8204 7352 8204 7348 8206 8202 8204 8202 7348 8204 8205 8207 8204 8205 7354 8207 7354 7353 8207 8208 8210 8209 8208 7355 8210 7355 7357 8210 7360 8208 8209 7360 8209 7359 7359 8209 8211 7361 7359 8211 7361 8211 8212 7361 8212 8214 8212 8211 8213 8217 7363 7365 8217 8215 7363 8214 8212 8218 8212 8216 8218 8220 8219 7366 8220 7366 8215 8220 8215 8217 8215 7366 7367 8223 8221 8222 8219 8225 7368 8219 7368 7366 7368 8225 8224 8227 8222 8221 8228 8226 8224 8226 7368 8224 8226 7369 7368 7372 8229 8230 7372 7369 8229 7369 8226 8229 8230 8229 8232 7375 8231 7374 8170 7376 7320 8170 8233 7376 8234 8235 8236 8233 7326 7376 8174 7326 8233 8177 8179 8238 7377 8237 7378 8177 8238 8184 8182 7380 7333 8237 7377 7381 8240 8241 8239 8182 7383 7380 8182 8242 7383 8182 8187 8242 8243 8242 8187 8240 8239 8244 8188 7384 7385 8190 8188 7385 8190 7385 8242 8190 8242 8243 7384 8245 7387 7384 8188 8245 8188 8191 8245 7388 8191 7341 7388 8245 8191 8248 8246 8247 8249 8247 8246 8249 8250 8247 8196 7390 7343 8196 8199 7391 8196 7391 7390 8199 8251 7391 8249 7391 8250 8251 8250 7391 8253 7392 8252 8251 7392 8253 8251 7345 7392 8251 8199 7345 8255 7349 8201 8255 8252 7349 8255 8254 8252 7392 7349 8252 7396 8254 8255 7396 8255 7395 7395 8255 8256 8258 7397 8257 8258 7398 7397 8207 7353 8256 7353 7395 8256 7355 8257 7397 7355 8259 8257 7355 8208 8259 8259 8260 8257 7400 8208 7360 7400 8261 8208 8261 8259 8208 8263 8212 8213 8263 8262 8212 7402 8261 7400 8212 8262 8264 8212 8264 8216 8262 7404 8264 8215 8264 7363 7404 7363 8264 8215 7367 7406 8215 7406 8264 8264 7406 8265 8223 8266 8221 8223 7406 8266 8223 8265 7406 7407 8266 7406 8227 8267 8268 8227 8221 8267 8221 8266 8267 8270 8268 8267 8269 7411 7410 7413 8269 7410 8271 8269 7413 8234 8236 7415 8234 7415 8272 8272 7415 7414 8274 7417 8273 8274 8272 7417 8272 7414 7417 8273 8275 8276 7417 8275 8273 7417 8237 8275 7417 7378 8237 8239 8241 8275 8239 8275 7418 8237 7381 8275 7381 7418 8275 7383 8242 8277 7383 8277 7418 8244 8239 8277 8239 7418 8277 8242 8278 8277 8242 7385 8278 7385 7421 8278 8279 7387 8245 7423 7387 8279 8248 8281 8246 8245 7388 8280 8245 8280 8279 8280 7388 7424 7424 8282 8280 7424 7425 8282 8281 8283 8246 8283 8249 8246 8282 7425 7391 8282 7391 8284 8249 8283 7391 8283 8284 7391 8253 8252 8285 8287 8285 7429 8287 7429 8286 8285 8252 7429 7428 7429 8254 8252 8254 7429 8254 7396 7428 8287 8286 7431 8287 7431 8288 7431 8286 7432 7398 8258 8289 7398 8289 7433 8258 8288 8289 7434 8289 7431 8288 7431 8289 8291 8260 7433 8291 7433 8289 8260 8259 7433 7435 7433 8290 8259 8290 7433 8259 8261 8290 8261 8292 8290 8261 7402 8292 8292 7402 7438 8262 8263 8294 8262 8294 8293 7404 8262 8293 7404 8293 8295 7404 8295 7439 8296 8295 8293 8297 7441 7439 8297 7439 8298 8298 7439 8295 8298 8299 8297 7407 7442 8266 8267 8266 8302 8267 8302 8301 8266 7442 8302 8300 8302 7443 7442 7443 8302 8270 8267 8301 7411 8269 7444 8300 7443 7445 8303 8269 8271 8303 7447 8269 8303 8304 7447 7447 7444 8269 8307 8306 8305 8307 8305 7449 7449 8305 7448 8310 8308 8309 8305 8274 7451 8305 7451 7448 7451 8274 8273 7451 8273 8276 7451 8276 7453 8309 8308 8276 8308 7453 8276 7455 7456 8311 8312 7458 7455 8312 7455 8313 8311 8314 7455 8314 8313 7455 8316 8317 8315 8313 8278 8312 8278 7459 8312 8278 7421 7459 8318 7423 8279 8318 7460 7423 8315 8319 8316 8279 8280 8318 8280 8320 8318 8321 8322 8320 8321 8320 8282 8282 8320 8280 8323 7462 8282 8323 8282 8284 7462 7463 8282 8321 8282 8324 7463 8324 8282 8326 8325 7465 8326 7465 8323 8323 7465 7462 8325 8328 8327 7465 8325 8327 7465 8327 8286 7465 8286 7429 8286 7468 7432 8286 8330 7468 8286 8327 8330 8330 8329 7468 8331 8329 7434 8331 7434 7469 8329 8330 7434 8289 7434 8332 8330 8332 7434 8291 8289 8332 7435 8290 7471 8331 7469 7472 8292 7471 8290 8292 7474 7471 8333 8334 8335 7474 8292 7438 8334 8333 8337 8293 8294 8336 8296 8293 8336 8339 8340 8338 8341 8339 8338 8341 8342 8339 8297 7475 7441 8344 8342 8341 8299 8343 8297 8343 7475 8297 8343 7477 7475 8346 7479 8300 8346 8300 8345 7479 7477 8300 8302 8300 8343 7477 8343 8300 8300 7445 7481 8300 7481 8348 8300 8348 8345 8348 7481 8347 8348 8347 8349 8348 8349 7447 8348 7447 8304 7447 8349 7482 8352 8306 8307 8352 8351 8306 8350 7484 7483 8350 8310 8353 8350 7485 8310 8350 7483 7485 7485 8308 8310 7487 7453 8308 7487 8308 8354 7485 7488 8308 7488 8354 8308 7491 7490 8311 7491 8311 8354 7456 7487 8311 7487 8354 8311 8311 8356 8314 8311 8355 8356 8311 7490 8355 7493 8355 7490 7458 8312 7492 8317 7495 8315 8317 7496 7495 8317 8356 7496 8355 7496 8356 8312 7459 7492 8318 8357 7495 8318 7495 7460 8357 8358 7495 8315 7495 8319 8358 8319 7495 7498 8320 7497 7498 8357 8320 8357 8318 8320 7497 8320 8322 7497 8322 7499 7499 8322 8359 7501 8360 8361 7501 8361 7463 7463 8361 8324 8363 8325 8326 8363 8362 8325 7503 8360 7501 8328 8364 8365 8328 8325 8364 8325 8362 8364 8365 8364 8366 7468 8329 7505 8367 8329 8331 8367 7506 8329 8367 8368 7506 7506 7505 8329 8331 7472 7507 8331 7507 8370 8331 8370 8367 8370 7507 8369 8370 8369 8372 8335 8371 8333 8333 8371 8337 7509 7508 8373 7510 8373 7508 7510 8374 8373 8375 8338 8340 8338 8376 8341 8338 8375 8376 8374 7510 7512 8377 7515 7514 8377 8378 7515 8376 8344 8341 7479 8346 8379 7479 8379 7517 8346 8377 8379 7518 8379 7514 8377 7514 8379 7521 7520 8347 7521 8347 8379 7481 7517 8347 7517 8379 8347 8349 8347 7520 7522 8349 7520 8352 8382 8351 7484 8350 8381 7484 8381 7524 8381 8350 8380 8350 8353 8380 8383 8354 7488 8383 7488 8384 8384 7488 7526 8354 7527 7491 8354 8386 7527 8354 8383 8386 8386 8385 7527 8387 8385 7493 8387 7493 7528 8385 8386 7493 8355 7493 8388 8386 8388 7493 8388 7496 8355 8388 7530 7496 8388 8390 7530 8389 7530 8390 8387 7528 7531 8358 8357 8391 8389 7532 7530 8393 7533 8392 8391 7533 8393 8391 7498 7533 8391 8357 7498 8392 7533 7499 8392 7499 8394 8394 7499 8359 8396 8361 8360 8395 8396 8360 8360 7535 8395 8360 7503 7535 8362 8363 8397 8362 8398 8364 8397 8398 8362 8399 7537 7536 8399 8400 7537 8398 8366 8364 8399 7536 7506 8368 8399 7506 8401 8369 7507 7539 8401 7507 8372 8402 8403 8372 8369 8402 8369 8401 8402 8404 7509 8373 8404 7540 7509 8402 8405 8403 8406 8407 8404 8406 8404 8374 8374 8404 8373 8374 7512 7541 8374 7541 8406 8406 7541 8408 7515 8378 8409 7515 8409 7543 8378 8408 8409 7544 8409 7541 8408 7541 8409 7547 7546 8379 7547 8379 8409 7518 7543 8379 7543 8409 8379 8379 7546 7521 8411 8410 8412 7551 8410 8411 7551 8411 7550 7550 8411 8413 8414 8415 7552 8414 7552 8381 8381 7552 7524 8418 8417 8416 8384 7526 8416 8384 8416 8417 7526 7556 8416 8420 8416 8419 7556 8419 8416 7527 8385 7558 7556 7559 8422 7556 8422 8419 8422 7559 8421 8422 8421 8424 8424 8421 8423 7558 8385 8387 7558 8387 7561 7561 8387 7531 8424 8423 8390 8423 8389 8390 8423 8425 8389 7532 8389 8425 7532 8425 8426 7532 8426 7563 8427 8426 8425 8392 8426 8393 8392 7565 8426 7565 7563 8426 7565 8428 7567 8392 8428 7565 8392 8429 8428 8392 8394 8429 8429 8396 8395 8429 8395 8428 8428 8395 8430 8395 7569 8430 7535 7569 8395 7571 8431 7572 8431 7571 7575 8433 8432 7537 8433 7537 8400 7537 8432 7574 8434 7576 7574 8434 7574 8435 8432 8436 7574 8436 8435 7574 8437 8401 8435 8437 8435 8438 8401 7539 8435 8434 8435 7578 7539 7578 8435 7579 8439 7580 8440 8402 8441 8402 8437 8441 8402 8401 8437 8405 8402 8440 7540 8404 7582 8439 7579 7583 8404 7584 7582 8404 8443 7584 8404 8407 8443 8442 7584 8443 8444 7586 7584 8444 7584 8445 8442 8446 7584 8446 8445 7584 8444 8445 8447 8444 8447 7544 8444 7544 7588 8409 7544 8447 8409 8447 8448 8409 8448 7547 7547 8448 7590 8410 7591 7592 8410 7592 8412 8412 7592 8449 8410 7551 7591 7594 7552 8415 7594 8415 8450 7596 7595 8415 7595 8450 8415 8418 8416 8451 8450 7599 7594 8416 8420 8451 8421 7559 7601 8423 8421 7601 7602 8423 7601 8425 8423 8454 8425 8454 8453 8423 7602 8454 8452 8454 7603 7602 7603 8454 8425 8453 8427 8452 7603 7605 8456 8457 8455 8456 8455 8458 8459 7567 8428 8459 8460 7567 8460 7606 7567 8459 7608 8461 8459 8430 7608 8459 8428 8430 7607 7608 8430 7607 8430 7569 7611 7610 8462 7610 7613 8462 7612 7572 8431 8465 8463 8464 8466 7615 7614 8464 8463 8468 8431 7575 7612 8432 8433 8467 8436 8432 8467 7576 8434 7617 8466 7614 7618 8438 8469 8437 8434 7578 7617 8437 8469 8441 7580 8439 7619 8439 7583 7619 8471 8472 8470 8443 8474 8442 8475 8471 8470 7620 8473 7621 8442 8474 8446 8444 7622 7586 8473 7620 7623 8477 8478 8476 8444 7588 7622 8477 8476 7625 8477 7625 8479 7625 8476 7626 8479 7625 8480 8479 8480 8482 7625 7590 8480 8481 8480 8448 7590 8448 8480 8481 7629 8480 8481 8449 7629 8449 7592 7629 7631 8483 7632 8484 8487 7595 8484 7595 7633 8487 8486 7595 8450 7595 8485 8486 8485 7595 8485 8489 7599 8485 7599 8450 8489 8488 7599 7633 7599 8484 8488 8484 7599 8489 8490 8488 7637 8492 8491 7636 7637 8491 8493 7638 7636 8493 7636 8494 8494 7636 8491 8452 7640 7641 8454 8452 7641 8454 7641 8493 8454 8493 8494 8457 8495 8455 8452 7605 7640 8496 7644 7643 8496 8497 7644 8495 8458 8455 8460 8498 7606 7606 8498 7646 8499 8496 7643 8499 7643 7647 8498 7608 7646 8498 8461 7608 8501 8502 8500 8503 7611 8462 8503 7649 7611 8500 8504 8501 8462 7613 8503 8503 7613 7651 8463 8465 8506 8463 8506 8505 8463 8505 8507 8463 8507 8468 8505 7652 8507 8466 8507 7615 7652 7615 8507 8466 7618 7653 8466 7653 8507 8507 7653 8508 8508 7653 8509 7653 7655 8509 8509 7655 8510 7655 7656 8510 8472 8511 8470 8472 7656 8511 8472 8510 7656 7658 8511 7656 8473 7660 7621 8473 8512 7660 8470 8511 8475 8511 8513 8475 8478 8515 8476 8473 7623 8514 8473 8514 8512 8514 7623 7662 8514 7662 7664 8476 8515 7626 8515 7663 7626 8515 8516 7663 8518 7665 8480 8518 8480 8517 7665 7663 8480 8482 8480 8516 7663 8516 8480 8520 7666 8519 8517 7666 8520 8517 7629 7666 8517 8480 7629 7632 8519 7666 7632 8483 8519 8483 8521 8519 8524 8525 8523 8523 8525 8522 7670 8487 8484 7670 8484 7669 8484 8488 7672 8484 7672 7669 8488 8526 7672 8522 7672 8523 8526 8523 7672 8527 7673 8488 8527 8488 8490 7673 7674 8488 8526 8488 8528 7674 8528 8488 7637 8527 8492 7637 7673 8527 7677 7676 8529 7676 7680 8529 7679 7638 8493 8532 8530 8531 8493 7641 7679 8531 8530 8533 8536 8534 8535 8535 8534 8539 8497 8538 7682 8497 7682 7644 7682 8538 8537 8541 8542 8540 8538 8499 8537 8499 7684 8537 8499 7647 7684 8500 7686 7685 8502 7686 8500 8502 8540 7686 8502 8541 8540 7649 8503 8543 7649 8543 7685 8504 8500 8543 8500 7685 8543 8505 8506 8544 8503 7651 8543 7651 8545 8543 7651 7688 8545 8505 8544 8546 8505 8546 7652 7652 8546 7690 7694 8548 8547 7693 7694 8547 7697 7696 8549 7658 7693 8511 7693 8550 8511 7693 8547 8550 7696 8552 8549 7696 8551 8552 7696 7660 8551 8512 8551 7660 8511 8550 8513 8554 8551 8512 8554 8512 8553 8553 8512 8514 7664 8553 8514 7664 8555 8553 7664 7699 8555 8556 8553 8555 8555 7699 8557 8555 8557 8559 7699 7665 8557 8558 8557 8518 7665 8518 8557 8519 7702 7703 8520 8519 7703 8520 7703 8557 8520 8557 8558 8521 7702 8519 7704 7702 8521 7706 7705 8522 7706 8522 8560 8560 8522 8525 7710 8562 8522 7710 8522 7705 8562 8561 8522 7672 8522 7709 8561 7709 8522 8561 7674 7709 8561 8528 7674 8564 8565 8563 8564 8563 8566 7677 8529 7712 8530 8568 8567 8530 8532 8568 8529 7680 7712 8533 8567 8569 8530 8567 8533 8571 8534 8536 8570 8534 8571 7682 8537 7716 8539 8534 8573 8534 8572 8573 8534 8570 8572 8542 7717 8540 8542 7718 7717 8542 8573 7718 8572 7718 8573 8537 7684 7716 7719 7686 8540 7719 8540 8574 7717 7720 8540 7720 8574 8540 8574 8576 8575 8574 8575 7719 7719 8575 7722 8575 7688 7722 8545 7688 8575 7725 8578 8577 7725 7690 8578 7690 8546 8578 7727 7725 8577 8579 7727 8577 7727 8579 7729 7730 8580 8581 7730 8581 7694 7694 8581 8548 7730 7733 8580 7732 7697 8549 8584 8582 8583 8582 8585 8552 8582 8552 8583 8585 7735 8552 8549 8552 7732 7735 7732 8552 8587 8554 7735 8587 7735 8585 8554 8553 7735 7737 7735 8586 8553 8586 7735 8556 8588 8586 8553 8556 8586 8590 8559 8557 8589 8590 8557 7739 8557 7703 7739 8591 8557 8591 8589 8557 7741 8591 7739 8592 8591 7741 8560 7742 7706 8560 8594 7742 8560 8595 8594 8594 8593 7742 8594 8596 8593 8594 7710 8596 8594 8562 7710 7710 7745 8596 8598 8563 8565 8598 8597 8563 7747 8596 7745 8597 8566 8563 8597 8600 8566 8599 7749 7748 8568 8601 8567 8599 7748 7751 8567 8601 8569 8570 8571 8603 7753 8602 7754 7753 8604 8602 7753 7755 8604 8603 8605 8570 8605 8572 8570 8604 7755 7718 8604 7718 8606 8572 8605 7718 8605 8606 7718 8607 8574 7720 8607 7720 8608 8608 7720 7756 8574 8607 8576 7758 7757 8609 8609 7757 7760 8612 8610 8611 8578 8614 8577 8615 8611 8610 7761 8613 7762 7761 7763 8616 7761 8616 8613 7763 8579 8616 8614 8616 8577 8579 8577 8616 8579 7763 7729 8618 8617 8619 8580 7764 7765 8581 8580 7765 8581 7765 8617 8581 8617 8618 8584 8620 8582 8580 7733 7764 8620 8621 7768 8620 7768 8585 8620 8585 8582 7767 8585 7768 8585 8623 8587 8585 8622 8623 8585 7767 8622 7771 8622 7767 7737 8586 7770 8622 8624 8588 8622 8588 8623 8624 7773 8588 8586 8588 7770 7773 7770 8588 8626 8590 7773 8626 7773 8624 8590 8589 7773 7774 7773 8625 8589 8625 7773 8589 8591 8625 8591 8627 8625 7777 8592 7776 7777 8627 8592 8627 8591 8592 8628 7742 8593 8628 8629 7742 8629 7779 7742 8628 7781 8630 8628 8596 7781 8628 8593 8596 7780 7781 8596 8596 7747 7780 8597 8598 7782 8598 7783 7782 8598 8631 7783 8599 7784 7749 8600 8597 7785 8600 7785 8632 7785 8597 7782 7788 8633 8634 7788 7787 8633 7751 7784 8599 8635 7787 7790 8635 8636 7787 8636 8633 7787 8637 8636 8635 8637 8638 8636 8602 7791 7754 8638 8637 8640 8640 8637 8639 7791 8602 8604 7791 8604 7792 8604 7793 7792 8604 8641 7793 8604 8606 8641 8642 8641 8606 8640 8639 8643 8645 8646 8644 8642 8608 8641 8608 7795 8641 8608 7756 7795 8644 8647 8645 8644 7758 8647 8644 7796 7758 8609 8647 7758 8610 8612 8648 8609 7760 8647 7760 8649 8647 7760 7797 8649 8610 8648 8615 7762 8613 8651 7762 8651 7799 8651 8613 8650 8613 8616 8650 8619 8617 8652 8654 7800 8653 8652 7800 8654 8652 7765 7800 8652 8617 7765 7802 8653 7800 8655 8653 7802 7804 8621 8656 7804 7768 8621 7802 7805 8655 7807 7806 8657 7771 7804 8622 7804 8658 8622 7804 8656 8658 7806 8659 8657 7806 7809 8659 8658 8660 8622 8660 8624 8622 8660 8626 8624 8659 7809 8625 8659 8625 8661 8625 7809 7774 8625 8627 8661 8627 8662 8661 7811 8627 7777 7811 8663 8627 8663 8662 8627 8665 7779 8629 8665 8666 7779 8665 8664 8666 7813 7779 8666 8630 7781 8664 8630 8664 8665 7781 7814 8664 8668 8664 8667 7814 8667 8664 8667 7814 8669 8667 8669 8671 7814 7783 8669 8670 8669 8631 7783 8631 8669 8632 7785 8669 8632 8669 8670 7785 7816 8669 8673 8669 8672 7816 8672 8669 7788 8634 8674 7788 8674 7817 8634 8672 8674 7818 8674 7816 8672 7816 8674 7790 7817 8674 7790 8674 8635 8635 8674 8675 7821 7820 8637 7821 8637 8675 8675 8637 8635 8639 8637 7820 7822 8639 7820 7793 8641 8676 7793 8676 7822 8643 8639 8676 8639 7822 8676 7795 7824 8676 7795 8676 8641 7824 8677 8676 8646 8676 8644 8677 8644 8676 7825 7796 8679 7825 8679 8678 7796 8644 8679 8680 8679 8677 8644 8677 8679 8679 8681 8678 8679 7797 8681 8679 8649 7797 7797 7827 8681 8683 7799 8651 8683 8681 7799 8683 8682 8681 7827 7799 8681 7830 8682 8683 7830 8683 7829 7829 8683 8684 8684 8685 7829 7829 8685 7831 8654 8653 8686 8654 8686 7831 8654 7831 8685 7833 7831 8686 8687 8688 8686 8687 8686 8655 8655 8686 8653 8655 7805 7835 8655 7835 8690 8655 8690 8687 8690 7835 8689 8689 8691 8690 8689 7807 8691 8689 7836 7807 8657 8691 7807 8693 8691 7838 8693 7838 8692 8691 8657 7838 7837 7838 8659 8657 8659 7838 8693 8692 8695 8695 8692 8694 7837 8659 8661 7837 8661 7839 8661 8662 7840 8661 7840 7839 8662 8696 7840 8694 7840 8695 8696 8695 7840 8662 8663 8697 8696 8662 8697 8700 8701 8699 8699 8701 8698 7844 8666 8664 7844 8664 7843 8698 8702 8668 8698 8668 8699 8702 7846 8668 8664 8668 7843 7846 7843 8668 8671 8669 8703 8702 7848 7846 8706 8703 8669 8706 8669 8704 8673 8705 8669 8705 8704 8669 8705 8707 8704 7818 7850 8674 8675 8674 7850 7852 8675 7850 8675 7852 7821 7854 8709 8708 7853 7854 8708 8710 7855 7853 8710 7853 8711 8711 7853 8708 8712 8710 7824 8712 7824 7857 8710 8711 7824 8677 7824 8713 8711 8713 7824 8713 8680 8677 8712 7857 8678 8712 8678 8714 8678 7857 7825 8678 8681 8714 8681 8715 8714 8716 8717 8715 8716 8715 8682 8682 8715 8681 8682 7830 7860 8682 7860 8719 8682 8719 8716 8719 7860 8718 8719 8718 8720 8721 7833 8686 7861 7833 8721 8688 8722 7863 8688 7863 8721 8688 8721 8686 8721 7863 7864 7835 8723 8689 7835 7863 8723 7863 8722 8723 8725 8724 7866 8723 8725 7866 8723 7866 7836 8723 7836 8689 8724 8727 8726 7866 8724 8726 7866 8726 8692 7866 8692 7838 8726 8728 7869 8726 7869 8694 8726 8694 8692 7868 8694 7869 8694 7868 7840 8730 8729 8731 8730 8733 8732 8729 8730 8732 8734 8736 8735 8734 8698 8736 8698 8701 8736 8738 8698 8734 8738 8702 8698 7872 8737 7873 8738 8740 7848 8738 7848 8702 8740 8739 7848 7872 7848 8737 8739 8737 7848 8741 8742 8739 8741 8739 8704 8740 8706 8739 8706 8704 8739 8704 8707 8741 7877 8743 7876 8744 7878 7876 8744 7876 8745 8743 8746 7876 8746 8745 7876 7881 8744 8745 7881 8745 7880 8748 8747 8745 8747 7880 8745 8747 7854 7880 8747 8749 7854 8749 8709 7854 8750 7855 8710 7883 7855 8750 8752 8753 8751 8712 7884 8750 8712 8750 8710 8750 7884 7885 8712 8714 7887 8712 7887 7884 8714 8754 7887 8751 7887 8752 8754 8752 7887 8756 8754 8714 8756 8714 8755 8755 8714 8715 8717 8757 7890 8717 7890 8755 8717 8755 8715 8755 7890 7891 7893 7892 8758 7860 7890 8718 7890 8759 8718 7890 8757 8759 8720 8718 8759 8760 8761 7892 8760 7892 7894 7892 8761 8758 7861 8760 7894 7861 8762 8760 7861 8721 8762 8762 8763 8760 7895 8721 7864 7895 8762 8721 8766 8764 8765 8768 8765 8764 8767 7898 7897 8725 8769 8724 8767 7897 7899 8770 7902 7901 8770 8771 7902 8769 8727 8724 7869 8728 8772 7869 8772 7903 8728 8770 8772 7904 8772 7901 8770 7901 8772 8731 8729 8773 8772 7905 7903 8775 8773 8729 8775 8729 8774 8774 8729 8732 8736 8777 8735 7908 7907 8776 7907 7911 8776 7910 7873 8737 8780 8778 8779 8779 8778 8782 8782 8778 8781 7910 8737 8739 7910 8739 7912 7912 8739 8742 7912 8742 7913 8782 8781 8742 8781 7913 8742 7914 8783 8785 7914 8785 7877 8784 8743 8785 8743 7877 8785 8746 8743 8784 7878 8744 7915 8783 7914 7916 8744 7881 7915 8747 8748 7917 8748 7918 7917 8748 8786 7918 7917 8749 8747 7917 7919 8749 7919 8787 8749 8788 7883 8750 8788 8789 7883 8789 7920 7883 8751 8753 8788 8751 8788 7922 8750 7885 8788 7885 7922 8788 7924 7887 8751 7924 8751 8790 7922 7925 8751 7925 8790 8751 8792 8756 7924 8792 7924 8790 8756 8755 7924 7926 7924 8791 8755 8791 7924 7891 8791 8755 7891 8793 8791 7891 7928 8793 8794 8791 8793 7928 8795 8793 7928 7930 8795 7929 7893 8758 7929 8796 7931 8758 8796 7929 8758 8797 8796 8758 8761 8797 8762 7933 7934 8763 8762 7934 8763 7934 8796 8763 8796 8797 8762 7895 7933 8764 8766 7936 8766 7937 7936 8766 8798 7937 8767 7938 7898 8768 8764 7939 8768 7939 8799 7939 8764 7936 8767 7899 7938 8801 8802 8800 8801 8800 8803 8801 8803 7902 8801 7902 8771 7902 8803 7941 7941 8772 7904 7941 8805 8772 7941 8803 8805 8806 8805 8803 7943 7942 8804 8805 8808 7905 8805 7905 8772 8808 8807 7905 7942 7905 8804 8807 8804 7905 8808 8775 8774 8808 8774 8807 8807 8774 8809 7908 8812 7944 7908 8810 8812 7908 8776 8810 8810 8811 8812 8776 7947 8810 8776 7911 7947 8778 8780 8813 8815 8778 8813 8815 8814 8778 8814 8781 8778 8781 8814 7948 7913 8781 7948 8785 8783 8816 8783 7916 7950 8783 7950 8818 8783 8818 8816 8818 7950 8817 8818 8817 8819 8818 8819 7918 8818 7918 8786 7918 8819 7952 8820 7954 7953 8819 8821 7952 8821 7919 7952 8821 8787 7919 8823 7920 8789 8823 8820 7920 8823 8822 8820 7953 7920 8820 7957 8822 8823 7957 8823 7956 8825 8824 8823 8824 7956 8823 7959 7958 8790 7959 8790 8824 7925 7956 8790 7956 8824 8790 8791 7961 7926 8792 8790 7962 8792 7962 8826 7962 8790 7958 8794 7961 8791 8794 8827 7961 8827 7964 7961 8827 7930 7964 8827 8795 7930 8829 8830 8828 8829 8828 8831 7931 8796 7966 7966 8796 7934 7969 7968 8832 8832 7968 7937 8832 7937 8833 8833 7937 8798 8799 7939 8834 8834 7939 7971 8800 7973 7972 8800 8802 7973 8802 8835 7973 8803 8800 7972 7974 8803 7972 8803 8837 8806 8803 8836 8837 8803 7974 8836 7976 8836 7974 7943 8804 7975 8837 8836 8839 8839 8836 8838 7975 8804 8807 7975 8807 7978 8839 8838 8841 8841 8838 8840 7978 8807 8809 7978 8809 7979 8810 7981 7982 8811 8810 7982 8811 7982 8843 8811 8843 8842 8810 7947 7981 8845 8814 8815 8844 8814 8845 7948 8814 8844 7948 8844 8846 7948 8846 7986 8847 8846 8844 7986 8846 8848 7988 7986 8848 8849 8817 7950 8849 7950 8850 8850 7950 7990 8852 8817 8849 8852 8819 8817 7991 8851 7992 8821 8819 8852 7954 8820 7993 8851 7991 7994 8822 7993 8820 8822 7996 7993 8853 8854 8855 7996 8822 7957 8854 8853 8857 8824 8825 8856 8824 7999 7959 8824 8856 7999 8856 8858 7999 8858 7962 7999 8858 8826 7962 8860 8861 8859 8860 8859 8862 8864 8828 8830 8863 8828 8864 8863 8831 8828 8863 8866 8831 8865 8002 8001 8001 8004 8865 8003 7969 8832 8869 8867 8868 8871 8868 8867 8833 8870 8832 8870 8003 8832 8870 8006 8003 7971 8870 8834 7971 8006 8870 8008 8007 8872 8872 8007 8011 8874 8873 7973 8874 7973 8835 7973 8873 8010 8010 8873 8013 8015 8875 8877 8015 8877 7976 8876 8836 8877 8836 7976 8877 8836 8878 8838 8836 8876 8878 8875 8015 8016 8878 8879 8019 8878 8019 8840 8878 8840 8838 8018 8840 8019 8023 8843 7982 8022 8021 8880 8880 8881 8882 8880 8021 8881 8021 8026 8881 8845 8884 8844 8885 8881 8883 8881 8028 8883 8881 8026 8028 8847 8844 8884 8886 8887 8028 8886 8028 8029 8028 8887 8883 8886 8029 8888 8886 8888 8890 8029 7988 8888 8889 8888 8848 7988 8848 8888 8889 8032 8888 8889 8850 8032 8850 7990 8032 8892 8893 8891 8851 8033 7992 8851 7994 8033 8892 8891 8894 8855 8895 8853 8853 8895 8857 8037 8896 8038 8896 8861 8897 8896 8040 8861 8896 8037 8040 8040 8859 8861 8040 8862 8859 8040 8041 8862 8041 8898 8862 8863 8043 8042 8863 8864 8043 8864 8899 8043 8002 8865 8900 8002 8900 8042 8866 8863 8900 8863 8042 8900 8867 8869 8901 8865 8004 8900 8004 8902 8900 8004 8045 8902 8903 8047 8046 8903 8904 8047 8901 8871 8867 8046 8905 8903 8046 8049 8905 8048 8008 8872 8874 8906 8873 8872 8011 8048 8873 8052 8013 8873 8908 8052 8873 8906 8908 8908 8907 8052 8909 8910 8907 8909 8907 8875 8908 8877 8907 8877 8875 8907 8875 8016 8054 8875 8054 8909 8909 8054 8911 8911 8054 8019 8879 8911 8019 8912 8022 8880 8912 8913 8022 8913 8056 8022 8880 8882 8912 8058 8914 8057 8916 8885 8057 8916 8057 8914 8885 8883 8057 8059 8057 8915 8883 8915 8057 8887 8917 8915 8883 8887 8915 8919 8890 8888 8918 8919 8888 8063 8888 8032 8063 8920 8888 8920 8918 8888 8920 8893 8921 8920 8065 8893 8920 8063 8065 8065 8891 8893 8894 8891 8065 8894 8065 8922 8922 8065 8066 8923 8066 8067 8923 8924 8066 8924 8922 8066 8926 8924 8923 8925 8069 8068 8038 8896 8071 8068 8072 8925 8896 8074 8071 8896 8928 8074 8896 8897 8928 8927 8074 8928 8927 8041 8074 8927 8929 8041 8929 8898 8041 8899 8930 8043 8930 8077 8043 8080 8932 8931 8079 8080 8931 8931 8045 8079 8902 8045 8931 8904 8933 8047 8933 8082 8047 8934 8935 8905 8934 8905 8083 8083 8905 8049 8935 8936 8937 8934 8936 8935 8938 8052 8907 8938 8084 8052 8936 8939 8937 8910 8940 8086 8910 8086 8938 8910 8938 8907 8938 8086 8087 8940 8941 8086 8086 8941 8088 8088 8941 8942 8090 8088 8942 8913 8092 8056 8943 8092 8913 8058 8944 8914 8058 8092 8944 8092 8943 8944 8914 8944 8916 8059 8915 8946 8059 8946 8094 8946 8915 8945 8915 8917 8945 8918 8097 8098 8918 8098 8919 8919 8098 8947 8097 8948 8099 8097 8918 8948 8918 8920 8948 8948 8920 8101 8948 8101 8102 8920 8921 8101 8949 8101 8950 8921 8950 8101 8949 8952 8951 8949 8951 8101 8101 8951 8103 8103 8951 8923 8103 8923 8067 8951 8953 8923 8104 8923 8105 8953 8105 8923 8925 8106 8069 8926 8923 8107 8926 8107 8954 8107 8923 8104 8106 8925 8072 8110 8109 8955 8955 8928 8956 8955 8112 8928 8955 8109 8112 8112 8927 8928 8927 8112 8114 8927 8114 8958 8927 8958 8929 8957 8958 8114 8115 8930 8959 8115 8077 8930 8114 8116 8957 8959 8080 8115 8959 8932 8080 8961 8962 8960 8964 8961 8960 8963 8119 8118 8963 8118 8122 8966 8965 8082 8966 8082 8933 8082 8965 8121 8124 8123 8934 8124 8934 8965 8083 8121 8934 8121 8965 8934 8967 8936 8934 8967 8934 8126 8967 8126 8968 8126 8934 8123 8084 8969 8127 8084 8938 8969 8939 8936 8967 8087 8969 8938 8087 8970 8969 8087 8129 8970 8971 8969 8970 8129 8972 8970 8130 8972 8129 8973 8942 8974 8973 8131 8942 8131 8090 8942 8134 8976 8977 8134 8133 8976 8133 8975 8976 8975 8133 8978 8133 8136 8978 8978 8136 8979 8978 8979 8981 8136 8094 8979 8980 8979 8946 8094 8946 8979 8139 8979 8980 8139 8980 8138 8983 8982 8980 8982 8138 8980 8982 8098 8138 8982 8984 8098 8984 8947 8098 8985 8099 8948 8985 8986 8099 8986 8142 8099 8949 8950 8985 8949 8985 8143 8948 8102 8985 8102 8143 8985 8143 8952 8949 8143 8145 8952 8145 8987 8952 8953 8988 8105 8988 8146 8105 8954 8107 8147 8989 8954 8147 8110 8955 8149 8147 8150 8991 8147 8991 8989 8991 8150 8990 8149 8955 8956 8149 8956 8152 8991 8990 8956 8990 8152 8956 8993 8958 8957 8992 8993 8957 8155 8957 8116 8155 8994 8957 8994 8992 8957 8157 8994 8155 8157 8995 8994 8996 8960 8962 8996 8964 8960 8995 8157 8963 8995 8963 8997 8963 8157 8119 8966 8999 8965 8963 8122 8998 8963 8998 8997 8998 8122 8159 8999 9001 8124 8999 8124 8965 9001 9000 8124 8159 8124 8998 9000 8998 8124 9001 9002 9000 9001 8126 9002 9001 8968 8126 8126 8161 9002 8161 8164 9002 8163 8127 8969 9005 9003 9004 8163 8969 8971 8163 8971 8165 9004 9003 8971 9003 8165 8971 8972 8130 9006 9006 8130 8167 9008 9009 9007 8973 8168 8131 9010 8170 8169 9012 9011 8171 9011 8172 8171 9011 9013 8172 8176 9014 8173 8169 8174 9010 9014 8181 8173 9017 9018 9016 8179 8178 9015 9015 8178 8184 9017 9016 8186 9016 8183 8186 9016 9019 8183 9020 8187 8183 9020 8183 9021 9021 8183 9019 8190 9020 9021 8190 9021 8189 8189 9021 9022 9023 9022 9024 9023 8192 9022 8192 8189 9022 9026 8192 9023 9026 9025 8192 9025 8194 8192 8198 9027 9028 8198 8194 9027 8194 9025 9027 9032 9028 9027 9030 9031 9029 9030 9029 9034 9036 9033 9035 9035 8201 8203 9035 9038 8201 9035 9033 9038 9038 9037 8201 9038 9039 9037 8206 8204 9040 9041 9043 9040 9041 9040 8207 9041 8207 9042 8207 9040 8204 9043 8209 8210 9043 9041 8209 9041 9044 8209 9047 9045 9046 9044 9049 8211 9044 8211 8209 8211 9049 9048 9046 9045 9051 8211 9048 8213 9048 9050 8213 9048 9052 9050 8216 9052 8218 8216 9050 9052 9055 9053 9054 9054 9053 9056 8220 9057 8219 9057 8225 8219 9059 9060 8222 9060 8223 8222 9060 9058 8223 9062 8226 8228 9063 9059 8227 9063 8227 9061 8227 9059 8222 9062 8229 8226 9062 9065 8229 9062 9066 9065 9064 8229 9065 9068 9069 8232 9068 8232 9064 9068 9064 9067 8229 9064 8232 9012 9073 9011 9010 8233 8170 9074 8235 8234 9071 9072 9070 9071 9075 9076 9071 9070 9075 8233 9010 8174 9076 9075 9077 8179 9015 8238 8238 9015 8184 8241 8240 9078 8240 8244 9078 8243 8187 9020 9081 9079 9080 9080 9082 9083 9080 9079 9082 8243 9020 8190 9083 9082 9084 8248 9085 9086 8247 9085 8248 9085 8247 9087 8247 8250 9087 9029 9031 9087 9029 9087 8251 8251 9087 8250 8251 9034 9029 8251 8253 9034 8253 9088 9034 9037 8255 8201 9037 8256 8255 9037 9090 8256 9037 9039 9090 9089 8256 9090 8257 9091 9089 8257 9089 8258 9091 9042 9089 8256 9089 8207 9042 8207 9089 8257 9092 9091 8260 9092 8257 9047 9093 9045 9045 9093 9051 8213 9050 9095 8213 9095 8263 9095 9050 9094 9053 9055 9094 9053 9094 8264 9050 8216 9094 8216 8264 9094 9056 9053 8264 9056 8264 9096 9096 8264 8265 9096 8265 8223 9058 9096 8223 8268 9097 9098 8268 9098 8227 8227 9098 9061 9065 9099 9064 9097 8268 8270 9101 9064 9099 9101 9100 9064 9100 9067 9064 9105 9102 9104 9105 8272 9102 9105 9074 8272 8234 8272 9074 9072 9103 9070 8272 8274 9102 9070 9103 9106 9070 9106 9075 9106 9103 9107 9106 9077 9075 9106 9109 9077 9108 8276 8275 8241 9108 8275 8241 9078 9108 9078 9110 9108 9081 9111 8277 9081 8277 9079 9111 9110 8277 8244 8277 9078 9110 9078 8277 8277 8278 9112 8277 9112 9079 9079 9112 9082 9084 9113 9114 9084 9082 9113 9082 9112 9113 9086 8281 8248 9086 9115 8281 9116 9114 9113 9115 9117 8281 8281 9117 8283 9118 8284 8283 9118 8283 9119 9119 8283 9117 9119 9120 9118 9119 8253 9120 9119 9088 8253 8253 8285 9120 9120 9121 9122 9120 8285 9121 8285 8287 9121 9090 9124 9089 9125 9121 9123 9121 8288 9123 9121 8287 8288 9123 8288 8258 9123 8258 9126 9089 9124 8258 9124 9126 8258 9127 9128 9092 9127 9092 8291 8291 9092 8260 9128 9127 9129 9130 9095 9131 9130 8294 9095 8294 8263 9095 8296 9130 9131 8296 9131 8295 8295 9131 9132 9132 9133 8295 8295 9133 8298 9134 8299 8298 9134 8298 9135 9135 8298 9133 9098 9134 9135 9098 8302 9134 9098 9097 8302 8301 8302 9097 9137 9138 9136 9137 9139 9140 9137 9136 9139 8301 9097 8270 9101 9142 9100 9143 9140 9139 8303 9141 8304 9102 8305 8306 9102 8306 9104 9104 8306 9144 9102 8274 8305 9106 9107 9146 8310 8309 9145 8309 9148 9145 8309 9147 9148 8309 8276 9147 9108 9147 8276 9106 9146 9109 9150 9147 9108 9150 9108 9149 9149 9108 9110 9111 9151 8313 9111 8313 9149 9111 9149 9110 9149 8313 8314 8313 9151 9112 8313 9112 8278 9151 9152 9112 8316 9112 8317 9152 8317 9112 8316 8319 9153 8316 9153 9112 9112 9153 9113 9116 9153 9154 9113 9153 9116 8322 9155 9156 8321 9155 8322 8321 9157 9155 8321 8324 9157 8323 8284 9118 9158 9118 9120 9158 8326 9118 9158 9159 8326 8326 8323 9118 9160 8327 9120 9160 9120 9122 8327 8328 9120 9158 9120 9161 8328 9161 9120 9164 9162 9163 9160 9125 8330 9160 8330 8327 8330 9125 9123 9166 9163 9162 9126 9165 9123 9165 8330 9123 9165 8332 8330 8291 8332 9165 8291 9165 9167 8291 9167 9127 9167 9165 9168 9129 8334 9169 9129 9167 8334 9129 9127 9167 9167 8335 8334 8334 9170 9169 8334 8337 9170 8336 8294 9130 8340 9171 9172 8340 8339 9171 8296 8336 9130 9174 8342 9173 9174 9171 8342 9171 8339 8342 8299 9134 8343 8342 8344 9173 9134 8302 8343 9136 9138 8345 9138 8346 8345 9138 9175 8346 9139 9136 9178 9139 9178 9177 9136 8345 9178 9176 9178 8348 8345 8348 9178 9177 9143 9139 9176 8348 9141 9176 9141 9179 9141 8348 8304 9181 9182 9180 9183 9144 9184 9144 8351 9184 9144 8306 8351 9180 9185 9181 9180 8310 9185 9180 8353 8310 9145 9185 8310 9188 9185 9145 9188 9145 9186 9148 9187 9145 9187 9186 9145 9189 9190 9186 9189 9186 9149 9187 9150 9186 9150 9149 9186 9149 8314 8356 9149 8356 9189 9189 8356 9191 9191 8356 8317 9152 9191 8317 9192 9153 8319 9192 8319 9193 9193 8319 8358 9154 9153 9192 9195 9196 9194 9195 9194 8359 9195 8359 9156 9156 8359 8322 9157 8324 9197 9197 8324 8361 9159 9198 8326 9198 8363 8326 8365 9199 9200 8365 9200 8328 8328 9200 9161 9202 9162 9164 9202 9201 9162 8366 9199 8365 9166 8367 9203 9166 9201 8367 9166 9162 9201 9201 8368 8367 9167 9168 9203 9167 9203 8370 8370 9203 8367 8371 8335 9167 8371 9167 9204 8370 8372 9167 8372 9204 9167 9204 8337 8371 9204 9205 8337 9205 9170 8337 8375 9207 9206 8375 8340 9207 8340 9172 9207 8376 8375 9174 8376 9174 9173 8375 9206 9174 9209 9174 9208 9206 9208 9174 9209 9208 9211 8376 9173 8344 9210 8378 8377 9210 8377 8346 9210 8346 9212 9212 8346 9175 9214 9178 9176 9213 9214 9176 9176 9179 9213 9179 9215 9213 9184 8351 8382 9180 9182 8380 9182 8381 8380 9182 9216 8381 9180 8380 8353 9218 9217 9219 9188 9217 9218 9188 8384 9217 9188 9186 8384 8383 8384 9186 9221 9222 9220 9224 9221 9220 9190 9223 9186 9223 8383 9186 9223 8386 8383 9226 9225 8388 9226 8388 9223 9223 8388 8386 9227 8390 8388 9227 8388 9228 9225 9229 8388 9229 9228 8388 9193 8358 9227 9193 9227 9228 8358 8391 9227 9231 9227 9230 8391 9230 9227 9233 8391 8393 9233 9230 8391 9196 9232 9194 9194 9232 9234 9194 9234 8359 8359 9234 8394 9235 9236 9197 9235 9197 8396 8396 9197 8361 9198 8397 8363 9198 9237 8397 9238 9236 9235 9199 9237 9200 9199 8398 9237 8398 8397 9237 9199 8366 8398 9201 9202 9240 8400 8399 9239 9239 8399 8368 9239 8368 9241 9201 9240 8368 9240 9241 8368 9244 9243 9242 9243 9245 9242 8372 8403 9204 8403 8405 9246 9204 8403 9246 9204 9246 9247 9204 9247 9205 9207 9249 9206 9250 9247 9246 8406 9248 8407 8406 9251 9248 8406 8408 9251 9249 9252 9206 9252 9208 9206 9252 9211 9208 9251 8408 9210 9251 9210 9253 9210 8408 8378 9212 9255 9254 9212 9254 9210 9210 9254 9253 9213 8411 8412 9214 9213 8412 9214 8412 9254 9214 9254 9255 9215 8411 9213 9215 8413 8411 9256 9257 9258 9260 8381 9216 9260 9261 8381 9260 9259 9261 8414 8381 9261 9217 8417 8418 9219 9217 8418 9219 8418 9259 9219 9259 9260 9217 8384 8417 9220 9222 8419 9222 8420 8419 9222 9262 8420 9220 8419 8422 9220 8422 9264 9220 9264 9224 9263 9264 8422 9263 9226 9265 9263 8424 9226 9263 8422 8424 8424 9225 9226 9227 9266 8424 9227 8424 8390 9266 9267 8424 9225 8424 9229 9267 9229 8424 9266 9227 8426 9266 8426 8427 9227 9231 8426 9268 8426 9269 9231 9269 8426 9268 8393 8426 9268 9270 8393 9270 9233 8393 9234 8429 8394 9271 8429 9234 8396 9272 9235 8396 8429 9272 8429 9271 9272 9235 9272 9238 9273 8400 9239 9273 9274 8400 9274 8433 8400 9239 9241 9273 8436 9275 8435 9244 9242 9276 9275 8438 8435 9277 8440 9242 9277 9242 9245 8440 8441 9242 9276 9242 9278 8441 9278 9242 8405 8440 9277 8405 9277 9279 8405 9279 9246 9279 9277 9280 9248 8443 8407 9248 9281 8443 9246 9279 9250 9279 9282 9250 8446 9251 8445 8446 9281 9251 9281 9248 9251 9253 8445 9251 8447 8445 9253 8447 9283 8448 8447 9253 9283 9253 9254 9283 8449 9254 8412 8449 9283 9254 9286 9284 9285 9285 9284 9288 9258 9287 9256 9261 9259 9290 9259 9289 9290 8451 9259 8418 8451 9291 9259 9291 9289 9259 9293 8420 9262 9293 9291 8420 9293 9292 9291 8451 8420 9291 9293 9264 9263 9293 9263 9292 9292 9263 9294 9265 9296 9295 9265 9295 9263 9263 9295 9294 9267 9295 9296 9267 8454 9295 9267 9266 8454 8453 8454 9266 9298 9299 9297 9300 8457 8456 9298 9297 9302 9266 8427 8453 9268 9269 9301 9301 9270 9268 9300 8456 8458 8460 9303 9304 8459 9303 8460 8459 9305 9303 8461 9305 8459 9308 9306 9307 8465 9307 9306 8465 8464 9307 8464 9309 9307 8433 9274 9310 8433 9310 8467 9274 9309 9310 8468 9310 8464 9309 8464 9310 9310 9312 9311 8467 9310 9311 8467 9311 9275 8467 9275 8436 9275 8469 8438 9275 9311 8469 9311 9313 8469 9313 8441 8469 9313 9278 8441 9315 9316 9314 9280 9318 9279 9319 9315 9314 8471 9317 8472 9279 9318 9282 9281 8474 8443 9317 8471 8475 9321 9322 9320 9281 8446 8474 9321 9320 8477 9321 8477 9323 8477 9320 8478 9325 8479 9324 9325 9323 8479 9323 8477 8479 8448 9283 8481 8479 8482 9324 9286 9326 9284 9283 8449 8481 9284 9326 9288 8486 9289 8485 8486 9290 9289 9328 9329 9327 9291 8485 9289 8489 8485 9291 8489 9330 8490 8489 9291 9330 9291 9292 9330 9332 9333 9331 9294 8491 9330 9294 9330 9292 9330 8491 8492 9332 9331 9335 9335 9331 9334 8491 9294 9295 8491 9295 8494 8494 9295 8454 9335 9334 9337 9297 9299 9336 9336 9302 9297 9339 9340 9338 8457 9300 8495 9300 8458 8495 9339 9338 8496 9339 8496 9341 8496 9338 8497 9304 9342 8460 8460 9342 8498 9343 9341 8496 9343 8496 8499 9345 8501 9344 9345 8502 8501 9305 8461 9342 8461 8498 9342 9308 9346 9306 9308 8501 9346 9308 9344 8501 8504 9346 8501 9306 9346 8506 8465 9306 8506 9310 8468 8507 9310 8507 8508 9310 8508 9348 9310 9348 9312 9347 9348 8508 8509 9347 8508 9349 9347 8509 8510 9349 8509 8510 9350 9349 9351 9314 9316 8510 9353 9350 8510 9352 9353 8510 8472 9352 9317 9352 8472 9314 9351 9319 9320 9322 9354 9317 8475 9352 8475 9355 9352 8475 8513 9355 9357 9356 8515 9354 9357 8515 9354 8515 8478 9354 8478 9320 9356 9358 9325 9356 9325 8516 9356 8516 8515 8516 9325 9324 8518 9359 9360 8518 8517 9359 8482 8516 9324 8517 9361 9359 8520 9361 8517 9327 9329 8524 9327 8524 9362 9362 8524 8523 9362 8523 9363 8523 8526 9363 8526 9364 9363 8526 8528 9364 8527 8490 9330 9333 9365 9331 9330 8492 8527 9367 9331 9365 9367 9334 9331 8531 9366 8532 9367 9337 9334 9366 8531 8533 9338 9340 9369 8535 9368 8536 9369 8497 9338 9369 8538 8497 9369 9371 8538 9370 8538 9371 9368 8535 8539 8541 9372 9370 8541 9370 8542 9372 9343 9370 8538 9370 8499 9343 8499 9370 9372 8541 9373 9372 9373 9375 8541 8502 9373 9374 9373 9345 8502 9345 9373 9376 9373 8504 9376 8504 8543 9373 9374 8504 9346 8504 9377 9374 9377 8504 9377 8506 9346 9377 8544 8506 9377 9379 8544 9378 8544 9379 9376 8543 8545 9380 8546 8544 9380 8544 9381 9378 9382 8544 9382 9381 8544 9381 9348 9347 9381 9347 9380 9380 9347 9383 9384 9385 9383 9384 9383 9349 9349 9383 9347 9384 8548 9386 9384 9350 8548 9384 9349 9350 8547 8548 9350 9350 8550 8547 9350 9388 8550 9350 9353 9388 9387 8550 9388 8551 9389 9387 8551 9387 8552 9389 9355 9387 8550 9387 8513 9355 8513 9387 9391 8551 8554 9391 9389 8551 9357 9390 9356 9356 9390 9358 8556 8555 9392 8558 9360 9393 8558 8518 9360 8555 8559 9392 9393 8520 8558 9393 9361 8520 9395 9396 9394 9395 9397 9398 9394 9397 9395 9401 9400 9399 9402 9401 9399 8562 9399 9400 8562 9400 8561 9404 9403 9400 9403 8561 9400 8564 9405 9403 8564 9403 8565 9405 9364 9403 8561 9403 8528 9364 8528 9403 8564 9406 9405 8566 9406 8564 9407 8532 9366 8568 8532 9407 9366 8569 9407 8533 8569 9366 9408 8536 9368 8571 8536 9408 9371 9410 9370 9368 8539 9409 9368 9409 9408 9409 8539 8573 9409 8573 8542 9409 8542 9411 9370 9410 8542 9410 9411 8542 9413 9375 9373 9412 9413 9373 9415 9416 9414 9376 8575 9412 9376 9412 9373 9412 8575 8576 8575 9376 8545 9415 9414 9379 9414 9378 9379 9414 9417 9378 9380 8578 8546 9380 9418 8578 9378 9417 9382 9417 9419 9382 9420 9421 9418 9420 9418 9383 9383 9418 9380 9383 9385 9420 9422 9423 9386 9422 9386 8581 8581 9386 8548 9387 8584 8583 9388 8584 9387 9388 9422 8584 9388 9423 9422 9387 8583 8552 9424 9425 9391 9424 9391 8587 8587 9391 8554 9424 9426 9425 9424 8556 9426 9424 8588 8556 9392 9426 8556 9392 8559 8590 9392 8590 9428 9392 9428 9426 9428 8590 9427 9428 9427 9430 9396 9429 9394 9394 9431 9397 9429 9431 9394 9399 8595 9402 8594 8595 9399 9404 9432 9403 9399 8562 8594 9403 9432 9433 9403 9433 8565 8565 9433 8598 9406 8566 9434 9434 8566 8600 9407 8601 8568 9407 8569 8601 9436 9437 9435 9436 9435 9438 8571 9408 8603 9409 8603 9408 9409 8605 8603 9439 9440 9441 8605 9409 9411 8605 9411 8606 9440 9439 9411 9439 8606 9411 9442 9443 9413 9442 9413 8608 9412 8607 9413 8607 8608 9413 8607 9412 8576 9443 9442 9416 9442 9414 9416 9442 9444 9414 8611 9445 8612 9446 9417 9447 9417 9444 9447 9417 9414 9444 9417 9446 9419 9418 8614 8578 9445 8611 8615 9449 9450 9448 8614 9418 9421 8614 9421 8616 9449 9448 9421 9448 8616 9421 8618 8619 9451 9451 9453 9452 8618 9451 9452 8618 9452 9422 8618 9422 8581 9455 9454 8620 9452 9455 8620 9452 8620 8584 9452 8584 9422 9456 8621 8620 9456 8620 9457 9454 9458 8620 9458 9457 8620 9457 9459 9456 8587 8623 9424 9424 8623 8588 9460 9427 8590 8626 9460 8590 9430 9461 9462 9430 9427 9461 9427 9460 9461 9462 9463 9464 9461 9463 9462 8629 9466 9467 8629 8628 9466 8628 9465 9466 9468 8628 8630 9468 9469 8628 9469 9465 8628 9469 9468 9472 9433 9471 8631 9433 8631 8598 8631 9471 9470 9471 8632 9470 9471 9434 8632 9434 8600 8632 8633 9473 8634 8636 9473 8633 8636 9474 9473 9475 9435 9437 9438 9435 9475 9476 9477 8636 9476 8636 8638 8636 9477 9474 9439 9441 9476 9439 9476 8640 8640 9476 8638 8642 8606 9439 8642 9439 9478 8640 8643 9439 8643 9478 9439 8642 9442 8608 8642 9480 9442 8642 9478 9480 9481 9480 9478 8646 8645 9479 8645 8647 9482 8645 9482 9479 8647 9444 9482 9480 9482 9442 9444 9442 9482 9445 8648 8612 9447 9444 8649 9447 8649 9483 8649 9444 8647 9445 8615 8648 9448 9450 9485 8651 8650 9484 9485 9487 8616 9485 8616 9448 9487 9486 8616 8650 8616 9484 9486 9484 8616 9487 9488 9486 8619 8652 9451 8652 8654 9489 9451 8652 9489 9451 9489 9490 9451 9490 9453 9490 9454 9455 9490 9489 9454 9489 9491 9454 8621 9456 8656 9458 9454 9493 9454 9492 9493 9454 9491 9492 9492 9494 9459 9492 9459 9493 9494 8658 9459 9456 9459 8656 8658 8656 9459 9494 9496 9495 9494 9495 8658 8658 9495 8660 8626 8660 9495 8626 9495 9497 8626 9497 9460 9497 9495 9498 9460 9497 9461 9461 9497 9499 9461 9499 9463 9463 9499 9500 9467 8665 8629 9467 9502 8665 9502 9501 8665 8668 8667 9503 8630 8665 9468 8665 9504 9468 8665 9501 9504 9472 9468 9504 8631 9470 8670 9503 8667 8671 8673 9505 9506 8673 8672 9505 8632 8670 9470 8634 9505 8672 8634 9507 9505 8634 9473 9507 9507 9508 9505 9509 9510 9507 9509 9507 9474 9474 9507 9473 9474 9477 9509 9513 9512 9511 9512 9514 9511 8643 8676 9478 9479 9515 8676 9479 8676 8646 9515 9516 8676 9478 8676 9481 9516 9481 8676 9515 9479 8679 9515 8679 8680 9479 9482 8679 9517 8679 9518 9482 9518 8679 9517 8649 8679 9517 9519 8649 9519 9483 8649 9521 9522 9520 9484 8683 8651 8683 9486 8684 8683 9484 9486 9521 9520 9523 9486 8685 8684 9486 9525 8685 9486 9488 9525 9524 8685 9525 8654 8685 9524 8654 9524 9489 9489 9524 9526 8687 9527 8688 9528 9491 9529 9491 9526 9529 9491 9489 9526 8687 8690 9530 8687 9530 9527 8690 9492 9530 9528 9530 9491 9492 9491 9530 9494 9492 8690 8691 9494 8690 9496 9494 8691 9496 8691 9531 9531 8691 8693 9498 9533 9497 9534 9531 9532 9531 8695 9532 9531 8693 8695 8695 9535 9532 8695 8696 9535 9533 9536 9497 9536 9499 9497 8696 8697 9537 8696 9537 9535 8697 9500 9537 9536 9537 9499 9500 9499 9537 9539 8699 9538 9539 9540 8699 9540 8700 8699 9538 9541 9542 8699 9541 9538 8699 9503 9541 8699 8668 9503 9544 8703 9543 9541 8703 9544 9541 8671 8703 9541 9503 8671 9543 8703 8706 9546 9545 8673 9546 8673 9506 8673 9545 8705 9548 9508 8705 9548 8705 9545 9508 9507 8705 8707 8705 9547 9507 9547 8705 9510 9549 9547 9507 9510 9547 9552 9551 9550 9513 9550 9551 9513 8709 9550 9513 9511 8709 8708 8709 9511 9554 9555 9553 9553 9556 9514 9553 9514 9554 9556 8711 9514 9511 9514 8708 8711 8708 9514 9556 9557 9516 9556 9516 8713 9556 8713 8711 8713 9516 9515 9518 9558 9517 9515 8680 8713 9519 9517 9558 9560 9561 9559 9520 8717 8716 9522 8717 9520 9522 9559 8717 9522 9560 9559 9520 8716 8719 9520 8719 9563 9520 9563 9523 9562 9563 8719 9565 9524 9525 9565 9564 9524 8720 9562 8719 9524 9564 9526 9526 9564 9566 8688 9527 8722 9529 9526 9568 9526 9567 9568 9526 9566 9567 9567 9569 9530 9567 9530 9568 9569 8723 9530 9527 9530 8722 8723 8722 9530 8723 9569 8725 8727 9571 9570 8726 8727 9570 9573 8728 9532 9573 9532 9572 8728 8726 9532 9534 9532 9570 8726 9570 9532 9575 9572 8731 9575 8731 9574 9572 9532 8731 8730 8731 9535 9532 9535 8731 9577 9575 9574 9537 9576 9535 9576 8730 9535 9576 8733 8730 9538 8734 8735 9539 9538 8735 9539 8735 9579 9539 9579 9578 9542 8734 9538 9542 9580 8734 9580 8738 8734 9583 9581 9582 9580 9544 8740 9580 8740 8738 8740 9544 9543 9546 8741 9545 9546 8742 8741 9546 9582 8742 9581 8742 9582 9543 8706 8740 8707 9547 9584 8707 9584 8741 9548 9545 9584 9545 8741 9584 9585 8745 9547 9585 9547 9549 8745 8746 9547 9584 9547 9586 8746 9586 9547 9552 9550 9587 9552 9587 8745 9552 8745 9585 8748 8745 9587 9550 8749 9587 9550 8709 8749 9553 9555 9588 9553 9589 9556 9588 9589 9553 9590 8753 8752 9590 9591 8753 9589 9557 9556 9590 8752 9592 8752 8754 9592 9594 8754 8756 9594 9592 8754 9561 9593 9559 9596 9595 8757 9593 9596 8757 9593 8757 8717 9593 8717 9559 8759 8757 9563 8759 9563 9562 8757 9595 9563 9598 9563 9597 9595 9597 9563 9599 8761 8760 9598 9597 9601 9562 8720 8759 9564 9565 9600 8760 8763 9599 9564 9600 9602 9564 9602 9566 9602 9600 9603 8766 8765 9567 8766 9567 9602 9602 9567 9566 8765 8768 9604 8765 9604 9567 9567 9604 9569 8725 9569 9604 8725 9604 9605 8725 9605 8769 9606 9605 9604 8727 9605 9571 8727 8769 9605 8771 8770 9607 9609 8728 9573 9609 9607 8728 9609 9608 9607 8770 8728 9607 9610 9608 8731 9610 8731 8773 9608 9609 8731 9574 8731 9611 9609 9611 8731 9611 9577 9574 9610 8773 8775 9614 9612 9613 9614 9615 9612 8777 9579 8735 8780 9613 9612 8780 8779 9613 8779 9616 9613 9583 9618 9581 9619 9616 9617 9616 8782 9617 9616 8779 8782 9617 8782 8742 9617 8742 9620 9581 9618 8742 9618 9620 8742 8785 9622 9621 8784 8785 9621 9621 8746 8784 9586 8746 9621 9623 8748 9587 9623 9624 8748 9624 8786 8748 9587 8749 8787 9587 8787 9626 9587 9626 9623 9626 8787 9625 8789 9626 9625 8789 8788 9626 8788 9627 9626 9627 8788 8753 9591 9627 8753 9594 8756 9628 9628 8756 8792 9595 9596 9630 8793 9629 8794 9595 9631 9597 9595 9630 9631 9629 8793 8795 9597 9631 9601 8761 9599 8797 9602 9633 9632 9602 9603 9633 9599 8763 8797 8798 8766 9635 8798 9635 9634 8766 9602 9635 9636 9635 9632 9602 9632 9635 9637 9604 9635 9637 9635 9638 9604 8768 9635 9634 9635 8799 8768 8799 9635 9606 8801 9639 9606 9637 8801 9606 9604 9637 9637 8802 8801 8771 9607 9640 8771 9640 8801 8801 9640 9639 9642 9640 8806 9642 8806 9641 9640 9607 8806 8805 8806 9608 9607 9608 8806 9642 9641 9644 9644 9641 9643 8805 9608 9610 8805 9610 8808 9644 9645 9646 9644 9643 9645 8808 9610 8775 8812 8811 9650 9615 9649 9647 9615 9647 9612 9647 9649 9648 8780 9612 9647 8780 9647 9651 8780 9651 8813 9652 9651 9647 9619 9617 9653 9619 9653 8813 9619 8813 9651 8815 8813 9653 9620 9654 9653 9617 9620 9653 8816 9655 9656 8816 9656 8785 8785 9656 9622 9655 9657 9658 9655 8816 9657 8816 8818 9657 9657 8818 8786 9624 9657 8786 9659 9625 8787 8821 9659 8787 8789 9625 9659 8789 9659 9660 8789 9660 8823 9661 9660 9659 9662 8825 8823 9662 8823 9663 9663 8823 9660 9663 9665 9664 9662 9663 9664 9665 8826 9664 9665 9628 8826 9628 8792 8826 9667 9668 9666 9629 8827 8794 9629 8795 8827 9667 9666 8829 9667 8829 9669 8829 9666 8830 9670 8829 8831 9670 9671 8829 9671 9669 8829 9671 9670 9673 9633 9672 9632 8798 9674 8833 8798 9634 9674 9636 9632 9672 9634 8799 9674 9674 8799 8834 9637 9638 9676 9637 9676 9675 8835 8802 9678 8835 9678 9677 8802 9637 9678 9679 9678 9675 9637 9675 9678 9678 9680 9677 8837 9681 9683 8837 9683 8806 9682 9641 9683 9641 8806 9683 8837 9684 9681 8837 8839 9684 9682 9685 9641 9685 9643 9641 8839 8841 9686 8839 9686 9684 8841 9645 9686 9685 9686 9643 9645 9643 9686 8842 9650 8811 9689 9690 9688 9647 9648 9687 9647 9687 9652 9691 8815 9653 8845 8815 9691 9654 9692 8846 9654 8846 9691 9654 9691 9653 9691 8846 8847 9694 8848 9655 9694 9655 9693 8848 8846 9655 9656 9655 9692 8846 9692 9655 9655 9658 9693 8850 9695 8849 8852 8849 9695 9696 8852 9695 8821 8852 9696 8821 9696 9659 9659 9696 9697 9661 8854 9698 9661 9697 8854 9661 9659 9697 9697 8855 8854 8854 9699 9698 8854 8857 9699 8856 8825 9662 9664 8856 9662 8858 8856 9664 8858 9664 8826 8861 8860 9700 9702 9666 9668 9702 9701 9666 8862 9700 8860 8864 8830 9704 8864 9704 9703 8830 9666 9704 9705 9704 9701 9666 9701 9704 9703 9704 9706 9703 9706 8831 9703 8831 8866 9670 8831 9706 9707 8869 8868 9707 9708 8869 9706 9673 9670 8868 9709 9707 8868 8871 9709 8870 8833 9674 9676 9710 9675 9674 8834 8870 8835 9711 8874 8835 9677 9711 9679 9675 9710 9680 9713 9712 9680 9712 9677 9677 9712 9711 9681 8876 8877 9683 9681 8877 9683 8877 9712 9683 9712 9713 9684 8876 9681 8878 8876 9684 8878 9714 8879 9684 9714 8878 9684 9715 9714 9684 9686 9715 9688 9717 9716 9690 9717 9688 8881 9718 8882 8881 8885 9718 8884 8845 9691 9721 9719 9720 9720 9719 9723 8884 9691 8847 9722 8887 8886 8889 9694 9724 8889 8848 9694 8886 8890 9722 8850 8889 9724 8850 9724 9725 8850 9725 9695 9725 9724 9726 8892 9727 8893 9728 9696 9729 9696 9725 9729 9696 9695 9725 8892 8894 9727 9696 9728 9730 9696 9730 9697 9730 9728 9731 8895 8855 9697 8895 9697 9732 9732 9697 9730 9734 9699 8857 9734 8857 9732 9734 9732 9733 8895 9732 8857 9734 9733 9735 9736 8861 9700 8897 8861 9736 9700 8862 9736 9736 8862 8898 9701 9702 9738 9701 9738 9737 9703 8899 8864 9703 9739 8899 9701 9737 9705 9737 9740 9705 8866 9739 9703 8866 9741 9739 8866 8900 9741 9742 9739 9741 9708 9743 8869 8869 9743 8901 9744 9741 8900 9744 8900 8902 9746 8903 9745 9746 8904 8903 9709 8871 9743 8871 8901 9743 8903 9747 9745 8905 9747 8903 9711 8906 8874 9712 8906 9711 8908 8906 9712 8910 9748 9749 8910 8909 9748 8877 8908 9712 9748 8909 9750 8909 8911 9750 8879 9714 9751 8879 9751 8911 8911 9751 9750 9717 9753 9716 8913 8912 9752 9752 9754 9755 8912 9754 9752 8912 9718 9754 8912 8882 9718 8885 8916 9754 8885 9754 9718 8916 9756 9754 9721 9754 9719 9756 9719 9754 9722 8917 8887 9722 9757 8917 9719 9756 9723 9756 9758 9723 8919 9722 8890 8919 9757 9722 9761 9759 9760 9760 9725 9726 9760 9759 9725 9759 9762 9725 9727 8921 8893 9727 9763 8921 9725 9762 9729 9762 9764 9729 9731 9766 9730 9727 8894 9765 9727 9765 9763 9765 8894 8922 8922 8924 9767 8922 9767 9765 8924 9732 9767 9766 9767 9730 9732 9730 9767 8924 8926 9768 8924 9768 9732 9732 9768 9733 9735 9769 9770 9735 9733 9769 9733 9768 9769 9769 9771 9770 9769 8897 9771 9769 8928 8897 9736 9771 8897 8898 8929 9771 8898 9771 9736 8929 9772 9771 9738 9771 9737 9772 9737 9771 9737 9772 9773 9737 9773 9740 9772 8930 9773 9739 9773 8899 8930 8899 9773 9774 8931 9739 9774 9739 9742 8931 8932 9739 9773 9739 9775 8932 9775 9739 9774 8902 8931 9774 9744 8902 9777 9778 9776 9777 9776 9781 9746 9780 8933 9746 8933 8904 8933 9780 9779 9747 8905 9779 9747 9779 9780 8905 8935 9779 9783 9779 9782 8935 9782 9779 9785 8937 9784 9785 9782 8937 9782 8935 8937 9784 8937 8939 9788 9786 9787 9749 8940 8910 9749 9789 8940 9790 9787 9786 9792 9791 8941 9792 8941 9789 9789 8941 8940 9793 8942 8941 9793 8941 9794 9791 9795 8941 9795 9794 8941 9796 9798 9799 9796 9797 9798 9752 8943 8913 9796 9800 9755 9796 9755 9797 9800 8944 9755 9752 9755 8943 8944 8943 9755 8946 8945 9756 8946 9756 9800 8916 8944 9756 8944 9800 9756 8917 9757 9801 8917 9801 8945 9758 9756 9801 9756 8945 9801 9759 9761 9802 9757 8919 9801 8919 9803 9801 8919 8947 9803 9759 9804 9762 9802 9804 9759 9762 9804 9764 8921 9763 9806 8921 9806 8950 9806 9763 9805 9808 9805 8952 9808 8952 9807 9805 9763 8952 8951 8952 9765 9763 9765 8952 9765 8953 8951 9765 9809 8953 9765 9767 9809 9810 9809 9767 9808 9807 9811 9812 9768 9810 9812 9810 9813 9768 8926 9810 9809 9810 8954 8926 8954 9810 9814 9812 9815 9814 9769 9812 9769 9768 9812 9769 8956 8928 9769 9817 8956 9769 9814 9817 9817 9816 8956 9816 9817 9818 9816 9818 8929 9816 8929 8958 9772 8929 9818 9772 8959 8930 9772 9818 8959 9818 9819 8959 9821 8961 9820 9821 8962 8961 9775 8932 9819 8932 8959 9819 9823 8961 8964 9823 9820 8961 9778 9822 9776 8933 9824 8966 8933 9779 9824 9781 9776 9822 9783 9826 9825 9783 9825 9779 9779 9825 9824 9785 9825 9826 9785 8968 9825 9785 9784 8968 8967 8968 9784 9828 9829 9827 8967 9784 8939 9828 9827 9831 9786 9788 9830 9832 8971 8970 9832 9833 8971 9830 9790 9786 9792 9834 9791 9792 8970 9834 9792 9832 8970 8972 9834 8970 9795 9834 9835 9795 9791 9834 8942 9793 8974 8976 8975 9836 8976 9836 9838 8975 9796 9836 9837 9836 9799 9796 9799 9836 9800 9796 8975 8978 9800 8975 8980 8946 9800 8980 9800 9839 8978 8981 9800 8981 9839 9800 8980 9839 8983 9840 9841 9803 9840 9803 8984 8984 9803 8947 9843 9841 9840 9842 8986 8985 9845 8950 9806 9845 9842 8950 9845 9844 9842 8985 8950 9842 9844 9845 9846 9844 9846 8952 9844 8952 8987 9807 8952 9846 8953 9847 8988 8953 9809 9847 9811 9807 9846 9813 9849 9812 9809 8954 9848 9809 9848 9847 9848 8954 8989 9848 8991 9850 9848 8989 8991 9812 9849 9815 9850 9851 9852 8991 9851 9850 8991 9816 9851 8991 8956 9816 9816 8958 8993 9816 8993 9854 9816 9854 9851 9854 8993 9853 9854 9855 9856 9853 9855 9854 9856 9855 9857 9856 9857 8962 9856 8962 9821 8962 9857 8996 9857 8964 8996 9857 9858 8964 9858 9823 8964 9860 9861 9859 9824 8999 8966 9860 9859 9863 9863 9859 9862 8999 9824 9825 8999 9825 9001 9001 9825 8968 9863 9862 9865 9827 9829 9864 9866 9005 9004 9866 9867 9005 9864 9831 9827 9866 9004 8971 9833 9866 8971 9868 9834 8972 9868 8972 9869 9869 8972 9006 9834 9868 9835 9009 9008 9870 9871 9875 9873 9871 9873 9872 9875 9013 9873 9874 9873 9011 9013 9011 9873 9876 9871 9877 9876 9878 9871 9878 9875 9871 9878 9876 9880 9018 9879 9016 9884 9016 9879 9884 9019 9016 9881 9882 9883 9881 9885 9886 9881 9886 9882 9885 9021 9886 9884 9886 9019 9021 9019 9886 9885 9887 9889 9885 9889 9022 9885 9022 9021 9022 9889 9888 9888 9024 9022 9891 9892 9890 9891 9890 9893 9891 9893 9026 9891 9026 9894 9026 9893 9025 9027 9025 9893 9895 9027 9893 9896 9031 9030 9895 9897 9027 9897 9032 9027 9897 9898 9032 9896 9030 9034 9900 9899 9036 9900 9036 9901 9036 9899 9033 9038 9033 9905 9038 9905 9904 9033 9899 9905 9903 9905 9902 9899 9902 9905 9038 9904 9906 9038 9906 9039 9903 9902 9906 9902 9039 9906 9908 9041 9042 9908 9042 9909 9909 9042 9907 9911 9041 9908 9911 9910 9041 9910 9044 9041 9913 9046 9912 9913 9047 9046 9914 9049 9910 9049 9044 9910 9046 9915 9912 9051 9915 9046 9055 9916 9917 9054 9916 9055 9920 9918 9919 9920 9054 9918 9920 9916 9054 9056 9918 9054 9923 9058 9060 9923 9921 9058 9919 9918 9924 9918 9922 9924 9923 9061 9921 9923 9063 9061 9926 9927 9925 9926 9065 9066 9926 9929 9065 9926 9925 9929 9929 9928 9065 9932 9069 9928 9932 9928 9929 9069 9068 9928 9931 9928 9930 9068 9930 9928 9874 9011 9073 9871 9872 9934 9072 9071 9933 9877 9871 9934 9935 9936 9071 9935 9071 9076 9071 9936 9933 9076 9937 9935 9077 9937 9076 9883 9938 9881 9940 9881 9938 9940 9885 9881 9080 9939 9081 9939 9083 9941 9939 9080 9083 9885 9940 9887 9943 9890 9892 9943 9942 9890 9084 9941 9083 9085 9944 9086 9945 9893 9946 9893 9942 9946 9893 9890 9942 9085 9087 9947 9085 9947 9944 9087 9895 9947 9945 9947 9893 9895 9893 9947 9031 9896 9948 9031 9948 9087 9897 9895 9948 9895 9087 9948 9034 9088 9948 9034 9948 9896 9088 9949 9948 9900 9948 9899 9949 9899 9948 9950 9949 9951 9950 9902 9949 9902 9899 9949 9902 9950 9952 9902 9952 9039 9039 9952 9090 9907 9042 9091 9953 9907 9091 9954 9091 9092 9954 9955 9091 9955 9953 9091 9955 9954 9956 9955 9956 9047 9955 9047 9913 9047 9956 9093 9094 9957 9956 9094 9956 9095 9957 9915 9956 9093 9956 9051 9915 9051 9956 9957 9094 9055 9917 9957 9055 9918 9056 9096 9058 9921 9958 9058 9958 9096 9922 9918 9958 9918 9096 9958 9921 9061 9098 9921 9098 9960 9921 9960 9958 9960 9098 9959 9961 9960 9959 9961 9962 9960 9928 9099 9065 9099 9928 9931 9099 9931 9101 9962 9961 9931 9961 9101 9931 9105 9963 9964 9105 9104 9963 9103 9072 9933 9103 9933 9936 9103 9936 9107 9107 9936 9965 9966 9967 9937 9966 9937 9109 9109 9937 9077 9967 9968 9969 9966 9968 9967 9970 9081 9939 9970 9111 9081 9968 9971 9969 9972 9973 9970 9972 9970 9941 9941 9970 9939 9972 9974 9976 9972 9114 9974 9972 9941 9114 9084 9114 9941 9943 9975 9942 9946 9942 9975 9086 9944 9115 9974 9114 9116 9944 9117 9115 9944 9978 9117 9944 9947 9978 9977 9117 9978 9119 9117 9977 9979 9119 9977 9088 9119 9979 9088 9979 9949 9949 9979 9980 9951 9121 9981 9951 9980 9121 9951 9949 9980 9980 9122 9121 9952 9982 9090 9090 9982 9124 9983 9981 9121 9983 9121 9125 9124 9982 9984 9126 9124 9984 9128 9985 9987 9128 9987 9092 9986 9954 9987 9954 9092 9987 9128 9129 9985 9954 9986 9988 9954 9988 9956 9988 9986 9989 9131 9095 9956 9131 9956 9990 9990 9956 9988 9132 9131 9990 9991 9132 9990 9133 9132 9991 9992 9133 9991 9992 9994 9993 9992 9993 9133 9133 9993 9135 9135 9993 9959 9135 9959 9098 9993 9995 9959 9137 9959 9138 9995 9138 9959 9961 9959 9998 9961 9998 9997 9959 9137 9998 9996 9998 9140 9137 9140 9998 9997 9101 9961 9997 9142 9101 9997 10000 9142 9999 9142 10000 9996 9140 9143 9963 9104 10001 10001 9104 9144 9146 10003 10002 9146 9107 10003 9107 9965 10003 9148 9147 9966 9148 9966 10002 9109 9146 9966 9146 10002 9966 10004 9968 9966 10004 9966 9150 10004 9150 10005 9150 9966 9147 10004 9971 9968 10007 10008 10006 9111 9970 9151 9151 9970 9973 9151 9973 9152 10007 10006 9973 10006 9152 9973 10010 9976 9974 10009 10010 9974 9154 9974 9116 9154 10009 9974 10013 10011 10012 9978 10015 9977 10016 10012 10011 9155 10014 9156 9977 10017 9979 9977 10015 10017 10014 9155 9157 10017 10018 9159 10017 9159 9980 10017 9980 9979 9158 9980 9159 9160 9122 9980 9160 9980 10019 9158 9161 9980 9161 10019 9980 9163 10020 10019 9163 10019 9164 10020 9983 10019 9160 10019 9125 9983 9125 10019 9984 10021 9126 9126 10021 9165 10022 10020 9163 10022 9163 9166 9987 9985 10023 9987 10023 9165 9987 9165 10021 9168 9165 10023 9989 10024 9169 9989 9169 9988 10024 10023 9169 9129 9169 9985 10023 9985 9169 10025 9990 9988 10025 9988 9170 10025 9170 10026 9170 9988 9169 10028 9990 10025 10028 9991 9990 9171 10027 9172 9171 9174 10027 9991 10028 10029 9991 10029 9992 10029 10028 10030 9994 10029 10031 9992 10029 9994 10032 9995 10033 10032 9175 9995 9175 9138 9995 9996 9177 9178 9998 9996 9178 9998 9178 10032 9998 10032 10033 9999 10035 10034 9999 10000 10035 9996 9143 9177 9144 10037 10001 9144 9183 10037 9182 9181 10036 9185 10036 9181 9185 10038 10036 10039 10002 10003 10038 9185 9188 10002 10039 9148 10039 9187 9148 10039 10040 9187 9150 10040 10005 9150 9187 10040 9190 9189 10041 9191 10041 9189 9191 10042 10041 10043 10006 10008 10042 9191 9152 10042 9152 10044 10006 10043 9152 10043 10044 9152 10045 10046 10010 10045 10010 9193 10009 9192 10010 9192 9193 10010 10047 9196 9195 10046 10045 10049 10009 9154 9192 10011 10013 10048 9195 10051 10047 9195 10050 10051 9195 9156 10050 10014 10050 9156 10011 10048 10016 10014 9157 9197 10014 9197 10053 10014 10053 10050 10053 9197 10052 10053 10052 10056 10018 10055 9198 10018 9198 9159 9198 10055 10054 10057 10019 10055 10057 10055 10058 10019 9161 10055 10054 10055 9200 9161 9200 10055 10019 10057 9202 9164 10019 9202 10022 9166 9203 10059 10022 9203 9168 10023 10060 9168 10060 9203 9203 10060 10059 10063 10060 10023 10063 10023 10061 10024 10062 10023 10062 10061 10023 10062 9205 10061 10062 10026 9205 10026 9170 9205 10064 9172 10027 10064 10065 9172 10065 9207 9172 10064 10066 10068 10064 9209 10066 10064 10027 9209 9174 9209 10027 10030 10067 10029 10067 10031 10029 10066 9209 9211 10069 9175 10032 10069 10070 9175 10070 9212 9175 10032 10071 10069 10032 9178 10071 9178 9214 10071 10073 10034 10035 10072 10034 10073 10074 9182 10036 10074 10075 9182 10075 9216 9182 10074 9219 10076 10074 10038 9219 10074 10036 10038 9218 9219 10038 9218 10038 9188 9222 9221 10077 9221 9224 10077 9223 9190 10041 10080 10078 10079 10079 10078 10082 9223 10041 9226 10041 10081 9226 10041 10042 10081 10044 10083 9228 10044 9228 10081 10044 10081 10042 10081 9228 9229 9228 10083 10045 9228 10045 9193 10083 10084 10045 9230 10045 9231 10084 9231 10045 10047 9232 9196 10049 10045 9233 10049 9233 10085 9233 10045 9230 9232 10047 10051 9232 10051 9234 9234 10051 10086 10052 9197 9236 10052 10088 10056 10052 10087 10088 10052 9236 10087 9238 10087 9236 9198 10054 9237 9237 10054 9200 10088 10087 10058 10087 10057 10058 10087 10089 10057 9202 10057 10089 9202 10089 10090 9202 10090 9240 10091 10090 10089 10092 9241 9240 10092 9240 10093 10093 9240 10090 9244 10092 10093 9244 10093 9243 9243 10093 10094 10063 10061 10095 10063 10095 9243 10063 9243 10094 9245 9243 10095 9247 10061 9205 9247 10096 10061 10096 10095 10061 9249 10065 10097 9249 9207 10065 9247 9250 10096 10066 10097 10068 10066 9252 10097 9252 9249 10097 10066 9211 9252 10070 9255 9212 10098 9255 10070 10098 9214 9255 10098 10071 9214 10100 10101 10099 10073 10103 10072 10104 10100 10099 9257 10102 9258 10075 9260 9216 10075 10105 9260 10106 10107 10108 10105 9219 9260 10105 10076 9219 10110 10111 10109 10109 10112 10110 10109 9222 10112 10109 9262 9222 10077 10112 9222 10078 10080 10113 10077 9224 10112 9224 10114 10112 9224 9264 10114 9226 10115 9265 9226 10081 10115 10082 10078 10113 10081 9267 10115 9229 9267 10081 10116 10084 10117 10116 9269 10084 9269 9231 10084 10119 10120 10118 10117 10085 10116 10085 9270 10116 10085 9233 9270 10086 9271 9234 10086 10121 9271 10122 10119 10118 10124 10123 9272 10124 9272 10121 10121 9272 9271 9238 9272 10123 9238 10123 10087 10087 10123 10125 10126 10125 10127 10126 10089 10125 10089 10087 10125 10128 9274 9273 10128 10129 9274 10126 10091 10089 9241 10128 9273 9241 10130 10128 9241 10092 10130 10130 10131 10128 9276 10092 9244 9276 10132 10092 10132 10130 10092 9276 9278 10132 9277 9245 10095 10135 10133 10134 10134 10133 10137 9277 10095 9280 10095 10136 9280 10095 10096 10136 10096 9282 10136 9250 9282 10096 10140 10138 10139 10139 10138 10141 10099 10101 10143 9285 10142 9286 10099 10143 10104 10102 9287 9258 10142 9285 9288 10145 10146 10144 10108 10147 10106 10111 10148 10109 10150 10149 9293 10148 10150 9293 10148 9293 9262 10148 9262 10109 10149 9264 9293 10149 10151 9264 10151 10114 9264 10115 9296 9265 9299 10152 10153 9299 9298 10152 9267 9296 10115 9298 10154 10152 9298 9302 10154 9301 9269 10116 10118 10156 10155 10118 10120 10156 10116 9270 9301 10122 9303 10157 10122 10155 9303 10122 10118 10155 10155 9304 9303 10159 9303 9305 10159 10157 9303 10124 10158 10123 10158 10160 9308 10158 9308 10125 10158 10125 10123 9307 10125 9308 10127 10125 9307 10127 9307 10161 10161 9307 9309 10161 9309 9274 10129 10161 9274 10162 10163 10131 10162 10131 9312 10130 9311 10131 9311 9312 10131 10163 10162 10165 10165 10162 10164 9311 10130 10132 9311 10132 9313 10166 9316 9315 10165 10164 10168 10132 9278 9313 10133 10135 10167 10133 10167 10137 10136 9318 9280 10166 9315 9319 10170 10171 10169 10136 9282 9318 10170 10169 9321 10170 9321 10172 9321 10169 9322 10140 10174 10138 10175 10172 10173 10172 9323 10173 10172 9321 9323 10174 10141 10138 10173 9323 9325 10177 10178 10176 10142 9326 9286 9326 10142 9288 10177 10176 10180 10144 10146 10179 10181 9328 9327 10181 10182 9328 10182 10183 9328 10182 10184 10185 10181 10184 10182 10185 10184 10187 10150 10186 10149 10149 10186 10151 9333 9332 10188 9335 10188 9332 10189 10188 9335 10189 9335 9337 10191 10190 9299 10191 9299 10153 9299 10190 9336 9339 10192 10190 9339 10190 9340 10192 10154 10190 9336 10190 9302 10154 9302 10190 10155 10156 10192 10155 10192 9341 9341 10192 9339 9342 9304 10155 9342 10155 10193 9341 9343 10155 9343 10193 10155 10194 9345 9344 10193 10195 9342 10195 9305 9342 10195 10159 9305 10197 9308 10160 10197 10194 9308 10197 10196 10194 9344 9308 10194 10197 10199 10198 10196 10197 10198 10199 10201 10200 10198 10199 10200 10200 10201 10202 10200 10202 9312 10200 9312 9348 10162 9312 10202 10204 10162 10202 10204 10203 10162 10203 10164 10162 10168 10203 10205 10168 10164 10203 9316 10166 9351 10166 9319 9351 10169 10171 10207 9353 9352 10206 10207 9322 10169 10207 9354 9322 10207 10209 9354 10208 9354 10209 10206 9352 9355 10175 10173 10210 10208 9357 9354 10173 9325 9358 10173 9358 10212 10173 10212 10210 10212 9358 10211 9360 10212 10211 9360 9359 10212 9359 10213 10212 10215 9359 9361 10215 10213 9359 10178 10214 10176 10180 10176 10214 10217 10218 10216 10181 9327 9362 10184 10181 9362 9363 10184 9362 9363 10187 10184 9363 9364 10187 9364 10219 10187 10188 9365 9333 10189 9365 10188 9367 9365 10189 10191 10220 10190 10189 9337 9367 10222 10221 9369 10220 10222 9369 10220 9369 9340 10220 9340 10190 9369 10221 9371 10193 9343 9372 10193 10224 10195 10193 10223 10224 10193 9372 10223 9375 10223 9372 9345 10194 9374 9374 10196 9377 9374 10194 10196 10224 10223 10225 9377 10226 9379 9377 10196 10226 10196 10198 10226 10228 10229 10227 10200 9381 10226 10200 10226 10198 10226 9381 9382 10200 9348 9381 10228 10227 10230 10203 9385 9384 10203 10204 9385 10204 10231 9385 9384 10205 10203 9384 9386 10205 9386 10232 10205 10233 9353 10206 9388 9353 10233 10209 10235 10208 10206 9355 10234 10206 10234 10233 10234 9355 9389 10235 9357 10208 10235 9390 9357 10235 10237 9390 10236 9390 10237 10234 9389 9391 9358 9390 10236 9358 10236 10211 10211 10236 10238 9393 9360 10211 9393 10211 10239 10239 10211 10238 9395 10240 10239 9395 10239 9396 10240 10215 10239 9393 10239 9361 10215 9361 10239 10216 10218 10240 10216 10240 9398 9398 10240 9395 10242 10241 9400 10242 9400 10243 10243 9400 9401 9400 10241 9404 9405 10244 10245 9405 10245 9364 9364 10245 10219 9405 9406 10244 10247 10221 10222 10246 10221 10247 9371 10221 10246 9371 10246 10248 9371 10248 9410 10249 10248 10246 9410 10248 10250 9411 9410 10250 10251 10223 9375 9413 10251 9375 10251 10225 10223 10251 10253 10225 10252 9416 9415 9379 10252 9415 9379 10226 10252 10226 10254 10252 10226 9382 10254 10254 9382 9419 10227 10229 10256 10227 10256 10255 10230 9420 10257 10230 10255 9420 10230 10227 10255 10255 9421 9420 10257 9420 10258 10257 10258 10260 9420 9385 10258 10259 10258 10231 9385 10231 10258 10259 10261 10258 10259 9386 10261 10259 10232 9386 9386 9423 10261 9388 10261 9423 9388 10233 10261 10233 10262 10261 10263 10264 10262 10263 10262 10234 10234 10262 10233 10263 10265 10267 10263 9425 10265 10263 10234 9425 9391 9425 10234 10237 10266 10236 9425 10268 10265 9425 9426 10268 10266 10269 10236 10269 10238 10236 9426 9428 10270 9426 10270 10268 9428 10239 10270 10269 10270 10238 10239 10238 10270 9430 10272 10239 9430 10239 9428 10272 10271 10239 9396 10239 9429 10271 9429 10239 10271 10273 9429 9429 10273 9431 10275 10241 10242 10275 10276 10241 10276 10274 10241 9432 9404 10241 9432 10241 10277 10277 10241 10274 10245 10244 10278 10277 9433 9432 10244 9406 9434 10244 9434 10280 10244 10280 10278 10280 9434 10279 10280 10281 10282 10279 10281 10280 10284 10282 10281 10283 9437 9436 10286 10246 10247 10286 10285 10246 9438 10283 9436 10249 9440 10287 10249 10285 9440 10249 10246 10285 10285 9441 9440 10287 9440 9411 10250 10287 9411 10251 9413 9443 9416 10252 10288 9416 10288 9443 10253 10251 10288 10251 9443 10288 10288 9447 10289 10288 10254 9447 10288 10252 10254 9446 9447 10254 10254 9419 9446 10255 10256 9449 10256 9450 9449 10256 10290 9450 10255 9449 9421 10292 10291 10293 10292 10260 10258 10292 10258 10291 10291 10258 10294 10296 10297 10295 10261 9452 10294 10261 10294 10258 10294 9452 9453 10261 10262 9455 10261 9455 9452 10262 10298 9455 10295 9455 10296 10298 10296 9455 10299 9457 10262 10299 10262 10264 9457 9458 10262 10298 10262 10300 9458 10300 10262 10302 9459 10265 10302 10265 10301 9459 9457 10265 10267 10265 10299 9457 10299 10265 10265 10268 10303 10301 10265 10303 10268 10270 10303 10272 9430 9462 10304 10272 9462 10304 9462 10305 9462 9464 10305 9466 10306 10309 9466 9465 10306 10308 10307 10276 10307 10274 10276 9465 10310 10306 9465 9469 10310 10307 10311 10274 10311 10277 10274 10311 9433 10277 10311 9471 9433 10311 10313 9471 10312 9471 10313 10310 9469 9472 9434 9471 10312 9434 10312 10279 10279 10312 10314 10279 10314 10281 10281 10314 10315 10284 10315 10316 10284 10281 10315 9437 10283 9475 10283 9438 9475 10285 10286 10318 9477 9476 10317 10317 9476 9441 10317 9441 10319 10285 10318 9441 10318 10319 9441 9480 9481 10320 9480 10320 9482 10289 9447 10321 10321 9447 9483 9485 10323 10322 9485 9450 10323 9450 10290 10323 9487 9485 10293 9487 10293 10291 9485 10322 10293 10325 10293 10324 10322 10324 10293 10291 10294 9488 10291 9488 9487 10294 10326 9488 10324 9488 10325 10326 10325 9488 10295 10297 10326 10295 10326 9490 10294 9453 10326 9453 9490 10326 10295 9490 9455 10328 10327 10329 10328 10330 10327 10328 9458 10330 10328 10300 9458 9458 9493 10330 10332 9459 10302 10332 10330 9459 10332 10331 10330 9493 9459 10330 9496 10331 10332 9496 10332 9495 10334 10333 10332 10333 9495 10332 9495 10333 9498 10337 10336 10335 10336 10339 10338 10335 10336 10338 10342 10343 10341 10341 10343 10340 9502 10309 10306 9502 10306 9501 10341 10340 10345 10345 10340 10344 9501 10306 10310 9501 10310 9504 9504 10310 9472 10345 10344 10347 10312 10313 10346 10346 10348 9506 10346 9506 10314 10346 10314 10312 9505 10314 9506 9505 9508 10349 9505 10349 10314 10314 10349 10315 10316 9509 10350 10316 10349 9509 10316 10315 10349 10349 9510 9509 9477 10317 10351 9477 10351 9509 9509 10351 10350 10317 10319 10351 9513 10352 9512 9512 10352 9514 10353 10320 9481 10353 9481 10354 10354 9481 9516 10320 9518 9482 10320 10356 9518 10320 10353 10356 10356 10355 9518 10356 9519 10355 10356 10321 9519 10321 9483 9519 10322 9522 9521 10322 10323 9522 10323 10357 9522 10358 10324 10322 10358 10322 9523 10358 9523 10359 9523 10322 9521 10324 10358 10360 10324 10360 9488 9488 10360 9525 10361 10362 10329 10361 10329 9529 10327 9528 10329 9528 9529 10329 10362 10361 10364 9528 10327 9530 10327 10363 9530 10327 10330 10363 10330 10331 10363 10331 10365 10363 10334 10366 9531 10334 9531 10333 10366 10365 9531 9496 9531 10331 10365 10331 9531 9534 10368 10333 9534 10333 9531 10368 10367 10333 9498 10333 9533 10367 9533 10333 10335 10367 10337 10335 9536 10367 9536 9533 10367 9536 10369 9537 9536 10335 10369 10335 10338 10369 9540 9539 10373 10343 10372 10370 10343 10370 10340 10370 10372 10371 9542 9541 10344 9542 10344 10370 10370 10344 10340 9541 9544 10374 10344 9541 10374 10344 10374 10375 10344 10375 10347 10375 10374 10378 10348 10377 9546 10348 9546 9506 9546 10377 10376 10379 10349 10377 10379 10377 10380 10349 9508 10377 10376 10377 9548 9508 9548 10377 9549 9510 10382 9549 10382 10381 9510 10349 10382 10383 10382 10379 10349 10379 10382 9552 10381 10382 9552 10382 9551 10385 10384 10382 10384 9551 10382 9551 10352 9513 9551 10387 10352 9551 10384 10387 10388 10387 10384 9555 9554 10386 10387 10390 9514 10387 9514 10352 10390 10389 9514 9554 9514 10386 10389 10386 9514 10392 10393 10391 10390 10354 10389 10354 9557 10389 10354 9516 9557 10394 10392 10391 10394 10395 10392 10355 9558 9518 10395 10394 10397 9558 10355 9519 10396 9561 9560 10399 9522 10357 10399 10396 9522 10399 10398 10396 9560 9522 10396 10401 10402 10400 10399 10359 10398 10359 9563 10398 10359 9523 9563 10401 10400 10405 10360 10404 9565 10360 9565 9525 9565 10404 10403 10404 10407 10406 10403 10404 10406 10408 10406 9529 10408 9529 9568 10406 10407 9529 10361 9529 10409 10407 10409 9529 9568 10411 10408 9568 10410 10411 9568 9530 10410 10363 10410 9530 10361 10409 10364 10413 10410 10363 10413 10363 10412 10412 10363 10365 10412 10365 9570 10412 9570 9571 10365 10366 9570 10414 9570 10415 10366 10415 9570 10416 9573 9572 10414 10417 9570 10417 9534 9570 10417 10368 9534 9575 10416 9572 10418 10416 9575 9537 10369 9576 9575 9577 10418 10371 10419 10370 10373 9539 9578 10370 9580 9542 10370 10419 9580 10419 10420 9580 9583 9582 10421 9544 9580 10374 9580 10422 10374 9580 10420 10422 9582 10424 10421 9582 10423 10424 9582 9546 10423 10376 10423 9546 10374 10422 10378 10423 10425 10427 10423 9584 10425 10423 10376 9584 9548 9584 10376 10380 10426 10379 10379 10426 10383 10381 9585 9549 10425 9584 9586 10429 10430 10428 9585 10381 9552 10429 10428 10432 10384 10385 10431 10384 10431 10388 9555 10386 9588 10389 9588 10386 9589 9588 10389 10389 9557 9589 10391 10393 10434 9591 9590 10433 9590 9592 10435 9590 10435 10433 9592 10394 10435 10434 10435 10391 10394 10391 10435 10396 9593 9561 10397 10394 9594 10397 9594 10436 9594 10394 9592 9593 10437 9596 9593 10396 10437 10396 10398 10437 10402 10439 10400 10398 9563 10438 10398 10438 10437 10438 9563 9598 10405 10400 10439 9565 10403 9600 10438 9598 9601 9600 10440 9603 9600 10403 10440 10403 10406 10440 10441 10442 10440 10441 10440 10408 10408 10440 10406 10445 10441 10408 10445 10408 10443 10411 10444 10408 10444 10443 10408 10412 9605 9606 10413 10412 9606 10413 9606 10443 10413 10443 10444 10415 10446 10414 10412 9571 9605 10446 10417 10414 10448 10449 10447 9573 10416 9609 9609 10418 9611 9609 10416 10418 10448 10447 10450 10418 9577 9611 10453 10451 10452 10453 9614 10451 9614 9613 10451 10451 9613 10454 9613 9616 10454 9583 10421 9618 9616 9619 10456 9616 10456 10454 10456 9619 10455 10421 9620 9618 10421 10457 9620 10421 10424 10457 10458 10457 10424 10456 10455 10459 10427 10457 10458 10427 9622 10457 10427 10425 9622 9621 9622 10425 10461 10462 10460 9621 10425 9586 10461 10460 10464 10428 10430 10463 10465 9624 9623 10465 10466 9624 10463 10432 10428 10468 9626 10467 10468 10465 9626 10465 9623 9626 9627 10467 9626 10469 10467 9627 9591 10469 9627 9591 10433 10469 10433 10470 10469 10435 10472 10471 10435 10471 10433 10433 10471 10470 10474 10475 10473 10472 10436 10471 10436 9628 10471 10436 9594 9628 10476 10474 10473 10476 10477 10474 10437 9630 9596 10477 10476 10479 10479 10476 10478 9630 10437 10438 9630 10438 9631 10479 10480 10481 10479 10478 10480 9631 10438 9601 10482 9603 10440 10482 9633 9603 10480 10483 10481 10442 10484 9635 10442 9635 10482 10442 10482 10440 10482 9635 9636 10486 9638 10443 10486 10443 10485 9638 9635 10443 10445 10443 10484 9635 10484 10443 10488 9639 10487 10485 9639 10488 10485 9606 9639 10485 10443 9606 10487 10489 10490 10487 9639 10489 9639 9640 10489 10449 10492 10447 10493 10489 10491 10489 9642 10491 10489 9640 9642 10491 9644 10494 10491 9642 9644 10447 10492 10450 10494 10495 10496 10494 9644 10495 9644 9646 10495 9649 10453 10452 9649 10452 9648 10497 10498 10452 10498 9648 10452 9651 9652 10499 10499 10501 10500 9651 10499 10500 9651 10500 10455 9651 10455 9619 10455 10500 10459 9620 10457 10503 9620 10503 9654 10503 10457 10502 9622 9656 10502 9622 10502 10457 9656 10504 10502 10462 10502 10460 10504 10460 10502 10504 10464 10460 10504 10506 10464 10505 9658 9657 10505 9657 9624 10505 9624 10507 10507 9624 10466 10468 10467 10508 10508 9661 10509 10508 10469 9661 10508 10467 10469 9660 9661 10469 10470 9660 10469 9663 9660 10470 10471 9663 10470 10471 9665 9663 10510 10511 10512 9665 10471 9628 10511 10510 10514 10473 10475 10513 10516 10473 10513 10516 10476 10473 9667 10515 9668 9667 10517 10515 9667 9669 10517 10516 10518 10476 10518 10478 10476 9669 10519 10517 9669 9671 10519 10518 10520 10478 10520 10480 10478 10483 10480 10520 9633 10482 9672 10519 9671 9673 10482 9636 9672 10521 10486 10522 10521 9676 10486 9676 9638 10486 10487 9678 9679 10488 10487 9679 10488 9679 10521 10488 10521 10522 9678 10523 9680 10487 10523 9678 10487 10524 10523 10487 10490 10524 10493 10523 10524 10493 9683 10523 10493 10491 9683 9682 9683 10491 10526 10527 10525 10526 10525 10529 10529 10525 10528 9682 10491 10494 9682 10494 9685 10494 9686 9685 10494 10530 9686 10494 10496 10530 10531 10530 10496 10529 10528 10532 10535 9648 10498 10535 9687 9648 10535 10534 9687 10533 9687 10534 10536 9689 9688 9652 9687 10533 9652 10533 10499 10499 10533 10537 10501 10538 10539 10501 10499 10538 10499 10537 10538 10503 9692 9654 10503 10540 9692 10541 10539 10538 9694 9693 10542 9656 9692 10504 9692 10543 10504 9692 10540 10543 10543 10506 10504 10542 9693 10505 10542 10505 10544 10505 9693 9658 10507 10545 10544 10505 10507 10544 10548 10547 10546 10509 9661 10546 10509 10546 10547 9661 9698 10546 10550 10546 10549 9698 10549 10546 10551 9698 9699 10551 10552 9698 10552 10549 9698 10552 10551 10554 10512 10553 10510 10510 10553 10514 10555 9668 10515 9702 9668 10555 10557 10558 10556 10517 9704 10555 10517 10555 10515 10555 9704 9705 10557 10556 10560 10560 10556 10559 9704 10517 10519 9704 10519 9706 10560 10559 10562 9706 10519 9673 10561 9708 9707 9707 9709 10561 10521 9710 9676 10521 9679 9710 10523 9713 9680 10527 10563 10525 10523 9683 9713 10525 10564 10528 10563 10564 10525 10528 10564 10532 9686 10530 9715 9688 9716 10566 9688 10566 10536 9716 10565 10566 10534 10566 10533 10565 10533 10566 10533 10565 10537 10537 10565 10567 9720 10568 9721 10569 10538 10570 10538 10567 10570 10538 10537 10567 10538 10569 10541 10568 9720 9723 10572 10573 10571 10574 10572 10571 10574 10575 10572 10542 9724 9694 10575 10574 10577 9724 10542 9726 10542 10576 9726 10542 10544 10576 10545 10578 9728 10545 9728 10576 10545 10576 10544 10576 9728 9729 10548 10546 10579 10548 10579 9728 10548 9728 10578 9731 9728 10579 10550 10581 10580 10550 10580 10546 10546 10580 10579 10582 10580 9699 10582 9699 9734 10580 10581 9699 10551 9699 10583 10581 10583 9699 10551 10583 10554 10582 9734 9735 10585 10586 10584 10585 10584 10587 10588 9702 10555 10588 10589 9702 10589 9738 9702 10556 10558 10590 10555 9705 10588 9705 10591 10588 9705 9740 10591 10593 10556 10590 10593 10559 10556 9741 10592 9742 10562 10559 10593 9708 10561 9743 10592 9741 9744 9746 10594 10595 9746 9745 10594 9709 9743 10561 10596 9745 9747 10596 10597 9745 10597 10594 9745 10597 10596 10598 9749 10599 10600 9748 10599 9749 10602 9750 10601 10602 10599 9750 10599 9748 9750 10601 10603 10604 10601 9750 10603 9750 9751 10603 10607 10606 10605 9753 10607 10605 9753 10605 10565 9753 10565 9716 10605 10608 9755 10605 9755 10567 10605 10567 10565 9754 10567 9755 10568 10609 9754 10568 9754 9721 10609 10610 9754 10567 9754 10570 10610 10570 9754 10568 9758 10609 10568 9723 9758 10571 10573 10611 10613 10571 10611 10613 10574 10571 9760 10612 9761 9760 10615 10612 9760 10614 10615 9760 9726 10614 10576 10614 9726 10574 10613 10577 10576 10616 10614 10576 9729 10616 9729 9764 10616 10618 10619 10617 10579 9766 9731 10618 10617 10621 9766 10579 9767 10579 10620 9767 10579 10580 10620 10580 10582 10620 10582 10622 10620 10586 10623 9770 10586 9770 10584 10623 10622 9770 9735 9770 10582 10622 10582 9770 10587 10584 9770 10587 9770 10624 10624 9770 9771 10624 9771 10625 10624 10625 10627 9771 9738 10625 10626 10625 10589 9738 10589 10625 10626 10628 10625 10626 9740 10628 10626 10591 9740 9740 9773 10628 9773 9775 10628 9774 9742 10592 10631 10629 10630 10630 10629 10633 9774 10592 9744 10632 9778 9777 9780 10595 10634 9780 9746 10595 9777 9781 10632 9783 9782 10635 9747 9780 10596 9780 10636 10596 9780 10634 10636 10596 10636 10598 10635 9782 9785 10638 10639 10637 10641 10638 10637 10640 9788 9787 10640 9787 9790 10643 10642 9749 10643 9749 10600 9749 10642 9789 10602 10601 10644 10642 9792 9789 10601 10604 10644 9795 10645 9794 10606 10607 9798 10606 9798 10646 10646 9798 9797 10646 9797 9755 10608 10646 9755 10610 10609 10647 10609 9758 9801 10609 9801 10647 10647 9801 10648 9801 10649 10648 9801 9803 10649 9802 9761 10612 10615 9802 10612 10615 10650 9802 10650 9804 9802 9764 10650 10616 9764 9804 10650 9806 9805 10651 9808 10651 9805 9808 10652 10651 10653 10617 10619 10621 10617 10653 9767 10620 9810 10652 9808 9811 10654 10620 10622 10654 9813 10620 10654 10655 9813 9813 9810 10620 10656 9814 10622 10656 10622 10623 9814 9815 10622 10654 10622 10657 9815 10657 10622 10656 10658 9814 9814 10658 9817 10625 10658 10627 10625 9818 10658 9818 9817 10658 10628 9818 10625 9819 9818 10628 10628 9775 9819 10629 10631 9820 10631 9821 9820 10631 10659 9821 10632 9822 9778 10633 10629 9823 10633 9823 10660 9823 10629 9820 10632 9781 9822 10662 10663 10661 10635 9826 9783 10664 9829 9828 10662 10661 10666 10635 9785 9826 10637 10639 10665 10637 10665 10641 10640 9830 9788 10664 9828 9831 10668 10669 10667 10670 9833 9832 10668 10667 10672 10640 9790 9830 10642 10643 10671 10670 9832 9792 10670 9792 10673 10642 10671 9792 10671 10673 9792 10674 10645 9795 10674 9795 10675 10675 9795 9835 9837 10676 9836 10679 10678 10677 10678 10680 10677 10649 9803 9841 10681 10649 9841 10682 9841 9843 10682 10683 9841 10683 10681 9841 10683 10682 10684 9806 10651 9845 10652 9845 10651 9846 9845 10652 10652 9811 9846 10686 10687 10685 10686 10685 10688 10686 10688 9813 10686 9813 10655 9813 10688 9849 10690 10657 9815 10690 9815 10688 10690 10688 10689 9849 10688 9815 10692 10690 10689 10691 9852 9851 10691 10693 10694 10691 9851 10693 9851 9854 10693 10693 9854 10695 9854 9856 10695 10695 9856 10696 10695 10696 10698 9856 9821 10696 10697 10696 10659 9821 10659 10696 10697 9858 10696 10697 10660 9858 10660 9823 9858 9861 10699 10700 9860 10699 9861 10661 10663 10699 10661 10699 9863 9863 10699 9860 10661 10702 10666 10661 10701 10702 10661 9863 10701 9865 10701 9863 9829 10664 9864 10703 9867 9866 10702 10701 10705 10664 9831 9864 10667 10669 10704 9866 10707 10703 9866 10706 10707 9866 9833 10706 10670 10706 9833 10667 10704 10672 10670 10673 10706 9869 10708 9868 10710 10675 9835 10710 9835 10708 10710 10708 10709 9868 10708 9835 10714 10713 10711 10712 9872 9873 10713 10716 10711 9877 10715 9876 9880 9876 10715 9880 10715 10718 10718 10715 10717 10717 10721 10718 10717 10720 10721 10719 9883 9882 10719 9882 9886 10719 9886 10722 10722 9886 10723 10725 9889 10724 10724 9889 9887 9892 10726 10727 9891 10726 9892 10726 9891 10728 10726 10728 10730 9891 9894 10728 10729 10728 10731 9894 10731 10728 10729 10733 10732 10728 10729 10732 10734 10736 10733 10734 10733 10735 10736 9898 10733 10732 10733 9897 9898 9897 10733 10739 9900 9901 10739 10737 9900 10736 10734 10740 10734 10738 10740 9903 10739 9905 9903 10741 10739 10741 10737 10739 9906 10741 9903 9906 10743 10741 10743 10742 10741 10743 9909 10742 10742 9909 9907 10746 10747 10745 10746 10745 10744 9911 10746 10744 9911 10744 10748 9911 10748 9910 10749 10748 10744 9910 10748 10751 9910 10751 9914 10748 10750 10751 9912 10751 9913 10750 9913 10751 10752 10754 10751 10752 10751 9915 10752 9915 10753 9915 10751 9912 10756 10754 10752 10756 10757 10754 9916 10755 9917 10756 10759 9920 10756 9920 10757 10759 10758 9920 9916 9920 10755 10758 10755 9920 10758 10759 10760 10758 10760 9924 10758 9924 9922 10761 9924 10760 10761 9925 9927 10761 10760 9925 10760 10762 9925 10765 10763 10764 10762 10767 9929 10762 9929 9925 9929 10767 10766 10768 9931 9930 10764 10763 10770 10766 9932 9929 10771 10772 10769 10774 10773 9934 10775 10774 9934 10775 9934 9872 10775 9872 10712 9934 10715 9877 9934 10777 10715 9934 10773 10777 10778 10777 10773 9936 9935 10776 10715 10779 10717 10715 10777 10779 10776 9935 9937 10717 10779 10720 9883 10719 9938 10722 9938 10719 10722 10780 9938 10780 9940 9938 10780 9887 9940 10780 10724 9887 10782 10783 10781 10782 10781 9943 10782 9943 10727 10727 9943 9892 10728 9945 9946 10728 9946 10730 10730 9946 10784 9945 10785 9947 9945 10728 10785 10728 10732 10785 10735 10787 10734 10732 9897 10786 10732 10786 10785 10786 9897 9948 10787 10738 10734 10786 9948 10737 10786 10737 10788 10737 9948 9900 9951 10741 9950 9951 10788 10741 10788 10737 10741 9950 10789 9952 9950 10741 10789 10741 10742 10789 10745 10790 9953 10745 9953 10744 10790 10789 9953 9907 9953 10742 10789 10742 9953 10749 10744 9953 10749 9953 10791 10791 9953 9955 10791 9955 10792 10791 10792 10794 9955 9913 10792 10793 10792 10750 9913 10750 10792 10793 10795 10792 10793 9915 10795 10793 10753 9915 9915 9957 10795 9917 10795 9957 9917 10755 10795 10755 10796 10795 10755 10758 10796 10758 10797 10796 9922 10797 10758 9922 10798 10797 9922 9958 10798 10799 10797 10798 10801 9960 10800 10801 10798 9960 10798 9958 9960 10800 10765 10802 10800 9962 10765 10800 9960 9962 9962 10763 10765 9931 10768 10803 9931 10803 9962 10770 10763 10803 10763 9962 10803 10805 9964 9963 10805 10806 9964 10774 10804 10773 10773 10804 10778 9936 10776 10808 9936 10808 9965 10808 10776 10807 10810 9967 10809 10807 9967 10810 10807 9937 9967 10807 10776 9937 9969 10809 9967 10811 10809 9969 9969 9971 10811 10781 10783 10813 9972 10812 9973 10812 9972 9976 10781 10813 9943 10813 9975 9943 10813 10814 9975 10814 9946 9975 10814 10784 9946 10816 10817 10815 10815 10818 10816 10815 9947 10818 10815 9978 9947 10785 10818 9947 10820 10818 10785 10820 10785 10819 10819 10785 10786 10821 10822 10819 10821 10819 10788 10788 10819 10786 10824 9981 10823 10821 9981 10824 10821 9951 9981 10821 10788 9951 9952 10789 9982 9981 9983 10823 9982 10825 9984 10789 10825 9982 10789 10826 10825 10789 10790 10826 9987 10825 10826 9987 10826 9986 9986 10826 10827 10829 9989 10792 10829 10792 10828 9989 9986 10792 10794 10792 10827 9986 10827 10792 10792 10795 10830 10828 10792 10830 10832 10830 10795 10832 10795 10831 10831 10795 10796 10796 10797 10831 10797 10833 10831 10833 10797 9993 10833 9993 9994 10797 10799 9993 10834 9993 10835 10799 10835 9993 10837 10801 9993 10837 9993 10834 10801 10800 9993 9995 9993 10836 10800 10836 9993 10802 10838 9997 10802 9997 10836 10802 10836 10800 10836 9997 9998 9997 10838 10839 10000 9997 10839 10805 9963 10840 10840 9963 10001 10841 10808 10842 10841 10003 10808 10003 9965 10808 10842 10810 10809 10842 10809 10841 10841 10809 10843 10005 10811 10004 10005 10843 10811 10843 10809 10811 10004 10811 9971 10008 10007 10844 10844 10845 10846 10007 10845 10844 10007 10812 10845 10007 9973 10812 10812 9976 10010 10812 10010 10848 10812 10848 10845 10848 10010 10847 10817 10850 10815 10851 10848 10847 10012 10849 10013 10849 10012 10016 10815 10850 9978 10850 10015 9978 10850 10852 10015 10855 10853 10854 10852 10820 10017 10852 10017 10015 10017 10820 10819 10819 10018 10017 10819 10856 10018 10819 10822 10856 10857 10856 10822 10854 10853 10858 10859 10860 10856 10859 10856 10823 10857 10824 10856 10824 10823 10856 10862 10020 10861 10859 10020 10862 10859 9983 10020 10859 10823 9983 9984 10825 10021 10020 10022 10861 10825 9987 10021 10864 10865 10863 10864 10863 10024 10864 10024 10829 10829 10024 9989 10025 10026 10866 10866 10867 10832 10866 10832 10028 10866 10028 10025 10028 10832 10831 10028 10868 10030 10028 10831 10868 10831 10833 10868 10833 9994 10868 10868 9994 10031 10834 10835 10870 10834 10870 10869 10837 10869 10871 10837 10834 10869 9995 10836 10033 10836 9998 10033 10872 10839 10873 10872 10035 10839 10035 10000 10839 10877 10001 10037 10877 10840 10001 10875 10876 10874 10878 10875 10874 10878 10879 10875 10841 10039 10003 10039 10843 10040 10039 10841 10843 10879 10878 10880 10843 10005 10040 10882 10883 10881 10882 10881 10884 10008 10844 10043 10043 10885 10044 10844 10885 10043 10844 10886 10885 10844 10846 10886 10886 10887 10885 10010 10046 10847 10847 10889 10851 10847 10888 10889 10847 10046 10888 10049 10888 10046 10013 10849 10048 10889 10888 10891 10048 10849 10016 10890 10051 10050 10053 10890 10050 10053 10892 10890 10893 10853 10855 10858 10853 10893 10018 10856 10055 10892 10053 10056 10055 10856 10860 10055 10860 10058 10058 10860 10894 10862 10861 10895 10861 10022 10059 10861 10059 10895 10895 10059 10896 10865 10898 10863 10899 10896 10897 10896 10060 10897 10896 10059 10060 10898 10024 10863 10898 10062 10024 10898 10901 10062 10900 10062 10901 10897 10060 10063 10026 10062 10900 10026 10900 10866 10866 10900 10902 10902 10867 10866 10902 10904 10867 10903 10065 10064 10064 10068 10903 10067 10030 10868 10907 10905 10906 10067 10868 10031 10906 10905 10909 10869 10870 10908 10910 10070 10069 10910 10911 10070 10908 10871 10869 10069 10912 10910 10071 10912 10069 10913 10035 10872 10073 10035 10913 10874 10075 10074 10874 10876 10075 10876 10914 10075 10074 10076 10915 10074 10915 10874 10874 10915 10878 10880 10916 10917 10880 10878 10916 10878 10915 10916 10883 10919 10881 10920 10917 10916 10079 10918 10080 10881 10919 10884 10918 10079 10082 10922 10923 10921 10922 10921 10924 10044 10885 10083 10083 10885 10887 10083 10887 10084 10084 10887 10925 10926 10888 10049 10926 10049 10927 10927 10049 10085 10888 10926 10891 10051 10890 10929 10051 10929 10086 10929 10890 10928 10890 10892 10930 10928 10890 10930 10932 10088 10931 10930 10088 10932 10930 10056 10088 10930 10892 10056 10931 10088 10058 10931 10058 10933 10933 10058 10894 10091 10935 10934 10090 10091 10934 10937 10936 10093 10937 10093 10934 10934 10093 10090 10094 10093 10899 10094 10899 10897 10093 10936 10899 10939 10899 10938 10936 10938 10899 10094 10897 10063 10939 10938 10901 10938 10900 10901 10938 10940 10900 10900 10940 10902 10902 10940 10941 10065 10903 10097 10904 10902 10943 10902 10942 10943 10902 10941 10942 10097 10903 10068 10943 10942 10907 10942 10905 10907 10942 10944 10905 10909 10945 10946 10909 10905 10945 10905 10944 10945 10911 10098 10070 10911 10947 10098 10948 10946 10945 10950 10100 10949 10950 10101 10100 10912 10071 10947 10071 10098 10947 10100 10951 10949 10100 10104 10951 10103 10073 10913 10075 10914 10952 10075 10952 10105 10914 10953 10952 10106 10952 10107 10953 10107 10952 10105 10915 10076 10105 10955 10915 10105 10952 10955 10956 10955 10952 10111 10110 10954 10110 10957 10954 10110 10112 10957 10955 10958 10915 10958 10916 10915 10920 10916 10958 10080 10918 10113 10957 10112 10114 10921 10960 10959 10921 10923 10960 10918 10082 10113 10924 10959 10961 10921 10959 10924 10117 10963 10962 10117 10084 10963 10084 10925 10963 10119 10964 10962 10119 10962 10120 10964 10927 10962 10117 10962 10085 10927 10085 10962 10086 10929 10965 10086 10965 10121 10929 10964 10965 10122 10965 10119 10964 10119 10965 10121 10965 10124 10932 10931 10966 10967 10126 10931 10967 10931 10933 10126 10127 10931 10966 10931 10968 10127 10968 10931 10091 10967 10935 10091 10126 10967 10129 10128 10969 10971 10936 10937 10971 10970 10936 10131 10969 10128 10972 10970 10973 10972 10938 10970 10938 10936 10970 10975 10938 10972 10975 10940 10938 10134 10974 10135 10940 10976 10941 10940 10975 10976 10974 10134 10137 10941 10977 10942 10976 10977 10941 10979 10942 10977 10979 10944 10942 10139 10978 10140 10139 10141 10978 10944 10979 10980 10944 10980 10945 10980 10979 10981 10948 10980 10982 10945 10980 10948 10143 10984 10983 10143 10101 10984 10101 10950 10984 10985 10146 10145 10983 10986 10143 10986 10104 10143 10986 10951 10104 10106 10987 10952 10106 10147 10987 10147 10988 10987 10987 10956 10952 10990 10991 10989 10111 10954 10148 10990 10989 10993 10148 10954 10150 10954 10992 10150 10954 10957 10992 10957 10151 10992 10114 10151 10957 10995 10959 10960 10994 10959 10995 10994 10961 10959 10994 10997 10961 10996 10153 10152 10963 10998 10962 10996 10152 10154 10962 10998 10999 10962 10999 10120 10120 10999 10156 10157 11000 11002 10157 11002 10122 11001 10965 11002 10965 10122 11002 11001 10124 10965 11001 10158 10124 11001 11004 10158 11003 10158 11004 11000 10157 10159 10158 11003 10160 10968 10127 10161 11005 10968 10161 10129 10969 11006 10129 11006 10161 10161 11006 11005 11006 11007 11009 11006 10163 11007 11006 10969 10163 10131 10163 10969 10971 11008 10970 11007 10165 11010 11007 10163 10165 10970 11008 10973 10165 10168 11010 10167 10135 10974 11013 11011 11012 10974 10137 10167 11012 11011 10170 11012 10170 11014 10170 11011 10171 11014 10170 11015 10170 10172 11015 10140 10978 10174 10172 10175 11017 10172 11017 11015 11017 10175 11016 10174 10978 10141 11017 11016 11019 10980 10981 11018 10982 10980 11018 11021 11022 11020 10984 11024 10983 11025 11021 11020 10177 11023 10178 10986 10983 11024 10146 10985 10179 11023 10177 10180 11027 10183 11026 10183 10182 11026 10989 10991 11026 10989 11026 10185 10185 11026 10182 10989 11029 10993 10989 11028 11029 10989 10185 11028 10187 11028 10185 10150 10992 10186 11029 11030 11031 11029 11028 11030 10186 10992 10151 11031 10994 10995 11031 11030 10994 11030 11032 10994 10994 11032 11033 10994 11033 10997 11032 10191 11033 10996 11033 10153 10191 10153 11033 11035 10192 11034 11033 10192 11035 11033 10154 10192 11033 10996 10154 11034 10192 10156 11034 10156 11036 11036 10156 10999 11002 11000 11037 11003 11004 11038 11000 10159 11037 10159 11039 11037 10159 10195 11039 11041 11040 10197 11038 11041 10197 11038 10197 10160 11038 10160 11003 11040 11043 11042 11040 11042 10197 10197 11042 10199 11042 11044 10199 10199 11044 10201 11047 11045 11046 11044 11009 10202 11044 10202 10201 10202 11009 11007 11007 11010 10204 11007 10204 10202 11010 11048 10204 11045 10204 11046 11048 11046 10204 11011 11013 11049 11010 10168 11048 10168 11050 11048 10168 10205 11050 11052 11051 10207 11049 11052 10207 11049 10207 10171 11049 10171 11011 10207 11051 10209 11016 10175 10210 11019 11016 10210 11019 10210 11053 11053 10210 10212 11022 11055 11020 11056 11053 11054 11053 10213 11054 11053 10212 10213 11020 11055 11025 11023 10214 10178 11054 10213 10215 11058 11059 11057 11023 10180 10214 11058 11057 10217 11058 10217 11060 10217 11057 10218 11062 11061 11063 11066 11065 11064 11064 11065 11067 11064 11067 10187 11064 10187 10219 11028 10187 11067 11069 11028 11067 11069 11068 11028 11068 11030 11028 11030 11068 11032 11032 11068 11070 10191 11032 11070 10191 11070 11071 10191 11071 10220 11072 11071 11070 11074 10222 11034 11074 11034 11073 10222 10220 11034 11035 11034 11071 10220 11071 11034 11077 11073 11034 11077 11034 11075 11036 11076 11034 11076 11075 11034 11076 11079 11078 11075 11076 11078 11079 11080 11078 11079 10195 11080 11079 11039 10195 10195 10224 11080 11082 11040 11041 11082 11081 11040 10225 11080 10224 11043 11083 11084 11043 11040 11083 11040 11081 11083 10229 11084 11083 10229 10228 11084 10228 11085 11084 11047 11086 11045 11047 10228 11086 11047 11085 10228 10230 11086 10228 11045 11086 10231 10204 11045 10231 11087 11088 11050 11087 11050 10232 10232 11050 10205 11088 11087 11090 11052 11089 11051 11051 10235 10209 11051 11089 10235 11089 11091 10235 11092 10237 10235 11092 10235 11093 11093 10235 11091 11093 11095 11094 11092 11093 11094 11095 11056 11054 11095 11054 11094 11094 11054 11096 11059 11098 11057 11054 10215 11097 11054 11097 11096 11097 10215 10240 11098 11100 10218 11098 10218 11057 11100 11099 10218 10240 10218 11097 11099 11097 10218 11063 10242 10243 11063 11101 10242 11063 11061 11101 11102 11101 11061 11104 11105 11103 11102 11066 11064 11102 11064 11101 11101 11064 11106 10245 11064 10219 10245 11106 11064 11109 11107 11108 11108 11068 11069 11108 11107 11068 11107 11110 11068 11068 11110 11070 11070 11110 11111 11072 11112 11113 11072 11070 11112 11070 11111 11112 11113 11112 10247 11113 10247 11074 11074 10247 10222 11075 10248 10249 11075 10249 11077 11077 10249 11114 10248 11115 10250 10248 11075 11115 11075 11078 11115 11078 11080 11115 11080 11116 11115 11080 10225 11116 11116 10225 10253 11081 11082 11118 11081 11118 11117 11081 11117 11083 11083 11117 11119 11083 11119 10256 10229 11083 10256 11086 10230 10257 10259 10231 11086 10259 11086 11120 10257 10260 11086 10260 11120 11086 11120 11122 11121 10259 11120 11121 10259 11121 11087 10259 11087 10232 11087 11121 11090 10263 11123 10264 10263 10267 11123 10266 10237 11092 11126 11124 11125 11125 11124 11128 11128 11124 11127 10266 11092 11094 10266 11094 10269 11094 11096 10270 11094 10270 10269 11096 11129 10270 11127 10270 11128 11129 11128 10270 11131 11129 10272 11131 10272 11130 11129 11096 10272 10271 10272 11097 11096 11097 10272 10271 11099 10273 10271 11097 11099 11131 11130 11132 10275 11134 11136 10275 11133 11134 10275 10242 11133 11101 11133 10242 11105 11135 11103 11101 11106 11137 11133 11101 11137 11137 11138 11140 11137 10278 11138 11137 11106 10278 10245 10278 11106 11109 11139 11107 10278 10280 11141 10278 11141 11138 10280 11110 11141 11139 11141 11107 11110 11107 11141 11111 11110 11144 11111 11144 11143 11110 10280 11144 11142 11144 10282 10280 10282 11144 11111 11145 11112 11111 11143 11145 11142 10282 10284 11112 10286 10247 11112 11147 10286 11112 11145 11147 11147 11146 10286 11114 10249 11146 11114 11146 11147 10249 10287 11146 11149 11146 11148 10287 11148 11146 10250 11148 10287 10250 11150 11148 10250 11115 11150 11150 11151 11148 11152 11153 11150 11152 11150 11116 11116 11150 11115 11152 11154 11156 11152 10288 11154 11152 11116 10288 10253 10288 11116 11118 11155 11117 11117 11157 11119 11117 11155 11157 11154 10288 10289 11119 10290 10256 11119 11159 10290 11119 11157 11159 11159 11158 10290 10293 11158 11159 10293 11159 10292 10292 11159 11160 10260 10292 11160 10260 11160 11161 10260 11161 11120 11161 11160 11162 11161 11122 11120 11161 11164 11122 11163 10297 10296 10298 11163 10296 11165 11163 10298 10298 10300 11165 10299 10264 11123 11168 11166 11167 11126 10301 11124 11126 10302 10301 11126 11167 10302 11166 10302 11167 11123 10267 10299 11127 11124 11171 11127 11171 11170 11124 10301 11171 11169 11171 10303 10301 10303 11171 11169 10303 10270 11169 10270 11172 11127 11170 10270 11170 11172 10270 10304 11173 11175 10304 11175 10272 11174 11130 11175 11130 10272 11175 11132 11130 11174 11176 11177 10304 11176 10304 10305 10304 11177 11173 11134 10308 11136 11134 11178 10308 11178 10307 10308 11178 11179 10307 10307 11179 10311 11140 11138 11180 11140 11180 10311 11140 10311 11179 10313 10311 11180 11141 11182 11181 11141 11181 11138 11138 11181 11180 11183 11184 11181 11183 11181 11142 11182 11144 11181 11144 11142 11181 11142 10284 10316 11142 10316 11186 11142 11186 11183 11186 10316 11185 11186 11185 11187 10286 11146 10318 10318 11146 11149 10318 11149 10319 10319 11149 11188 11151 11150 11189 11192 11189 11150 11192 11150 11190 11153 11191 11150 11191 11190 11150 11191 11156 11154 11191 11154 11190 11190 11154 11193 11154 10321 11193 10289 10321 11154 11194 10290 11158 10323 10290 11194 10325 11158 10293 10325 11195 11158 11195 11194 11158 11195 11162 11196 11195 10326 11162 11195 10325 10326 10326 11161 11162 10297 11163 11197 10297 11197 10326 11164 11161 11197 11161 10326 11197 11197 10329 11198 11197 11165 10329 11197 11163 11165 10328 10329 11165 11166 11200 11199 11166 11168 11200 11165 10300 10328 10332 10302 11166 10332 11166 11201 11201 11166 11199 11171 11169 11202 11201 10334 10332 11205 11202 11169 11205 11169 11203 11172 11204 11169 11204 11203 11169 11173 10336 10337 11175 11173 10337 11175 10337 11203 11175 11203 11204 11173 10339 10336 11173 11207 10339 11173 11177 11207 11206 10339 11207 10341 11209 10342 11208 11209 10341 10345 11208 10341 11210 11208 10345 10313 11180 10346 10345 10347 11210 11211 11180 11181 11211 10348 11180 11211 11212 10348 10348 10346 11180 11215 11211 11181 11215 11181 11213 11184 11214 11181 11214 11213 11181 11216 11213 10316 11216 10316 10350 11213 11214 10316 11185 10316 11217 11214 11217 10316 11216 10351 11218 11216 10350 10351 11185 11217 11187 11218 10351 10319 11218 10319 11219 11219 10319 11188 11222 11221 11220 11190 10353 10354 11192 11190 10354 11192 10354 11220 11192 11220 11221 11193 10353 11190 11193 10356 10353 11223 11224 11225 11193 10321 10356 11224 11223 11226 11227 10323 11194 11227 11228 10323 11228 10357 10323 11230 11227 10359 11230 10359 11229 11227 11194 10359 10358 10359 11195 11194 11195 10359 11195 10360 10358 11195 11231 10360 11195 11196 11231 11232 11231 11196 11230 11229 11233 11232 11235 11234 11231 11232 11234 11235 11236 11234 11235 10329 11236 11235 11198 10329 10329 10362 11236 11238 11199 11200 11238 11237 11199 10364 11236 10362 11239 11237 11240 11239 11201 11237 11201 11199 11237 11201 10366 10334 11201 11242 10366 11201 11239 11242 11242 11241 10366 11203 10367 10368 11205 11203 10368 11205 10368 11241 11205 11241 11242 11203 10337 10367 11244 11245 11243 11244 11206 11207 11244 11243 11206 11243 11246 11206 10372 11247 10371 10372 11209 11247 11209 11208 11247 11248 11249 11247 11248 11247 11210 11210 11247 11208 11210 10347 10375 11210 10375 11248 11248 10375 11250 10348 11212 11251 10348 11251 10377 11212 11250 11251 10378 11251 10375 11250 10375 11251 11253 11215 10377 11253 10377 11251 11215 11213 10377 10380 10377 11252 11213 11252 10377 10383 11216 10382 10383 11252 11216 11252 11213 11216 11254 11216 11218 11254 10385 11216 11254 11255 10385 10385 10382 11216 11218 11219 11254 10388 11256 10387 10390 10387 11222 10390 11222 11220 10387 11256 11222 11258 11222 11257 11256 11257 11222 11258 11257 11260 10390 11220 10354 11259 10393 10392 10395 11259 10392 10395 11261 11259 11262 11223 11225 11262 11226 11223 11261 10395 10397 10399 11264 11263 10399 10357 11264 10357 11228 11264 10402 10401 11229 10402 11229 11263 10359 10399 11229 10399 11263 11229 11229 11266 11233 11229 11265 11266 11229 10401 11265 10405 11265 10401 10360 11231 10404 10404 11234 10407 10404 11231 11234 11266 11265 11267 11236 10407 11234 11236 10409 10407 11268 11269 11270 11271 10411 10410 11269 11268 11273 11236 10364 10409 11237 11238 11272 11272 11240 11237 11271 10410 10413 11274 10366 11241 11274 11275 10366 11275 10415 10366 11241 11276 11274 11241 10368 11276 10368 10417 11276 11278 11243 11245 11277 11243 11278 11243 11277 11246 11246 11277 11279 11247 10419 10371 11247 10420 10419 11247 11281 10420 11247 11249 11281 11280 10420 11281 11280 11283 11282 11280 11282 10420 10420 11282 10422 10424 10423 11284 10378 10422 11251 10422 11285 11251 10422 11282 11285 11253 11251 11285 10380 11252 10426 11284 10423 10427 10430 11286 11287 10430 10429 11286 10383 10426 11252 11255 11288 10385 10385 11288 10431 11289 11286 10429 11289 10429 10432 10388 10431 11288 10388 11288 11290 10388 11290 11256 11290 11288 11291 11292 11290 11293 11292 11257 11290 11257 11256 11290 11257 11292 11260 10393 11259 10434 11294 11259 11261 11294 10435 11259 11294 11295 10435 10435 10434 11259 11261 10397 10436 11261 10436 11297 11261 11297 11294 11297 10436 11296 11297 11263 11264 11297 11296 11263 11296 11298 11263 10439 10402 11263 10439 11263 11299 11299 11263 11298 10405 10439 11299 10405 11299 11265 11265 11299 11300 11267 11300 11301 11265 11300 11267 11268 10442 10441 11268 11270 10442 11270 11302 10442 11268 11304 11273 11268 11303 11304 11268 10441 11303 10445 11303 10441 10411 11271 10444 11271 10413 10444 11304 11303 11305 11275 10446 10415 11306 10446 11275 11308 10448 11307 11308 10449 10448 11276 10417 11306 10417 10446 11306 11310 10448 10450 11310 11307 10448 11278 11309 11277 11277 11311 11279 11309 11311 11277 11313 11314 11315 11312 10452 10451 10454 11312 10451 10454 11316 11312 11317 11280 11281 11316 10456 11318 11316 10454 10456 11280 11317 11283 10456 10459 11318 10458 10424 11284 11321 11319 11320 11320 11319 11323 10458 11284 10427 11322 10462 10461 11322 10461 10464 11325 11324 10430 11325 10430 11287 10430 11324 10463 10465 11326 11324 10465 11324 10466 11326 11289 11324 10463 11324 10432 11289 10432 11324 11328 10465 10468 11328 11326 10465 11291 11327 11290 11290 11327 11293 11295 10472 10435 11329 10472 11295 10472 11329 11296 10472 11296 10436 11329 11330 11296 10474 11296 10475 11330 10475 11296 11298 11296 11333 11298 11333 11332 11296 10474 11333 11331 11333 10477 10474 10477 11333 10477 11334 11331 10477 10479 11334 11332 11335 11298 11335 11299 11298 10479 11336 11334 10479 10481 11336 11335 11337 11299 11337 11300 11299 11337 11301 11300 11336 10481 10483 10484 11339 11338 10484 10442 11339 10442 11302 11339 10484 11303 10445 10484 11341 11303 10484 11338 11341 11342 11341 11338 10486 10485 11340 11341 11305 11303 11340 10485 10488 10490 11343 11344 10489 11343 10490 10449 11308 11345 10449 11345 10492 11308 11343 11345 10493 11345 10489 11343 10489 11345 11347 11310 10450 11347 10450 11345 11347 11345 11346 10492 11345 10450 10496 11347 11346 10496 10495 11347 10495 11348 11347 11350 11313 11315 11351 10497 11312 11351 11312 11349 11312 10497 10452 11352 11353 11349 11352 11349 11316 11316 11349 11312 11355 11352 10501 11355 10501 11354 11352 11316 10501 10500 10501 11318 11316 11318 10501 11321 10502 11319 11321 10503 10502 11321 11355 10503 11354 10503 11355 11318 10459 10500 11322 11356 10502 11322 10502 10462 11356 11357 10502 11319 10502 11323 11357 11323 10502 11322 10464 11356 11356 10464 10506 11324 11325 11359 11324 11359 11358 11324 11358 10507 10466 11324 10507 11328 10468 10508 11360 11328 10508 10508 11361 11360 10509 11361 10508 11364 11362 11363 11366 11363 11362 11365 10512 10511 10513 11330 11367 10513 10475 11330 10511 10514 11365 11331 11367 11333 11331 10516 11367 10516 10513 11367 11334 10516 11331 10518 10516 11334 11336 10518 11334 11336 10520 10518 11368 11369 11370 11336 10483 10520 11369 11368 11371 11339 11372 11338 11338 11372 11342 10486 11340 10522 11340 10488 10522 10524 11374 11373 10524 10490 11374 10490 11344 11374 10524 11345 10493 10524 11376 11345 10524 11373 11376 11377 11376 11373 10527 10526 11375 10526 11378 11375 10526 10529 11378 11376 11379 11345 11379 11346 11345 11378 10529 10532 11346 11379 10496 11379 10531 10496 11379 11380 10531 11351 11349 10534 11351 10534 10535 11349 11381 10534 11383 10534 11382 11381 11382 10534 11349 11353 11381 10539 11384 11386 10539 11386 10501 11385 11354 11386 11354 10501 11386 11384 10539 10541 11354 11385 10503 11385 10540 10503 11385 11387 10540 11390 11388 11389 11387 11357 10543 11387 10543 10540 10543 11357 11356 10543 11356 10506 11389 11388 11392 11358 11359 11391 11358 10545 10507 11358 11394 10545 11358 11391 11394 11394 11393 10545 10548 11393 11394 10548 11394 10547 10547 11394 11395 10509 11395 11361 10509 10547 11395 10550 10549 11396 10552 11396 10549 10552 11397 11396 11398 11362 11364 11366 11362 11398 10512 11365 10553 11397 10552 10554 11365 10514 10553 11400 11401 11399 11400 11399 11402 10558 11403 11404 10557 11403 10558 11368 11370 11403 11368 11403 10560 10560 11403 10557 10560 10562 11405 11368 10560 11405 11368 11405 11406 11368 11406 11371 11406 11407 11408 11405 11407 11406 11408 11407 11409 11412 11410 11411 11411 11410 11414 11374 11413 11373 11413 11377 11373 11416 11417 11415 10527 11375 10563 11416 11415 11419 11419 11415 11418 10563 11375 11378 10563 11378 10564 11378 10532 10564 11419 11418 11420 11423 10566 10534 11423 10534 11421 11383 11422 10534 11422 11421 10534 11426 11425 11424 11384 10569 10570 11386 11384 10570 11386 10570 11424 11386 11424 11425 10573 11427 11428 10573 10572 11427 10541 10569 11384 11390 11430 11388 11431 11427 11429 11427 10575 11429 11427 10572 10575 11388 11430 11392 11429 10575 10577 11433 11434 11432 11435 11433 11432 11435 11436 11433 11393 10578 10545 11393 10548 10578 11436 11435 11437 11439 11440 11438 11396 10581 10550 10581 11397 10583 10581 11396 11397 11439 11438 11441 10586 11442 11443 10586 10585 11442 10554 10583 11397 11445 10585 10587 11445 11442 10585 11401 11444 11399 11446 10589 10588 11446 11447 10589 11444 11402 11399 11404 11448 10558 10558 11448 10590 11449 11446 10588 11449 10588 10591 11448 11450 10590 10590 11450 10593 10562 11451 11405 10562 10593 11451 10593 11450 11451 11451 11452 10595 11451 10595 11407 11451 11407 11405 10594 11407 10595 11409 11407 10594 11409 10594 11453 11453 10594 10597 11455 10597 10598 11455 11453 10597 11412 11454 11410 11410 11454 11414 11415 10600 10599 11415 11417 10600 11417 11456 10600 10599 10602 11457 10599 11457 11415 11415 11457 11418 11457 11420 11418 11457 11459 11420 11458 10604 10603 11421 11460 10605 11421 10605 11461 11421 11461 11423 11461 10605 10606 11426 11424 11462 11426 11462 10605 11426 10605 11460 10608 10605 11462 11424 10610 11462 10570 10610 11424 11428 10611 10573 11463 10611 11428 11466 11464 11465 11463 11431 10613 11463 10613 10611 10613 11431 11429 11434 10614 11432 11434 10615 10614 11434 11465 10615 11464 10615 11465 11429 10577 10613 11467 11435 11432 11467 11432 10616 11467 10616 11468 10616 11432 10614 11435 11467 11437 10619 10618 11469 11440 11470 11438 11469 10618 10621 11438 11470 11441 11443 11471 10586 11471 10623 10586 10624 11472 11473 10624 11473 10587 10587 11473 11445 10626 11447 11474 10626 10589 11447 10624 10627 11472 11474 10591 10626 11449 10591 11474 10630 11475 10631 11475 10630 10633 11478 11476 11477 11477 11476 11479 11477 11479 10595 11477 10595 11452 10595 11479 10634 11479 11481 11480 11479 11480 10634 10634 11480 10636 10598 11480 11455 10598 10636 11480 10639 10638 11482 10638 10641 11482 11456 11483 10600 11483 10643 10600 10644 11484 11486 10644 11486 10602 11485 11457 11486 11457 10602 11486 11485 11459 11457 11484 10644 11458 11484 11458 11487 11458 10644 10604 11461 10606 10646 11461 10646 11489 11489 10646 11488 10608 11462 11490 10608 11490 10646 10646 11490 11488 11492 10647 11491 11490 10647 11492 11490 10610 10647 11490 11462 10610 10648 11491 10647 11493 11491 10648 11466 11494 11464 11493 10648 10649 11464 10650 10615 11464 11494 10650 11494 11495 10650 11495 10616 10650 11495 11468 10616 11497 11498 11496 11497 11496 11499 10619 11469 10653 11469 10621 10653 10655 11500 11501 10654 11500 10655 11471 11502 10623 10623 11502 10656 11503 11500 10654 11503 10654 10657 11506 11504 11505 11502 11473 10658 11502 10658 10656 10658 11473 11472 11505 11507 11508 11505 11504 11507 10658 11472 10627 11508 11507 11509 11510 10631 11475 11510 11511 10631 11511 10659 10631 10633 10660 11510 10633 11510 11475 10660 11512 11510 11478 11510 11476 11512 11476 11510 11513 11512 11514 11513 11479 11512 11479 11476 11512 11479 11513 11481 10663 10662 11515 10662 10666 11515 10665 10639 11482 11518 11516 11517 11517 11516 11520 10665 11482 10641 11519 10669 10668 10671 11483 11521 10671 10643 11483 10668 10672 11519 11523 10673 11484 11523 11484 11522 10673 10671 11484 11486 11484 11521 10671 11521 11484 11522 10675 11524 11522 11487 10675 11522 11484 11487 10674 10675 11487 11527 11526 11525 11526 11529 11528 11525 11526 11528 11492 11528 11529 11492 10679 11528 11492 11491 10679 10678 10679 11491 11531 11532 11530 11531 11530 11534 10678 11491 10680 11491 11533 10680 11491 11493 11533 10681 11493 10649 10681 11535 11493 11535 11533 11493 11535 11536 11537 11535 10681 11536 10681 10683 11536 11539 10683 10684 11539 11536 10683 11498 11538 11496 11496 11538 11499 10686 11540 10687 11542 10655 11501 11542 11540 10655 11542 11541 11540 10686 10655 11540 11542 11543 11541 11542 10657 11543 11542 11503 10657 10657 10690 11543 11545 11504 11506 11545 11544 11504 10692 11543 10690 10693 11546 10694 11547 11507 11548 11507 11544 11548 11507 11504 11544 11509 11507 11547 11549 11550 10693 11549 10693 10695 10693 11550 11546 10659 11511 11551 10659 11551 10697 11511 11549 11551 10698 11551 10695 11549 10695 11551 11551 11553 11552 10697 11551 11552 10697 11552 11512 10697 11512 10660 11512 11552 11514 10700 10699 11554 10663 11554 10699 10663 11515 11554 11515 11555 11554 11518 11556 10702 11518 10702 11516 11556 11555 10702 10666 10702 11515 11555 11515 10702 11519 10704 10669 11520 11516 10705 11520 10705 11557 10705 11516 10702 10707 11558 11559 10707 10706 11558 10672 10704 11519 11558 10706 10673 11523 11558 10673 11524 10675 10710 11560 11524 10710 11563 11564 11562 11563 11562 10711 11561 10714 11562 10714 10711 11562 11567 11565 10711 11567 10711 10716 11565 11566 10711 11563 10711 11568 11566 11568 10711 11569 11570 11565 11569 11565 11571 11571 11565 11567 11571 11572 11569 11571 10721 11572 10721 10720 11572 11573 10723 11574 10722 10723 11573 11574 10724 11573 10725 10724 11574 10727 11575 11576 10726 11575 10727 10731 11579 10729 10726 10730 11578 10726 11578 11575 11578 10730 11577 10729 11581 10733 10729 11579 11581 11578 11577 11580 10733 11582 10735 10733 11581 11582 11581 11583 11582 11583 10738 11582 11583 10740 10738 11585 11586 11584 11585 11587 11588 11584 11587 11585 11590 11588 11587 11590 11589 11588 11589 11591 11588 11591 11589 10745 10747 11591 10745 10749 11593 11592 10748 10749 11592 10748 11592 11594 10750 10748 11594 11596 10752 10753 11596 10753 11597 11597 10753 11595 11601 10752 11596 11601 10756 10752 11598 11599 11600 11599 11598 11603 11603 11598 11602 10756 11601 11604 10756 11604 10759 10759 11606 10760 10759 11604 11606 11603 11602 11605 11608 10760 11606 11608 11607 10760 11607 10762 10760 10767 11607 11610 10767 10762 11607 10765 10764 11609 10772 11611 10769 10764 10770 11609 10775 11612 10774 11613 11614 11566 11613 11566 10778 11565 10777 11566 10777 10778 11566 11616 11614 11613 11570 11615 11565 11615 10777 11565 11615 10779 10777 11615 10720 10779 11615 11572 10720 11618 11619 11617 11618 11617 11620 10722 11573 10780 10783 11621 11622 10783 10782 11621 10724 10780 11573 11621 10782 11623 11621 11623 11625 10782 10727 11623 11624 11623 11576 10727 11576 11623 11626 11577 11624 11626 11624 11627 11577 10730 11624 11623 11624 10784 10730 10784 11624 11580 11626 11628 11577 11626 11580 11630 11631 11629 11582 10787 10735 11582 10738 10787 11630 11629 11632 11635 11633 11634 11634 11589 11590 11634 11633 11589 11633 11636 11589 11589 11636 10790 10745 11589 10790 10791 11637 11638 10791 11638 10749 10749 11638 11593 11637 10791 10794 11640 11639 10750 11640 10750 11594 10750 11639 10793 11639 10753 10793 11639 11641 10753 11641 11595 10753 11643 11598 11600 11642 11598 11643 11644 11642 11645 11644 11602 11642 11602 11598 11642 11646 10799 10798 11646 11647 10799 11644 11605 11602 11648 10798 10801 11648 11649 10798 11649 11646 10798 11650 10765 11609 11650 10802 10765 11648 11651 11649 10770 11650 11609 10770 11652 11650 10770 10803 11652 11653 11650 11652 11656 10774 11612 11656 10804 10774 11656 11655 10804 11654 10804 11655 11657 10806 10805 10808 10807 11613 10808 11613 11654 10778 10804 11613 10804 11654 11613 10807 11616 11613 10807 10810 11616 10810 11658 11616 11619 11659 11617 11617 11659 11620 10813 11661 11660 10813 10783 11661 10783 11622 11661 10814 10813 11625 10814 11625 11623 10813 11660 11625 11663 11625 11662 11660 11662 11625 11627 10816 11626 11627 10817 10816 11627 11663 10817 11662 10817 11663 11623 10784 10814 11628 11626 10816 11628 10816 11664 11664 10816 10818 11631 11665 11629 11631 10818 11665 11631 11664 10818 10820 11665 10818 11632 10821 11666 11632 11665 10821 11632 11629 11665 11665 10822 10821 11635 11667 11633 11635 10821 11667 11635 11666 10821 10824 11667 10821 11668 11667 11669 11668 11636 11667 11636 11633 11667 11636 10826 10790 11636 11668 10826 11668 11670 10826 11637 11670 11638 11637 10827 11670 10827 10826 11670 11637 10794 10827 11639 11640 11672 10829 10828 11671 11671 10830 11673 11671 10828 10830 11639 11672 11641 11643 11674 11642 11673 10830 10832 11642 11674 11645 11647 11675 10799 11675 10835 10799 11676 11648 10801 10837 11676 10801 10802 11650 10838 11651 11648 11678 11648 11677 11678 11648 11676 11677 11650 10839 10838 11650 11679 10839 11650 11653 11679 11680 11679 11653 11678 11677 11681 11657 10805 11684 11684 10805 10840 11654 11655 11683 11654 11683 11682 10842 10808 11654 10842 11654 11685 11685 11654 11682 11687 11658 10810 11687 10810 11685 11687 11685 11686 10842 11685 10810 11687 11686 11688 11691 11689 11690 11661 11693 11660 11694 11690 11689 10845 11692 10846 10845 11695 11692 10845 10848 11695 11693 11696 11660 11696 11662 11660 11696 10817 11662 11696 10850 10817 11696 11698 10850 11697 10850 11698 11695 10848 10851 10852 10850 11697 11699 10852 11697 10852 11665 10820 10852 11701 11665 10852 11699 11701 11702 11701 11699 10855 10854 11700 11700 10854 10858 11665 11701 10822 11701 10857 10822 11701 11703 10857 10860 10859 11704 10824 10857 11667 10857 11705 11667 10857 11703 11705 11667 11705 11669 11704 10859 10862 11707 11708 11706 11707 11709 11710 11706 11709 11707 10865 11710 11709 10865 10864 11710 10864 11711 11710 10829 11671 11712 10829 11712 10864 10864 11712 11711 11671 11673 11713 11712 11671 11713 11673 11714 11713 11673 10832 11714 10832 10867 11714 11717 11715 11716 11716 11715 11720 11675 11719 10870 11675 10870 10835 10870 11719 11718 11718 11719 11721 11718 11721 10837 11718 10837 10871 11676 10837 11721 11723 11676 11721 11723 11722 11676 11722 11677 11676 10839 11679 10873 11681 11677 11725 11677 11724 11725 11677 11722 11724 11684 10840 10877 11682 11683 11727 10876 10875 11726 10875 11728 11726 10875 10879 11728 11727 11729 11682 11729 11685 11682 11685 11730 11686 11685 11729 11730 11728 10879 10880 11686 11730 11688 10883 10882 11731 11733 11689 11691 11733 11732 11689 10884 11731 10882 11694 11732 11734 11694 11689 11732 10846 11692 10886 10886 11735 10887 10886 11692 11735 11692 11695 11735 11698 11737 11697 11695 10851 11736 11695 11736 11735 11736 10851 10889 11697 11738 11699 11697 11737 11738 11736 10889 10891 11699 11738 11702 10855 11700 10893 11700 10858 10893 11740 11741 11739 11742 10860 11704 11742 10894 10860 11739 11743 11740 11708 11745 11706 11704 10862 11744 11704 11744 11742 11744 10862 10895 10895 10896 11746 10895 11746 11744 10896 11709 11746 11745 11746 11706 11709 11706 11746 10899 11748 11709 10899 11709 10896 11748 11747 11709 10865 11709 10898 11747 10898 11709 10898 11747 11749 10901 10898 11749 11752 11751 11750 11754 11755 11753 11751 11714 11750 11714 10904 11750 11714 10867 10904 11717 11757 11715 11758 11754 11753 10906 11756 10907 11715 11757 11720 11718 10908 10870 11756 10906 10909 11760 11761 11759 11760 11759 11763 10908 11718 10871 11762 10911 10910 11723 11764 11722 11762 10910 10912 11766 11722 11764 11766 11765 11722 11765 11724 11722 11769 11767 11768 11769 10876 11767 11769 10914 10876 11726 11767 10876 11771 11767 11726 11771 11726 11770 11770 11726 11728 10917 11728 10880 10917 11772 11728 11772 11770 11728 10917 10920 11772 10919 10883 11731 11775 11773 11774 11776 10923 10922 11774 11773 11778 11731 10884 10919 11732 11733 11777 11732 11777 11734 11776 10922 10924 11780 11781 11779 11779 11782 11780 11779 10887 11782 11779 10925 10887 11735 11782 10887 11782 10927 11783 11782 11736 10927 11782 11735 11736 10926 10927 11736 10929 11784 11785 10929 10928 11784 10891 10926 11736 11787 10930 11786 11787 11784 10930 11784 10928 10930 11741 11788 11739 11786 10930 10932 11739 11788 11743 10894 11742 11790 10894 11790 10933 11790 11742 11789 11789 10935 11791 11789 11744 10935 11789 11742 11744 10934 10935 11744 10934 11792 10937 11744 11792 10934 11744 11793 11792 11744 11746 11793 11793 11794 11792 11793 10899 11794 11793 11748 10899 10899 10939 11794 11794 10939 10901 11794 10901 11795 11795 10901 11749 11797 11752 11750 11796 11797 11750 11755 11798 10943 11755 10943 11753 11798 11796 10943 10904 10943 11750 11796 11750 10943 10907 11756 11799 10907 11799 10943 11758 11753 11799 11753 10943 11799 11759 11761 11799 11759 11799 10946 11756 10909 11799 10909 10946 11799 11762 10947 10911 11763 11759 10948 11763 10948 11800 10948 11759 10946 10947 11762 10912 10950 10949 11801 11803 11765 11766 11803 11802 11765 10951 11801 10949 11769 10953 10914 11805 11804 11806 11771 11804 11805 11771 10956 11804 11771 11770 10956 10955 10956 11770 11808 11809 11807 10955 11772 10958 10955 11770 11772 11808 11807 11810 11775 11811 11773 11772 10920 10958 10923 11812 10960 10923 11776 11812 11778 11773 11811 11776 10924 11812 11812 10924 10961 11779 11781 11814 11779 11814 11813 10963 10925 11816 10963 11816 11815 10925 11779 11816 11817 11816 11813 11779 11813 11816 11783 10927 11815 11783 11815 11816 10927 10964 11815 11819 11815 11818 10964 11818 11815 11818 10964 11820 11818 11820 11822 10964 10929 11820 11821 11820 11785 10929 11785 11820 11823 11824 11820 11823 11820 11786 11821 11787 11820 11787 11786 11820 11786 10932 10966 11786 10966 11823 11823 10966 11825 10933 11790 11826 10933 11826 10967 11790 11825 11826 10968 11826 10966 11825 10966 11826 11828 11791 10935 11828 10935 11826 11828 11826 11827 10967 11826 10935 11829 10937 11792 11829 10971 10937 11827 11830 11828 10973 11794 10972 10973 11829 11794 11829 11792 11794 11794 10975 10972 11794 11832 10975 11794 11795 11832 11831 10975 11832 10976 10975 11797 10976 11797 11796 10975 11831 11797 11834 11797 11833 11831 11833 11797 11833 11835 11798 11833 11798 11834 11835 10977 11798 11796 11798 10976 10977 10976 11798 10979 10977 11835 11836 10979 11835 11837 10981 10979 11837 10979 11838 11836 11839 10979 11839 11838 10979 11841 11842 11840 11838 11800 11837 11800 10982 11837 11800 10948 10982 11840 11843 11841 11840 10950 11843 11840 10984 10950 11801 11843 10950 11802 11803 11844 11801 10951 11843 10951 11845 11843 10951 10986 11845 11848 11846 11847 11849 11806 10987 11849 10987 10988 10987 11806 11804 11850 10991 10990 11847 11846 11852 11804 10956 10987 11807 11809 11851 11807 11851 11810 11850 10990 10993 11854 11855 11853 11854 11853 11856 11857 10960 11812 11857 11858 10960 11858 10995 10960 10961 10997 11857 10961 11857 11812 10997 11859 11857 11814 11857 11813 11859 11813 11857 10963 11815 10998 11817 11813 11861 11813 11860 11861 11813 11859 11860 11815 10999 10998 11815 11862 10999 11815 11819 11862 11863 11862 11819 11861 11860 11864 11820 11001 11002 11822 11820 11002 11822 11002 11862 11822 11862 11863 11001 11865 11004 11820 11865 11001 11820 11866 11865 11820 11824 11866 11866 11867 11865 11005 11868 11870 11005 11870 10968 11869 11826 11870 11826 10968 11870 11005 11006 11871 11005 11871 11868 11006 11827 11871 11869 11871 11826 11827 11826 11871 11827 11873 11830 11827 11872 11873 11827 11006 11872 11009 11872 11006 10971 11829 11008 11873 11874 11875 11873 11872 11874 11008 11829 10973 11832 11877 11831 11878 11875 11874 11012 11876 11013 11012 11879 11876 11012 11014 11879 11877 11880 11831 11880 11833 11831 11014 11015 11881 11014 11881 11879 11015 11835 11881 11880 11881 11833 11835 11833 11881 11836 11835 11884 11836 11884 11883 11835 11015 11884 11882 11884 11017 11015 11017 11884 11839 11836 11883 10981 11837 11018 11882 11017 11019 11837 10982 11018 11840 11842 11886 11022 11021 11885 11885 11021 11025 11840 11886 10984 11886 11024 10984 11886 11887 11024 11887 10986 11024 11887 11845 10986 11889 11890 11888 11848 11892 11846 11893 11894 11891 11894 11026 11891 11894 11027 11026 11026 11896 11891 11026 11895 11896 11026 10991 11895 11850 11895 10991 11846 11892 11852 11853 11855 11895 11853 11895 11029 11850 10993 11895 10993 11029 11895 11856 11853 11029 11856 11029 11897 11897 11029 11031 11897 11031 11898 11897 11898 11900 11031 10995 11898 11899 11898 11858 10995 11858 11898 11899 11901 11898 10997 11033 11859 11902 11860 11859 11902 11859 11035 11902 11035 11903 11035 11859 11033 11860 11902 11864 10999 11862 11905 10999 11905 11036 11905 11862 11904 11862 11002 11037 11862 11037 11904 11904 11037 11906 11004 11865 11038 11037 11039 11908 11037 11908 11906 11908 11039 11907 11865 11041 11038 11865 11909 11041 11865 11867 11909 11910 11909 11867 11908 11907 11911 11870 11909 11910 11870 11043 11909 11870 11868 11043 11042 11043 11868 11913 11914 11912 11912 11915 11871 11912 11871 11913 11915 11044 11871 11868 11871 11042 11044 11042 11871 11047 11046 11872 11047 11872 11915 11009 11044 11872 11044 11915 11872 11874 11872 11046 11048 11874 11046 11876 11049 11013 11878 11874 11050 11878 11050 11916 11050 11874 11048 11917 11876 11879 11917 11052 11876 11917 11918 11052 11052 11049 11876 11879 11881 11917 11884 11882 11919 11921 11053 11920 11919 11053 11921 11919 11019 11053 11919 11882 11019 11053 11056 11920 11055 11022 11885 11924 11922 11923 11885 11025 11055 11923 11922 11058 11923 11058 11925 11058 11922 11059 11888 11890 11925 11888 11925 11060 11060 11925 11058 11927 11061 11891 11927 11891 11926 11061 11062 11891 11893 11891 11928 11062 11928 11891 11891 11896 11926 11066 11929 11065 11929 11931 11930 11929 11930 11065 11065 11930 11067 11067 11930 11932 11069 11067 11932 11900 11898 11933 11934 11071 11898 11934 11898 11901 11071 11072 11898 11933 11898 11935 11072 11935 11898 11035 11934 11903 11035 11071 11934 11074 11073 11936 11936 11073 11077 11938 11937 11036 11938 11036 11905 11036 11937 11076 11937 11940 11939 11937 11939 11076 11076 11939 11079 11039 11079 11939 11039 11939 11941 11039 11941 11907 11941 11939 11942 11907 11941 11943 11907 11943 11911 11941 11082 11943 11909 11943 11041 11082 11041 11943 11943 11944 11946 11943 11084 11944 11943 11909 11084 11043 11084 11909 11914 11945 11912 11084 11085 11947 11084 11947 11944 11085 11915 11947 11945 11947 11912 11915 11912 11947 11915 11085 11047 11949 11948 11950 11949 11951 11948 11088 11952 11953 11088 11953 11050 11050 11953 11916 11089 11918 11954 11089 11052 11918 11088 11090 11952 11954 11955 11089 11089 11955 11091 11955 11956 11091 11091 11956 11093 11920 11956 11921 11920 11095 11956 11095 11093 11956 11924 11957 11922 11920 11056 11095 11959 11958 11098 11957 11959 11098 11957 11098 11059 11957 11059 11922 11958 11961 11960 11958 11960 11098 11098 11960 11100 11964 11104 11103 11963 11962 11061 11963 11061 11927 11061 11962 11102 11962 11966 11965 11102 11962 11965 11102 11965 11929 11102 11929 11066 11929 11965 11931 11109 11108 11967 11967 11108 11069 11967 11069 11968 11968 11069 11932 11113 11969 11970 11113 11970 11072 11072 11970 11935 11969 11971 11972 11113 11971 11969 11113 11936 11971 11113 11074 11936 11077 11114 11971 11077 11971 11936 11114 11973 11971 11938 11971 11937 11973 11937 11971 11940 11973 11974 11937 11973 11940 11976 11941 11942 11975 11941 11976 11118 11082 11978 11118 11978 11977 11082 11941 11978 11979 11978 11975 11941 11975 11978 11980 11981 11977 11980 11977 11944 11978 11946 11977 11946 11944 11977 11944 11947 11980 11950 11948 11982 11948 11951 11982 11983 11984 11953 11983 11953 11122 11952 11121 11953 11121 11122 11953 11984 11985 11986 11984 11983 11985 11121 11952 11090 11986 11987 11988 11985 11987 11986 11126 11988 11987 11126 11125 11988 11125 11989 11988 11989 11125 11990 11125 11128 11990 11990 11128 11991 11128 11129 11991 11958 11959 11991 11958 11991 11131 11131 11991 11129 11131 11961 11958 11131 11132 11961 11132 11992 11961 11964 11103 11135 11962 11963 11994 11134 11133 11993 11993 11137 11995 11993 11133 11137 11962 11994 11966 11137 11140 11995 11139 11109 11967 11998 11996 11997 11967 11141 11139 11967 11999 11141 11967 11968 11999 12000 11999 11968 11997 11996 12001 11144 11999 12000 11144 12000 11143 12003 12002 12000 12002 11143 12000 12002 12004 11970 12002 11970 11145 12002 11145 11143 11145 11970 11969 11972 11145 11969 11972 12005 11145 12005 11147 11145 11147 12005 11973 11147 11973 11114 12005 12006 11973 11148 11973 11149 12006 11149 11973 11148 11974 11973 11148 11151 11974 11151 12007 11974 11975 11153 11152 11975 11976 11153 11976 12008 11153 11975 12010 11979 11975 12009 12010 11975 11152 12009 11156 12009 11152 11118 11977 11155 12009 12011 11981 12009 11981 12010 12011 11157 11981 11977 11981 11155 11157 11155 11981 11159 11157 12011 12012 11159 12011 12012 12014 12013 12012 12013 11159 11159 12013 11160 11160 12013 12015 11162 11160 12015 12016 11983 11122 12016 11122 12017 12017 11122 11164 11983 12018 11985 12016 12018 11983 12020 11985 12018 12020 11987 11985 11167 12019 11168 12020 12022 11126 12020 11126 11987 12022 12021 11126 11167 11126 12019 12021 12019 11126 11171 12021 12022 11171 12022 11170 12024 12023 12022 12023 11170 12022 11170 12023 11172 11174 11175 12025 11176 12026 12025 11176 12025 11177 12026 11992 12025 11174 12025 11132 11992 11132 12025 12028 12029 12027 11993 11178 11134 11178 11995 11179 11178 11993 11995 12028 12027 12030 11998 12031 11996 11995 11140 11179 11996 12031 12001 11141 11999 11182 11999 11144 11182 12002 12003 12033 11184 11183 12032 12004 12002 12033 12034 12035 11183 12034 11183 11186 11183 12035 12032 12036 11186 11187 12036 12037 11186 12037 12034 11186 12037 12036 12040 12006 12039 11188 12006 11188 11149 11188 12039 12038 12039 12041 12038 12039 11151 12041 12039 12007 11151 11151 11189 12041 12041 11189 11192 12043 12042 11153 12043 11153 12008 11153 12042 11191 12042 12045 12044 11191 12042 12044 11191 12044 12009 11191 12009 11156 12047 12009 12044 12047 12046 12009 12046 12011 12009 12011 12046 12012 12012 12046 12048 12014 12049 12050 12014 12012 12049 12012 12048 12049 12050 12049 11196 12050 11196 12015 12015 11196 11162 12017 11164 11197 12051 12017 11197 11197 12052 12051 11198 12052 11197 12053 11168 12019 12053 12054 11168 12054 11200 11168 12019 12021 12055 12053 12019 12055 12055 12056 12058 12055 11202 12056 12055 12021 11202 11171 11202 12021 12024 12057 12023 12057 11172 12023 12057 11204 11172 12057 12060 11204 12059 11204 12060 12056 11202 11205 12059 12062 12061 11204 12059 12061 11204 12061 12025 11204 12025 11175 12025 12061 12063 12025 12063 11177 11177 12063 11207 12065 12027 12029 12065 12066 12027 12066 12064 12027 12030 12067 12068 12030 12027 12067 12027 12064 12067 12068 12067 12069 11211 12070 11212 11184 12032 11214 11211 11215 12070 12032 11217 11214 12032 12072 11217 12032 12035 12072 12071 11217 12072 11187 11217 12071 11187 12071 12036 12036 12071 12073 12036 12073 12074 12036 12074 12040 12073 11219 12074 12038 12074 11188 11219 11188 12074 12074 11222 12075 12074 12041 11222 12074 12038 12041 11221 11222 12041 12043 12076 12042 12041 11192 11221 12077 11225 11224 12077 12078 11225 12076 12045 12042 12080 11224 11226 12080 12077 11224 12047 12079 12046 12082 12046 12079 12082 12048 12046 11227 12081 11228 11227 11230 12083 11227 12083 12081 11230 12049 12083 12082 12083 12048 12049 12048 12083 11233 12085 12049 11233 12049 11230 12085 12084 12049 11196 12049 11232 12084 11232 12049 12084 12086 11232 11232 12086 11235 12086 11198 11235 12052 11198 12086 12054 12087 11200 12087 11238 11200 11240 12089 12088 11239 11240 12088 12092 12090 12091 12088 12058 11242 12088 11242 11239 11242 12058 12056 11242 12056 11205 12091 12090 12060 12090 12059 12060 12090 12093 12059 12093 12062 12059 12093 12095 12062 12094 11245 11244 12094 11244 11207 12094 11207 12096 12096 11207 12063 12066 12097 12064 12098 12097 12066 12097 12099 11249 12097 11249 12067 12097 12067 12064 11248 12067 11249 12069 12067 11248 12069 11248 12100 12100 11248 11250 11212 12070 12101 11212 12101 11250 11250 12101 12100 12070 12102 12101 12070 11215 12102 11215 11253 12102 12072 12103 12071 12105 12071 12103 12105 12073 12071 11254 12104 11255 12104 11254 11219 12104 11219 12106 12073 12105 11219 12105 12106 11219 11258 12107 12108 11258 12108 11222 11222 12108 12075 12107 11258 11260 12111 12109 12110 12078 11262 11225 12078 12112 11262 12113 12110 12109 12112 11226 11262 12080 11226 12112 12114 11228 12081 12114 12115 11228 12115 11264 11228 12081 12083 12114 12085 11233 11266 12116 12085 11266 11266 12117 12116 11267 12117 11266 11269 12118 11270 12118 11269 11273 12120 12119 11238 12120 11238 12087 11238 12119 11272 12119 11240 11272 12119 12121 11240 12121 12089 11240 12090 12092 12123 11274 12122 11275 11274 11276 12122 12090 12123 12124 12090 12124 12093 12124 12123 12125 12093 12124 12126 12093 12126 12095 12124 11278 12126 12094 12126 11245 11278 11245 12126 12129 12126 12094 12129 12094 12127 12096 12128 12094 12128 12127 12094 12132 12130 12131 12131 12130 11281 12131 11281 12099 12099 11281 11249 11282 11283 12133 12133 12135 12134 12133 12134 11282 11282 12134 11285 12134 11253 11285 12102 11253 12134 11286 12136 11287 11286 11289 12136 11288 11255 12104 12139 12137 12138 11288 12104 12106 11288 12106 11291 12138 12137 12106 12137 11291 12106 12140 12141 12108 12140 12108 11293 12107 11292 12108 11292 11293 12108 11292 12107 11260 12141 12140 12111 12140 12109 12111 12140 12142 12109 12113 11294 12143 12113 12142 11294 12113 12109 12142 12142 11295 11294 12143 11294 12144 11294 11297 12144 12144 11297 12145 12144 12145 12147 11297 11264 12145 12146 12145 12115 11264 12115 12145 12146 12149 12148 12145 12146 12148 12149 12151 12150 12148 12149 12150 12153 12154 12152 12151 12117 12150 12117 11301 12150 12117 11267 11301 12155 11270 12118 12155 11302 11270 12152 12156 12153 12120 12157 11304 12120 11304 12119 12157 12155 11304 11273 11304 12118 12155 12118 11304 11304 12121 12119 11304 11305 12121 11305 12158 12121 12122 11306 11275 12122 11276 11306 12124 12125 11307 12125 11308 11307 12125 12159 11308 11309 11278 12124 11309 12124 12160 11307 11310 12124 11310 12160 12124 12160 12161 12129 12160 12129 11311 12160 11311 11309 11311 12129 12127 12163 11314 11313 12163 12164 11314 12132 12162 12130 12130 11317 11281 12130 12162 11317 12162 12165 11317 11283 11317 12165 11283 12165 12166 11283 12166 12133 12166 12165 12167 12135 11320 12168 12135 12166 11320 12135 12133 12166 12166 11321 11320 12169 11320 11323 12169 12170 11320 12170 12168 11320 12169 12171 12170 12169 11287 12171 12169 11325 11287 12136 12171 11287 12137 12139 12171 12137 12171 11326 12136 11289 12171 11289 11326 12171 11327 11291 12137 11327 12137 12172 11326 11328 12137 11328 12172 12137 12172 12174 12173 11327 12172 12173 11327 12173 12140 11327 12140 11293 12176 12140 12173 12176 12175 12140 12175 12142 12140 11329 11295 12142 11329 12142 12177 12177 12142 12175 11329 12177 11330 12145 11332 11333 12145 11333 12147 12147 11333 12178 12148 11332 12145 12148 11335 11332 12179 12180 12181 12180 12179 12183 12183 12179 12182 11335 12148 12150 11335 12150 11337 11337 12150 11301 12183 12182 12185 12152 12154 12184 11302 12186 11339 11302 12155 12186 12156 12152 12184 12186 12155 11341 12186 11341 11342 12155 12157 11341 12187 11341 12188 12157 12188 11341 12187 11305 11341 12187 12189 11305 12189 12158 11305 11344 12190 12191 11343 12190 11344 12190 11343 12192 12190 12192 12194 11343 11308 12192 12193 12192 12159 11308 12159 12192 12195 12192 11310 12195 11310 11347 12192 12193 11310 12160 11310 12196 12193 12196 11310 12195 11348 12197 12195 11347 11348 12160 12196 12161 12199 11313 11350 12199 12198 11313 12198 12163 11313 11353 12200 12201 11352 12200 11353 12167 12203 12166 12204 12200 12202 12200 11355 12202 12200 11352 11355 12202 11355 11321 12202 11321 12205 12166 12203 11321 12203 12205 11321 12206 12169 11323 12206 11323 12207 12207 11323 11357 12169 12206 12208 12169 12208 11325 11325 12208 11359 12172 11328 11360 11360 12174 12172 11360 11361 12174 11361 12209 12174 12175 11364 11363 12175 12176 11364 12176 12210 11364 12211 12177 12175 12211 12175 11366 12211 11366 12212 11366 12175 11363 12214 12213 11367 12211 12214 11367 12211 11367 11330 12211 11330 12177 12216 12178 11333 12216 11333 12213 12216 12213 12215 11367 12213 11333 12216 12179 12181 12216 12215 12179 12215 12217 12179 11370 11369 12182 11370 12182 12217 12217 12182 12179 11369 12185 12182 11369 11371 12185 11371 12218 12185 12220 12221 12219 12186 11372 11339 11372 12186 11342 12220 12219 12223 12187 12188 12222 12187 12222 12189 12191 12224 11344 12224 11374 11344 12225 12226 12194 12225 12194 11377 12192 11376 12194 11376 11377 12194 11376 12195 11379 11376 12192 12195 12226 12225 12227 12197 11379 12195 12197 11380 11379 12228 12229 12230 12199 11382 11381 12199 11381 12232 12199 12232 12198 12231 12232 11381 12231 11381 11353 12231 11353 12233 12233 11353 12201 12202 11385 11386 12202 11386 12204 12204 11386 12234 12202 11387 11385 12202 12236 11387 12202 12205 12236 12235 11387 12236 12237 11390 11389 12235 12238 11387 12238 11357 11387 12238 12207 11357 12237 11389 11392 12240 12239 11359 12240 11359 12208 11359 12239 11391 12239 12242 12241 12239 12241 11391 11391 12241 11394 12244 12243 11395 12244 11395 12241 12241 11395 11394 12246 12209 11361 12246 11361 12243 12246 12243 12245 11395 12243 11361 12246 12245 12247 12246 12247 11364 12246 11364 12210 11364 12247 11398 12247 11366 11398 12247 12248 11366 12248 12212 11366 12213 12214 12250 11400 12249 11401 12213 12251 12215 12213 12250 12251 12249 11400 11402 12251 12252 11404 12251 11404 12217 12251 12217 12215 11403 12217 11404 12217 11403 11370 11406 12253 12254 11406 12254 11371 11371 12254 12218 12253 12221 12255 12253 11408 12221 12253 11406 11408 11408 12219 12221 11408 12223 12219 11408 11409 12223 11409 12256 12223 11411 12257 11412 12257 11411 11414 12259 12258 11374 12259 11374 12224 11374 12258 11413 11417 11416 12225 11417 12225 12258 11377 11413 12225 11413 12258 12225 12227 12225 11416 12227 11416 12260 12260 11416 11419 12230 12261 12228 12230 11419 12261 12230 12260 11419 11420 12261 11419 12232 12231 12262 12263 11421 11422 12264 11425 12231 12264 12231 12233 11425 11426 12231 12262 12231 12265 11426 12265 12231 12264 11386 11425 12234 11386 12264 12235 12236 12267 11427 12266 11428 12238 12235 12267 11390 12237 11430 12266 11427 11431 12237 11392 11430 12239 12240 11433 12240 11434 11433 12240 12268 11434 12242 12239 11433 12242 11433 12269 12269 11433 11436 12244 12270 12243 12244 11436 12270 12244 12269 11436 11437 12270 11436 11440 11439 12245 11440 12245 12270 12270 12245 12243 12271 12247 12245 12271 12245 11441 12271 11441 12272 11441 12245 11439 12247 12271 12248 11443 11442 12273 11442 11445 12273 11444 11401 12249 12276 12274 12275 12275 12274 12278 11444 12249 11402 12277 11447 11446 11448 12252 12279 11448 11404 12252 11446 11449 12277 12281 12280 11450 12281 11450 12279 12279 11450 11448 11451 11450 12254 11451 12254 12253 11450 12280 12254 12283 12254 12282 12280 12282 12254 11451 12253 12255 11451 12255 11452 12283 12282 12255 12282 11452 12255 11453 12284 12285 11453 12285 11409 11409 12285 12256 11453 11455 12284 11454 11412 12257 12288 12286 12287 11454 12257 11414 12287 12286 12259 12286 12258 12259 12286 12289 12258 12258 12289 11456 11417 12258 11456 12292 12291 12290 12290 12291 12293 12290 12293 11420 12290 11420 11459 12261 11420 12293 12295 12294 11460 12296 12295 11460 12296 11460 11421 12296 11421 12263 12294 11426 11460 12294 12297 11426 12297 12265 11426 12300 12298 12299 12299 12298 12301 11428 12266 11463 11463 12266 11431 11466 11465 12302 12302 11465 11434 12302 11434 12303 12303 11434 12268 11468 12305 12304 11467 11468 12304 11437 11467 12304 11437 12304 12306 11437 12306 12270 12306 12304 12307 11440 12270 12306 11440 12306 12308 11440 12308 11470 12309 12308 12306 12308 11441 11470 12272 11441 12308 12310 11443 12273 12310 12311 11443 12311 11471 11443 12274 12276 12312 12273 11445 12310 11445 12313 12310 11445 11473 12313 12274 12312 12278 11447 12277 11474 12277 11449 11474 12315 12316 12314 12315 12314 12318 12281 12317 12280 12320 12280 12317 12320 12282 12280 11477 12319 11478 12320 12322 11452 12320 11452 12282 12322 12321 11452 11477 11452 12319 12321 12319 11452 12284 11480 11481 12285 12284 11481 12285 11481 12321 12285 12321 12322 12288 12323 12286 12284 11455 11480 12325 12286 12323 12325 12324 12286 12324 12289 12286 11483 11456 12327 11483 12327 12326 11456 12289 12327 12328 12327 12324 12289 12324 12327 12292 12326 12327 12292 11486 12326 12292 12290 11486 11485 11486 12290 12330 12331 12329 12290 11459 11485 12330 12329 12332 11488 12335 11489 11488 12333 12335 12334 12294 12295 12333 11490 12336 12333 11488 11490 12294 12334 12297 12300 12337 12298 12336 11490 11492 12301 12298 12337 12339 12340 12338 12339 12338 12341 11466 12302 11494 12303 11494 12302 12303 12342 11494 12342 11495 11494 11468 12342 12305 11468 11495 12342 11498 11497 12343 12307 12344 12306 12343 11497 11499 12309 12306 12344 12346 12347 12345 11501 12346 12345 11501 11500 12346 11500 12348 12346 11471 12311 12349 11471 12349 11502 12311 12348 12349 11503 12349 11500 12348 11500 12349 12350 11506 11505 12349 12351 11502 12351 11473 11502 12351 12313 11473 12350 12352 12353 12350 11505 12352 11505 11508 12352 12316 12354 12314 12316 11508 12354 12316 12352 11508 11509 12354 11508 12318 11510 12355 12318 12354 11510 12318 12314 12354 12354 11511 11510 11478 12355 11510 11478 12356 12355 11478 12319 12356 12356 12357 12355 12359 12360 12358 12321 11513 12356 12321 12356 12319 12356 11513 11514 12359 12361 12362 12359 12358 12361 11513 12321 11481 12364 12362 12361 12363 11518 11517 12325 12365 12324 12363 11517 11520 12365 12328 12324 12367 12368 12366 11483 12326 11521 12331 11522 12329 12331 11523 11522 12331 12367 11523 12366 11523 12367 12326 11486 11521 11522 12332 12329 11522 11524 12332 11524 12369 12332 12371 12372 12370 12333 11526 12373 12333 12373 12335 12373 11526 11527 12371 12370 12375 12375 12370 12374 11526 12333 12336 11526 12336 11529 12336 11492 11529 12375 12374 11531 12375 11531 12376 11531 12374 11532 12340 12377 12338 12340 11531 12377 12340 12376 11531 11534 12377 11531 12341 12377 12378 12338 12377 12341 11537 12379 12380 11536 12379 11537 11536 12381 12379 11536 11539 12381 11538 11498 12343 12343 11499 11538 12383 12345 12347 12382 12345 12383 11542 11501 12345 11542 12345 12384 12384 12345 12382 11503 11542 12384 11503 12384 12349 12349 12384 12385 12349 12385 12386 12349 12386 12351 12385 11545 12386 12350 12386 11506 11545 11506 12386 12387 11547 12350 12387 12350 12353 11547 11548 12350 12386 12350 12388 11548 12388 12350 11550 11549 12389 11509 11547 12354 11547 12390 12354 11547 12387 12390 12390 12392 11511 12390 11511 12354 12392 12391 11511 11549 11511 12389 12391 12389 11511 12357 12391 12392 12357 11553 12391 12357 12356 11553 11552 11553 12356 12394 12395 12393 11552 12356 11514 12394 12393 12360 12393 12358 12360 12393 12396 12358 12358 12396 12361 12361 12396 12397 12361 12397 12398 12361 12398 12364 12397 11556 12398 12363 12398 11518 11556 11518 12398 12363 12399 12398 12363 11520 12399 11520 11557 12399 12366 11559 11558 12366 12368 11559 12368 12400 11559 12366 11558 11523 12369 11524 11560 12401 12369 11560 12402 11562 11564 12403 12402 11564 12404 12406 11568 12404 11568 12405 12405 11568 11566 12404 12407 11570 12404 11570 12408 12404 12408 12406 11569 12408 11570 11569 11572 12409 12408 11569 12409 12408 12409 12410 12408 12410 12411 12410 12409 12412 12415 12413 12414 12416 11576 11575 12416 12417 11576 12413 12418 12414 12423 12420 12422 12421 12416 12419 12416 11578 12419 12416 11575 11578 11578 11580 12419 12422 12420 12424 12422 12424 12426 12424 12420 12425 12426 12424 12428 12428 12424 12427 11584 11586 12428 11584 12428 12429 12429 12428 12427 11587 11584 12433 11587 12433 12432 11584 12429 12433 12431 12433 12430 12429 12430 12433 12432 11590 11587 12432 12434 11590 12432 12437 12434 12435 12434 12437 12431 12430 12436 12438 12439 12434 12438 12434 12440 12435 12441 12434 12441 12440 12434 12442 11592 12440 12442 12440 12444 11592 11593 12440 12438 12440 12443 11593 12443 12440 12447 12446 12445 12447 12445 11592 12447 11592 12442 11594 11592 12445 11595 12446 11597 11595 12445 12446 12450 12448 12449 12451 11600 11599 12452 11600 12451 12452 12448 11600 12452 12449 12448 12453 12451 11599 11603 12453 11599 11603 11605 12454 12453 11603 12454 12453 12454 12455 12453 12455 12456 12455 12454 12457 12455 12457 11608 12455 11608 12458 11608 12457 11607 12460 12461 11610 12460 11610 12457 12460 12457 12459 11607 12457 11610 12460 12463 12464 12460 12459 12463 12459 12462 12463 12466 12465 12467 12405 11566 11614 12468 12405 11614 11570 12407 12469 11570 12469 11615 12407 12468 12469 11616 12469 11614 12468 11614 12469 11619 11618 12409 11619 12409 12469 11572 11615 12409 11615 12469 12409 11618 11620 12470 12409 11618 12470 12409 12470 12471 12409 12471 12412 12473 12471 12470 12472 11622 11621 11624 12417 12474 11624 11576 12417 11621 11625 12472 12476 11627 12419 12476 12419 12475 11627 11624 12419 12421 12419 12474 11624 12474 12419 12424 12425 12477 12419 11580 12475 11580 12478 12475 11580 11628 12478 12477 12479 11631 12477 11631 12427 12477 12427 12424 11630 12427 11631 11630 11632 12480 11630 12480 12427 12427 12480 12429 11634 12481 11635 12482 12430 12483 12430 12480 12483 12430 12429 12480 11634 12485 12481 11634 12484 12485 11634 11590 12484 12434 12484 11590 12430 12482 12436 12488 12484 12434 12488 12434 12486 12439 12487 12434 12487 12486 12434 12490 12491 12489 12487 12443 12486 12443 11638 12486 12443 11593 11638 12489 12492 12490 12489 11594 12492 12489 11640 11594 12445 12492 11594 12448 12450 12493 12445 11595 12492 11595 12494 12492 11595 11641 12494 12448 11643 11600 12448 12496 11643 12448 12493 12496 12496 12495 11643 11645 12495 12496 11645 12496 11644 12498 12497 12496 12497 11644 12496 11647 11646 12454 11647 12454 12497 11605 11644 12454 11644 12497 12454 12457 12454 11646 11649 12457 11646 12499 12459 12457 12499 12457 11651 12499 11651 12500 11651 12457 11649 12499 12501 11653 12499 11653 12462 12499 12462 12459 11652 12462 11653 11656 12467 12465 11656 12465 11655 11655 12465 12502 12505 12504 12503 12506 12469 12504 12506 12504 12507 12469 11616 12504 12503 12504 11658 11616 11658 12504 11619 12469 12506 11619 12506 12508 11619 12508 11659 12509 12508 12506 11620 12510 12470 11620 11659 12510 11659 12508 12510 12470 12510 12473 11622 12472 12512 11622 12512 11661 12512 12472 12511 12514 11663 12513 12511 11663 12514 12511 11625 11663 12511 12472 11625 12513 11663 11627 12513 11627 12515 12515 11627 12476 12478 11628 11664 12516 12478 11664 12516 11664 11631 12479 12516 11631 12480 11632 11666 12481 12517 11666 12481 11666 11635 12517 12518 11666 12480 11666 12483 12518 12483 11666 12517 12481 11668 12517 11668 11669 12481 12485 11668 12519 11668 12520 12485 12520 11668 11670 11668 12488 11670 12488 12486 11668 12519 12488 12522 12488 12521 12519 12521 12488 11670 12486 11638 12522 12521 12524 12489 12491 12523 12489 11672 11640 12489 12523 11672 12523 12525 11672 12525 11641 11672 12494 11641 12525 12495 11674 11643 12497 12527 12526 12497 12498 12527 12495 11645 11674 11675 11647 12529 11675 12529 12528 11647 12497 12529 12530 12529 12526 12497 12526 12529 12529 12531 12528 11678 12532 12533 11678 12533 11651 11651 12533 12500 11680 12501 12534 11680 11653 12501 11678 11681 12532 12502 12535 11655 12535 11683 11655 12537 12505 12503 12536 12537 12503 12507 12539 12506 12503 11658 12538 12503 12538 12536 12538 11658 11687 12506 12539 12509 12538 11687 11688 12541 12542 12540 12544 12541 12540 12543 11691 11690 11693 12512 12545 11693 11661 12512 11690 11694 12543 12548 12546 12547 12545 12514 11696 12545 11696 11693 11696 12514 12513 12513 11698 11696 12513 12549 11698 12513 12515 12549 12550 12549 12515 12547 12546 12551 12550 12552 12549 11702 12554 12553 11701 11702 12553 12553 12555 11701 11701 12555 11703 12558 12556 12557 12555 12518 11705 12555 11705 11703 11705 12518 12517 12520 11707 12519 12520 11708 11707 12520 12557 11708 12556 11708 12557 12517 11669 11705 12521 12519 11707 11710 12521 11707 12524 12521 11710 12524 11710 12559 12559 11710 11711 12559 11711 12560 11711 11712 12560 12562 11713 12561 12562 12560 11713 12560 11712 11713 12561 11713 11714 12565 12563 12564 12526 11717 11716 12527 11717 12526 12527 12563 11717 12527 12564 12563 12528 11719 11675 12530 12526 11720 12530 11720 12566 11720 12526 11716 12531 11719 12528 12531 12567 11719 12567 11721 11719 12569 11723 12532 12569 12532 12568 11723 11721 12532 12533 12532 12567 11721 12567 12532 12571 11725 12570 12568 11725 12571 12568 11681 11725 12568 12532 11681 12535 11727 11683 12535 12572 11727 12573 12574 12575 12578 12576 12577 12572 12537 11729 12572 11729 11727 11729 12537 12536 12577 12576 12580 12580 12576 12579 11729 12536 12538 11729 12538 11730 11730 12538 11688 12580 12579 12582 12540 12542 12581 11691 12583 11733 11691 12543 12583 12544 12540 12581 11734 12543 11694 11734 12583 12543 12586 12584 12585 12585 12584 12588 12548 12587 12546 12587 12551 12546 12590 12591 12589 11698 12549 11737 12593 12590 12589 12552 12592 12549 12592 11737 12549 12592 11738 11737 12592 11702 11738 12592 12554 11702 12595 12596 12594 12598 12595 12594 12597 11741 11740 12558 12599 12556 12597 11740 11743 12556 11745 11708 12556 12599 11745 12599 12600 11745 11745 12600 12601 11746 11745 12601 11748 12603 12602 11747 11748 12602 12604 11749 11747 12604 11747 12605 12605 11747 12602 12562 12604 12605 12562 11752 12604 12562 12561 11752 11751 11752 12561 12607 12608 12606 12609 11755 11754 12607 12606 12611 12561 11714 11751 12563 12565 12610 12610 11717 12563 12610 11757 11717 12610 12613 11757 12612 11757 12613 12609 11754 11758 11760 12614 12612 11760 12612 11761 12614 12566 12612 11757 12612 11720 12566 11720 12612 11760 12615 12614 11763 12615 11760 11764 12617 12616 11764 11723 12617 11723 12569 12617 12571 12570 12618 12616 11766 11764 12621 11767 12619 12621 11768 11767 12575 12620 12573 12578 12622 12576 12619 11767 11771 12576 12623 12579 12622 12623 12576 12579 12623 12582 11775 11774 12624 11733 12583 11777 11774 11778 12624 12583 11734 11777 12584 12586 11780 12586 11781 11780 12586 12625 11781 12584 11780 11782 12584 11782 12627 12584 12627 12588 12626 12627 11782 12629 12589 12591 12629 12628 12589 11783 12626 11782 12628 12593 12589 12628 12631 12593 12630 11785 11784 12633 12594 12596 12633 12632 12594 11787 12630 11784 11741 12597 11788 12598 12594 12635 12594 12634 12635 12594 12632 12634 12635 12634 12637 11788 12597 11743 12636 11790 11789 12636 11789 11791 12640 12638 12639 12639 12638 12641 12639 12641 11746 12639 11746 12601 11746 12641 11793 12643 12603 11748 12643 11748 12641 12643 12641 12642 11793 12641 11748 12644 11749 12604 12644 11795 11749 12642 12645 12643 12604 11797 12644 12604 11752 11797 12606 12608 12646 12606 12646 12611 11755 12609 12648 11755 12648 11798 12648 12609 12647 12612 12613 12647 12612 12647 11799 12609 11758 12647 11758 11799 12647 12612 11799 11761 12615 11763 12649 12649 11763 11800 12617 12650 12616 12616 12650 12651 12616 12651 11766 11766 12651 11803 12653 12654 11806 12653 11806 12652 12654 12621 11806 11805 11806 12619 12621 12619 11806 12653 12652 12656 11805 12619 11771 12655 11809 11808 12655 11808 11810 12659 12657 12658 12660 12658 12657 12660 12661 12658 12624 11811 11775 12624 11778 11811 12661 12660 12662 12625 12663 11781 12663 11814 11781 12626 11816 11817 12626 11817 12627 12627 11817 12664 12626 11783 11816 12628 12629 11818 12629 11819 11818 12629 12665 11819 12628 12667 12631 12628 12666 12667 12628 11818 12666 11822 12666 11818 11785 12630 11821 12633 11823 12632 12633 11824 11823 12633 12667 11824 12666 11824 12667 12630 11787 11821 12634 12632 12670 12634 12670 12669 12632 11823 12670 12668 12670 11825 11823 11825 12670 12669 12637 12634 12668 11825 12636 12668 12636 12671 12636 11825 11790 12640 12673 12638 12636 11791 12672 12636 12672 12671 12672 11791 11828 12638 12674 12641 12638 12673 12674 12672 11828 11830 12641 12675 12642 12674 12675 12641 11795 12676 11832 11795 12644 12676 12645 12642 12675 11797 12676 12644 11797 12677 12676 11797 11834 12677 12678 12676 12677 12677 11834 12679 12677 12679 12681 11834 11798 12679 12680 12679 12648 11798 12648 12679 12680 12682 12679 11838 11839 12683 12684 11842 11841 12683 12685 11838 12685 11800 11838 12685 12649 11800 12684 12686 12687 12684 11841 12686 11841 11843 12686 12651 12688 11803 11803 12688 11844 12689 12686 11843 12689 11843 11845 11848 11847 12690 11806 11849 12652 11849 12691 12652 11849 12692 12691 12652 12691 12656 12655 11851 11809 12690 11847 11852 12694 12695 12693 12659 11854 12657 12659 11855 11854 12659 12694 11855 12693 11855 12694 12655 11810 11851 11854 11856 12696 11854 12696 12657 12657 12696 12660 12662 11857 12697 12662 12696 11857 12662 12660 12696 12696 11858 11857 12697 11857 12698 12697 12698 12700 11857 11814 12698 12699 12698 12663 11814 12663 12698 12699 12701 12698 12699 11817 12701 12699 12664 11817 11817 11861 12701 12701 11861 11864 12703 12702 11819 12703 11819 12665 11819 12702 11863 12702 12705 12704 11863 12702 12704 11863 12704 12666 11863 12666 11822 12666 11866 11824 12666 12704 11866 12704 12706 11866 12708 11867 12668 12708 12668 12707 11867 11866 12668 12670 12668 12706 11866 12706 12668 12710 12707 11870 12710 11870 12709 12707 12668 11870 11869 11870 12671 12668 12671 11870 12710 12709 12712 11869 12671 11871 12671 12711 11871 12671 12672 12711 11830 12711 12672 11830 12713 12711 11830 11873 12713 12714 12711 12713 12713 11873 12715 11873 11875 12715 11875 12716 12715 11875 11878 12716 11877 11832 12676 12678 11877 12676 12678 12717 11877 12717 11880 11877 12719 11881 12679 12719 12679 12718 11881 11880 12679 12681 12679 12717 11880 12717 12679 12679 12682 12718 11884 12720 11883 12720 12722 12721 11883 12720 12721 11883 12721 12683 11883 12683 11839 12721 12685 12683 12724 12725 12723 11842 12684 11886 12727 12724 12723 12687 12726 12684 12726 11886 12684 12726 11887 11886 11845 12726 12689 11845 11887 12726 11890 11889 12728 11894 11893 12732 11892 11848 12690 12731 12729 12730 12733 11896 11895 12730 12729 12735 12690 11852 11892 12693 12695 12734 12734 12737 11855 12734 11855 12693 12737 12736 11855 11895 11855 12733 12736 12733 11855 12737 12738 12736 11856 11897 12696 11900 12740 12696 11900 12696 11897 12740 12739 12696 11858 12696 11899 12739 11899 12696 12742 11901 12698 12742 12698 12741 11901 11899 12698 12700 12698 12739 11899 12739 12698 12744 12741 11903 12744 11903 12743 12741 12698 11903 11902 11903 12701 12698 12701 11903 12703 11904 12702 12703 11905 11904 12703 12744 11905 12743 11905 12744 12701 11864 11902 12705 12702 11904 12705 11904 12745 12745 11904 11906 12747 11908 12746 12747 12745 11908 12745 11906 11908 11910 12708 12748 11910 11867 12708 11908 11911 12746 11914 11913 12749 11870 11910 12709 11910 12750 12709 11910 12748 12750 12750 12712 12709 12749 11913 12711 12749 12711 12751 12711 11913 11871 12714 12753 12752 12714 12752 12711 12711 12752 12751 12753 12755 12754 12752 12753 12754 12757 12758 12756 12755 12716 12754 12716 11916 12754 12716 11878 11916 12760 12757 12756 12759 11918 11917 12759 11917 11881 12759 11881 12761 12761 11881 12719 11919 12762 12764 11919 12764 11884 12763 12720 12764 12720 11884 12764 12720 12763 12722 12762 11919 11921 12766 12767 12765 12723 11924 11923 12725 11924 12723 12725 12765 11924 12725 12766 12765 12727 12723 11923 12727 11923 12768 12768 11923 11925 11890 12768 11925 11890 12769 12768 11890 12728 12769 12769 12770 12768 12771 11927 11926 12774 12775 12773 12732 11893 11928 12729 12731 12772 11926 12777 12771 11926 12776 12777 11926 11896 12776 12733 12776 11896 12729 12772 12735 12779 12776 11931 12779 11931 12778 12776 12733 11931 11930 11931 12736 12733 12736 11931 11930 12736 12738 11930 12738 11932 12779 12778 12738 12778 11932 12738 11933 12780 12781 11933 12781 11900 11900 12781 12740 11934 12742 12782 11934 11901 12742 11933 11935 12780 11903 11934 12782 11903 12782 12783 11903 12783 12743 12783 12782 12784 11938 11905 12786 11938 12786 12785 11905 12743 12786 12787 12786 12783 12743 12783 12786 11940 12785 12786 11940 12786 11939 11939 12786 12788 12747 12746 12789 12747 12789 11939 12747 11939 12788 11942 11939 12789 11911 12789 12746 11911 12790 12789 11911 11943 12790 12791 12789 12790 11914 12749 11945 11943 11946 12793 11943 12793 12790 12793 11946 12792 12749 12751 11947 12749 11947 11945 12751 12794 11947 12792 11947 12793 12794 12793 11947 12796 12794 11950 12796 11950 12795 12794 12751 11950 11949 11950 12752 12751 12752 11950 12796 12795 12798 11949 12752 11951 12752 12797 11951 12752 12754 12797 12754 11953 12797 12754 11916 11953 12756 12758 12799 12756 12799 12760 11918 12759 11954 12759 11955 11954 12759 12801 11955 12759 12761 12801 12800 11955 12801 11956 11955 12764 11956 12764 12762 11955 12800 12764 12803 12764 12802 12800 12802 12764 11956 12762 11921 12803 12802 12805 12765 12767 12804 12765 11957 11924 12765 12804 11957 12804 12806 11957 11957 12806 12807 11959 11957 12807 12808 12809 12770 12808 12770 11961 12769 11960 12770 11960 11961 12770 12771 11963 11927 12771 12810 11963 12775 12812 12773 12812 12811 12773 12810 12771 11965 12810 11965 11966 12771 12777 11965 12813 11965 12814 12777 12814 11965 12813 12816 12815 11965 12813 12815 11965 12815 12778 11965 12778 11931 12778 12815 12817 12778 12817 11932 11932 12817 11968 12781 12780 12818 12780 12819 12818 12780 11935 12819 11935 11970 12819 12783 12784 12821 11971 12820 11972 12821 12787 12783 12820 11971 12785 12820 12785 12822 12785 11971 11938 11974 12785 11940 11974 12822 12785 12825 12823 12824 12826 11942 12789 12826 11976 11942 12823 12827 12824 12826 12789 11978 12826 11978 11979 12789 12791 11978 12828 11978 12829 12791 12829 11978 11978 12792 11946 11978 12831 12792 11978 12828 12831 12832 12831 12828 11981 11980 12830 12830 11980 11947 12830 11947 12833 12792 12831 11947 12831 12833 11947 11982 12834 12836 11982 12836 11950 12835 12795 12836 12795 11950 12836 11982 12838 12834 11982 12837 12838 11982 11951 12837 12797 12837 11951 12795 12835 12798 12840 11984 12839 12837 11984 12840 12837 11953 11984 12837 12797 11953 11986 12839 11984 12841 12839 11986 12841 12801 12842 12841 11988 12801 12841 11986 11988 11988 12800 12801 12802 12800 12845 12802 12845 12844 12800 11988 12845 12843 12845 11989 11988 11989 12845 12843 11990 12846 12843 11989 11990 12802 12844 12805 11991 12846 11990 12847 12846 11991 12849 11959 12807 12849 12847 11959 12849 12848 12847 11991 11959 12847 12850 12808 12849 12850 12849 12851 12808 11961 12849 12848 12849 11992 11961 11992 12849 11963 12810 11994 12811 12812 12853 12812 12852 12853 12812 12854 12852 11994 12810 11966 12853 12852 12856 12813 12814 12855 12813 12855 12816 11998 11997 12857 12857 11997 12001 12859 12858 11968 12859 11968 12817 11968 12858 12000 12860 12003 12000 12860 12000 12861 12858 12862 12000 12862 12861 12000 12864 12865 12863 12861 12819 12860 12819 12004 12860 12819 11970 12004 12864 12863 12866 11972 12820 12005 12005 12867 12006 12005 12820 12867 12820 12822 12867 12822 11974 12867 12867 11974 12007 12823 12825 12869 12823 12869 12868 12823 12868 12870 12823 12870 12827 12868 12008 12870 12826 12870 11976 12008 11976 12870 12828 12829 12870 12828 12870 12010 12826 11979 12870 11979 12010 12870 11981 12830 12871 11981 12871 12010 12832 12828 12871 12828 12010 12871 12874 12871 12830 12874 12830 12872 12833 12873 12830 12873 12872 12830 12836 12872 12873 12836 12014 12872 12836 12834 12014 12013 12014 12834 12876 12877 12875 12834 12015 12013 12834 12878 12015 12834 12838 12878 12879 12878 12838 12876 12875 12880 12840 12878 12879 12840 12017 12878 12840 12839 12017 12016 12017 12839 12882 12883 12881 12016 12841 12018 12016 12839 12841 12882 12881 12884 12841 12020 12018 12841 12886 12020 12841 12842 12886 12885 12020 12886 12885 12887 12845 12885 12845 12022 12885 12022 12020 12022 12845 12843 12888 12843 12846 12888 12024 12843 12888 12889 12024 12024 12022 12843 12846 12847 12890 12888 12846 12890 12892 12890 12847 12892 12847 12891 12891 12847 12848 12851 12893 12026 12851 12026 12850 12893 12891 12026 11992 12026 12848 12891 12848 12026 12028 12894 12029 12895 12852 12896 12852 12897 12896 12852 12854 12897 12852 12895 12856 12894 12028 12030 12899 12900 12898 12901 12899 12898 12901 12902 12899 12857 12031 11998 12031 12857 12001 12902 12901 12859 12901 12858 12859 12901 12903 12858 12003 12860 12033 12862 12858 12905 12858 12904 12905 12858 12903 12904 12906 12035 12034 12905 12904 12908 12860 12004 12033 12863 12865 12907 12866 12863 12907 12909 12910 12034 12909 12034 12037 12034 12910 12906 12037 12911 12909 12037 12040 12911 12039 12006 12867 12869 12912 12868 12867 12007 12039 12868 12043 12008 12868 12914 12043 12868 12912 12914 12914 12913 12043 12045 12913 12914 12045 12914 12044 12044 12914 12915 12916 12047 12044 12916 12044 12917 12917 12044 12915 12918 12919 12916 12918 12916 12872 12917 12874 12916 12874 12872 12916 12918 12920 12922 12918 12050 12920 12918 12872 12050 12014 12050 12872 12877 12921 12875 12050 12924 12920 12050 12923 12924 12050 12015 12923 12878 12923 12015 12875 12921 12880 12923 12925 12927 12923 12051 12925 12923 12878 12051 12017 12051 12878 12883 12926 12881 12926 12884 12881 12925 12051 12052 12885 12054 12053 12885 12886 12054 12886 12928 12054 12887 12885 12053 12887 12053 12929 12929 12053 12055 12889 12930 12024 12024 12930 12057 12931 12929 12055 12931 12055 12058 12057 12930 12932 12060 12057 12932 12891 12061 12062 12891 12062 12892 12892 12062 12933 12061 12891 12893 12061 12893 12063 12063 12893 12934 12894 12935 12065 12894 12065 12029 12935 12936 12065 12897 12065 12896 12936 12896 12065 12900 12937 12068 12900 12068 12898 12937 12935 12068 12030 12068 12894 12935 12894 12068 12068 12069 12938 12068 12938 12898 12898 12938 12901 12939 12938 12940 12939 12903 12938 12903 12901 12938 12942 12903 12939 12942 12941 12903 12941 12904 12903 12904 12941 12943 12904 12943 12908 12941 12072 12943 12906 12943 12035 12072 12035 12943 12906 12910 12943 12911 12040 12074 12944 12911 12074 12074 12945 12944 12075 12945 12074 12947 12948 12946 12913 12076 12043 12947 12946 12950 12076 12913 12045 12949 12078 12077 12077 12080 12949 12079 12047 12916 12953 12951 12952 12951 12954 12919 12951 12919 12952 12954 12082 12919 12916 12919 12079 12082 12079 12919 12956 12922 12082 12956 12082 12954 12922 12920 12082 12083 12082 12955 12920 12955 12082 12955 12920 12084 12955 12084 12085 12920 12924 12084 12957 12084 12958 12924 12958 12084 12957 12959 12927 12957 12927 12086 12957 12086 12084 12086 12927 12925 12925 12052 12086 12961 12962 12960 12961 12960 12087 12961 12087 12928 12928 12087 12054 12089 12964 12963 12088 12089 12963 12058 12963 12931 12058 12088 12963 12092 12091 12965 12967 12060 12932 12967 12965 12060 12967 12966 12965 12091 12060 12965 12967 12095 12966 12967 12933 12095 12933 12062 12095 12968 12934 12969 12968 12096 12934 12096 12063 12934 12935 12970 12936 12935 12097 12970 12097 12098 12970 12097 12935 12937 12097 12937 12099 12099 12937 12971 12100 12972 12974 12100 12974 12069 12973 12938 12974 12938 12069 12974 12972 12101 12975 12972 12100 12101 12938 12973 12940 12977 12941 12942 12977 12976 12941 12102 12975 12101 12072 12941 12976 12072 12976 12978 12072 12978 12103 12979 12978 12976 12978 12980 12103 12103 12980 12105 12981 12106 12105 12981 12105 12982 12982 12105 12980 12982 12108 12981 12982 12945 12108 12945 12075 12108 12946 12948 12984 12110 12983 12111 12950 12946 12984 12078 12949 12112 12983 12110 12113 12951 12986 12985 12951 12953 12986 12949 12080 12112 12114 12987 12115 12988 12954 12989 12954 12985 12989 12954 12951 12985 12988 12956 12954 12987 12114 12955 12987 12955 12990 12955 12114 12083 12958 12991 12116 12958 12116 12957 12991 12990 12116 12085 12116 12955 12990 12955 12116 12116 12117 12992 12957 12116 12992 12957 12992 12993 12957 12993 12959 12993 12992 12995 12962 12994 12960 12960 12994 12996 12960 12996 12087 12087 12996 12120 12997 12998 12964 12997 12964 12121 12121 12964 12089 12999 12998 12997 12999 13000 12998 12965 12123 12092 13000 12999 13002 12123 12965 12125 12965 13001 12125 12965 12966 13001 12126 12966 12095 12126 13003 12966 13003 13001 12966 12096 12968 12128 12126 12129 13003 12131 13004 12132 13006 12099 12971 13006 13004 12099 13006 13005 13004 12131 12099 13004 13007 13008 13005 13007 13005 12972 13006 12974 13005 12974 12972 13005 13007 12135 13009 13007 12975 12135 13007 12972 12975 12134 12135 12975 12976 13011 13010 12976 12977 13011 12975 12102 12134 12979 13012 13013 12979 12976 13012 12976 13010 13012 12139 13013 13012 12139 12138 13013 12138 13014 13013 12106 13014 12138 12106 13015 13014 12106 12981 13015 13015 13016 13014 12108 13015 12981 12108 13017 13015 12108 12141 13017 13018 13015 13017 12111 12983 13019 12111 13019 12141 12141 13019 13017 13021 12143 13020 13019 12143 13021 13019 12113 12143 13019 12983 12113 12144 13020 12143 12144 13022 13020 13023 12985 12986 12989 12985 13023 12115 12987 12146 13022 12144 12147 12990 12146 12987 12990 12149 12146 13024 13025 13026 13028 13025 13024 12991 13027 12990 13027 12149 12990 13027 12151 12149 12151 13027 12992 12151 12992 12117 13027 13029 12992 12153 12992 12154 13029 12154 12992 12153 12156 13030 12992 12153 13030 12992 13030 13031 12992 13031 12995 13031 13030 12157 13031 12157 12996 12996 12157 12120 13032 12997 12121 12158 13032 12121 13033 13032 13034 13033 12999 13032 12999 12997 13032 12999 13033 13002 12125 13001 13036 12125 13036 12159 13036 13001 13035 13001 13003 13037 13035 13001 13037 13003 13038 13037 13003 12129 13038 12129 12161 13038 12132 13004 12162 12164 12163 13039 13005 12162 13004 12165 12162 13005 12165 13040 12167 13005 13040 12165 13005 13041 13040 13005 13008 13041 13009 12135 13040 13009 13040 13041 12135 12168 13040 13043 13040 13042 12168 13042 13040 13010 13011 13042 13010 13042 12170 12170 13042 12168 13012 13010 13046 13012 13046 13045 13010 12170 13046 13044 13046 12171 12170 12171 13046 13045 13048 12139 13045 12139 13012 13048 13047 12139 12171 12139 13044 13047 13044 12139 13048 13016 13015 13048 13015 13047 13047 13015 13049 13049 13015 12173 13049 12173 12174 13015 13018 12173 13050 12173 13051 13018 13051 12173 12173 13050 12176 13053 13021 13020 13052 13053 13020 13054 13055 13052 13054 13052 13022 13022 13052 13020 13022 13056 13054 13022 12147 13056 12147 12178 13056 13024 13026 13058 12180 13057 12181 13028 13024 13058 13059 13060 12180 13059 12180 12183 12180 13060 13057 13029 13061 12154 12154 13061 12184 13062 13059 12183 13062 12183 12185 12156 12184 13061 12156 13061 13063 12156 13063 13030 13063 13061 13064 13030 13063 12188 12157 13030 12188 13065 13032 12158 12189 13065 12158 13034 12190 13066 13034 13065 12190 13034 13032 13065 13065 12191 12190 12159 13036 13067 12159 13067 12193 13036 13066 13067 12194 13067 12190 13066 12190 13067 12196 12193 13067 13068 12196 13067 13070 13038 12161 13070 12161 13068 13070 13068 13069 12196 13068 12161 12198 13039 12163 12198 13074 13039 13073 13071 13072 13076 13072 13071 13075 12201 12200 12200 12204 13075 12203 12167 13040 13079 13077 13078 13040 12205 12203 13040 13080 12205 13040 13043 13080 13081 13080 13043 13078 13077 13082 12207 13080 13081 12207 13081 12206 12206 13081 13083 13046 13044 13084 13046 13084 12206 13046 12206 13083 12208 12206 13084 13085 13086 13084 13085 13084 13047 13047 13084 13044 13088 13085 13047 13088 13047 13087 13087 13047 13049 13049 12209 13087 13049 12174 12209 13050 13051 13089 13050 13089 13090 13050 13090 12176 12176 13090 12210 13052 12211 12212 13052 12212 13053 13053 12212 13091 12211 13092 12214 13052 13092 12211 13052 13093 13092 13052 13055 13093 13093 13094 13092 13093 12178 13094 13093 13056 12178 12178 12216 13094 13094 13095 13096 12216 13095 13094 12216 13057 13095 12216 12181 13057 13057 13060 13095 13097 13098 13062 13097 13062 12218 12218 13062 12185 13064 13100 13063 13101 13098 13097 12220 13099 12221 13100 12188 13063 13100 12222 12188 13100 13103 12222 13102 12222 13103 13099 12220 12223 12189 12222 13102 12189 13102 13065 13065 13102 13104 13065 13104 12224 12191 13065 12224 13067 12194 12226 13105 13068 13067 13105 13067 12227 13105 12227 13106 12227 13067 12226 13108 13068 13105 13108 13069 13068 12229 13107 12230 12198 12232 13110 12198 13110 13074 12232 13109 13110 13073 13110 13071 13109 13071 13110 13071 13109 13111 13071 13111 13076 13109 12233 13111 13075 13111 12201 12233 12201 13111 13077 13079 13112 13075 12204 13111 12204 13113 13111 12204 12234 13113 12205 13114 12236 12205 13080 13114 13082 13077 13112 13080 12238 13114 12207 12238 13080 13115 12208 13084 12240 12208 13115 13115 13084 12241 13115 12241 12242 13084 13086 12241 13116 12241 13117 13086 13117 12241 13119 13088 12241 13119 12241 13116 13088 13087 12241 12244 12241 13118 13087 13118 12241 12209 13118 13087 12209 13120 13118 12209 12246 13120 13121 13118 13120 13120 12246 13122 13120 13122 13124 12246 12210 13122 13123 13122 13090 12210 13090 13122 13126 13127 13125 13123 13091 13122 13091 12248 13122 13091 12212 12248 13128 13126 13125 13128 13129 13126 13092 12250 12214 13129 13128 13131 13131 13128 13130 12250 13092 13094 12250 13094 12251 12251 13094 13096 12251 13096 12252 13131 13130 13096 13130 12252 13096 13132 13097 12218 13132 12218 13133 13133 12218 12254 12221 13134 12255 12221 13099 13134 13101 13097 13132 13099 12223 13134 13134 12223 12256 13102 13103 13136 13102 13136 13135 13137 13135 13138 13137 13104 13135 13104 13102 13135 13104 12259 12224 13104 13140 12259 13104 13137 13140 13140 13139 12259 13140 13142 13141 13139 13140 13141 13106 12227 13141 13106 13141 13142 12227 12260 13141 13144 13141 13143 12260 13143 13141 12230 13143 12260 12230 13145 13143 12230 13107 13145 13145 13146 13143 13109 12232 12262 12265 13148 13109 12265 13109 12262 13148 13147 13109 12233 13109 12264 13147 12264 13109 13147 12234 12264 13147 13113 12234 13150 13151 13149 13150 13149 13152 12236 13114 12267 13114 12238 12267 13154 13155 13153 13153 13156 13154 13153 12240 13156 13153 12268 12240 13115 13156 12240 13116 13117 13156 13116 13156 12269 13115 12242 13156 12242 12269 13156 12244 13118 13157 12244 13157 12269 13119 13116 13157 13116 12269 13157 13118 13121 13157 13122 12271 12272 13122 12272 13124 13124 12272 13158 13127 13159 13125 13122 12248 12271 13159 13160 12276 13159 12276 13128 13159 13128 13125 12275 13128 12276 12275 12278 13161 12275 13161 13128 13128 13161 13130 12252 13130 13161 12252 13161 13162 12252 13162 12279 13163 13162 13161 12279 13162 13164 12281 12279 13164 12283 13165 13166 12283 13166 12254 12254 13166 13133 13165 13167 13168 12283 13167 13165 12283 13134 13167 12283 12255 13134 12256 12285 13167 12256 13167 13134 12285 13169 13167 13136 13167 13135 13169 13135 13167 13138 12287 13170 13138 13169 12287 13138 13135 13169 13169 12288 12287 12259 13170 12287 12259 13171 13170 12259 13139 13171 13171 13172 13170 13139 13141 13171 13141 13173 13171 13173 13141 12291 13173 12291 12292 13141 13144 12291 13174 12291 13175 13144 13175 12291 13174 13176 13146 13174 13146 12293 13174 12293 12291 12293 13146 13145 12296 13178 13177 12295 12296 13177 13148 12265 13179 13179 12265 12297 13149 13151 13181 12299 13180 12300 13149 13181 13152 13180 12299 12301 13183 13184 13182 13183 13153 13155 13183 13182 13153 13182 13185 13153 13153 13185 12303 12268 13153 12303 12304 12305 13186 12304 13186 12307 12309 13188 13187 12308 12309 13187 13187 12272 12308 13158 12272 13187 12310 13189 12311 13189 12310 12313 13191 13190 12276 13191 12276 13160 12276 13190 12312 12278 12312 13190 12278 13190 13161 13161 13190 13192 13163 12315 13193 13163 13192 12315 13163 13161 13192 13192 12316 12315 12281 13164 13194 12281 13194 12317 13164 13193 13194 12318 13194 12315 13193 12315 13194 12320 12317 13166 12320 13166 13165 12317 13194 13166 13196 13166 13195 13194 13195 13166 13195 13197 13168 13195 13168 13196 13197 12322 13168 13165 13168 12320 12322 12320 13168 12285 12322 13197 12285 13197 13169 13169 13197 13198 12323 12288 13169 12323 13169 13199 13199 13169 13198 13172 13171 13200 13199 12325 12323 13202 13200 12328 13202 12328 13201 13200 13171 12328 12327 12328 13173 13171 13173 12328 13203 12331 12330 13202 13201 13205 13173 12292 12327 13174 13175 13204 13174 13204 13176 13203 12330 12332 13207 13208 13206 12334 13210 13209 12334 12295 13210 12295 13177 13210 13209 12297 12334 13209 13211 12297 13211 13179 12297 13213 13214 13212 13180 12337 12300 13184 12339 13182 13184 12340 12339 13184 13213 12340 13212 12340 13213 13180 12301 12337 13215 13185 13182 13215 13182 12341 13215 12341 13216 12341 13182 12339 13218 13217 12342 13215 13218 12342 13215 12342 12303 13215 12303 13185 12305 12342 13217 12305 13217 13186 13186 13217 13219 12307 13186 13219 12307 13219 13220 12307 13220 12344 13221 13220 13219 12309 13220 13188 12309 12344 13220 12347 12346 13222 13222 13223 13224 13222 12346 13223 12346 12348 13223 12311 13189 13225 12311 13225 12348 12348 13225 13223 12313 12351 13225 12313 13225 13189 12351 13226 13225 13191 13225 13190 13226 13190 13225 12352 13227 12353 13228 13192 13229 13192 13226 13229 13192 13190 13226 13228 13231 12316 13228 12316 13192 13231 13230 12316 12352 12316 13227 13230 13227 12316 13232 13230 12318 13232 12318 12355 13230 13231 12318 13194 12318 13233 13231 13233 12318 12355 12357 13232 13194 13233 13234 13194 13234 13195 13234 13233 13235 12360 12359 13197 12360 13197 13234 13234 13197 13195 13198 13197 13238 13198 13238 13237 13197 12359 13238 13236 13238 12362 12359 12362 13238 13198 13239 13199 13198 13237 13239 13236 12362 12364 13241 13240 12365 13239 13241 12365 13239 12365 12325 13239 12325 13199 12365 13201 12328 12365 13243 13201 12365 13240 13243 13244 13243 13240 12368 12367 13242 12367 13246 13242 12367 13245 13246 12367 12331 13245 13203 13245 12331 13201 13243 13205 12332 12369 13245 12332 13245 13203 12369 13247 13245 13208 13245 13206 13247 13206 13245 13209 13210 13249 12371 13248 12372 13211 13209 13249 13250 13251 12371 13250 12371 12375 12371 13251 13248 13212 13214 13250 13212 13250 12376 12376 13250 12375 13212 12376 12340 13252 13253 13216 13252 13216 12378 12378 13216 12341 13217 12380 12379 13218 12380 13217 13218 13252 12380 13218 13253 13252 12379 12381 13254 12379 13254 13217 13217 13254 13219 13221 13254 13255 13219 13254 13221 13256 12347 13222 12383 12347 13256 13224 13258 13257 13224 13257 13222 13222 13257 13256 13258 13260 13259 13257 13258 13259 13260 13261 13259 12351 12386 13226 13227 12387 12353 13229 13226 12388 13229 12388 13262 12388 13226 12386 13230 12387 13227 13230 12390 12387 13263 13264 13265 13264 13263 13267 13267 13263 13266 12390 13230 13232 12390 13232 12392 13235 12394 13234 13235 12395 12394 13235 13267 12395 13266 12395 13267 13232 12357 12392 13234 12394 12360 13269 13238 13236 13268 13269 13236 12364 13268 13236 12364 13270 13268 12364 12398 13270 13271 13268 13270 13273 12398 12399 13273 13270 12398 13241 13272 13240 12368 13274 12400 12368 13242 13274 13244 13240 13272 13246 13275 13274 13242 13246 13274 13247 12369 12401 13279 13276 12402 13279 12402 12403 13276 13277 12402 13278 12402 13280 13277 13280 12402 13282 13283 13281 13284 12404 13276 13284 13276 13279 13276 12404 12405 13282 13281 13286 12404 13284 12407 13284 13285 12407 13284 13287 13285 13291 13289 13290 13287 12411 13288 13287 13288 13285 13288 12411 12410 12410 12412 13288 13290 13289 13292 13290 13292 13294 13292 13289 13293 13297 13292 13295 13297 13294 13292 12415 13296 12413 12413 13296 12418 12417 12416 13298 12416 12421 13298 12420 12423 13302 13301 13299 13300 13302 13304 12425 13302 12425 12420 13304 13303 12425 13299 12425 13300 13303 13300 12425 13306 13303 13304 13306 13304 13305 13305 13304 13307 13308 13309 13305 13308 13305 13310 13310 13305 13307 13308 13311 13313 13308 12431 13311 13308 13310 12431 12433 12431 13310 13315 13312 13314 13317 13314 13312 12437 13316 12435 13311 12431 12436 12439 13318 13319 12439 12438 13318 12441 12435 13316 12444 13322 12442 12438 12443 13321 12438 13321 13318 13321 12443 13320 12442 13322 12447 13321 13320 13325 13320 13324 13325 13320 13323 13324 12449 13326 12450 13327 13329 13328 13329 13323 13328 13329 13324 13323 13327 13331 12452 13327 12452 13329 13331 13330 12452 12449 12452 13326 13330 13326 12452 13331 13333 13332 13330 13331 13332 13333 13334 13332 13333 12456 13334 13333 13335 12456 12456 12455 13334 13334 13336 13337 12455 13336 13334 12455 13338 13336 12455 12458 13338 13340 12460 13339 13336 12460 13340 13336 12461 12460 13336 13338 12461 13339 13341 13342 12460 13341 13339 12460 13343 13341 12460 12464 13343 13277 13276 13344 13277 13344 12466 13277 12466 13345 12465 12466 13344 13283 13346 12468 13283 12468 13281 13346 13344 12468 12405 12468 13276 13344 13276 12468 12407 13285 13347 12407 13347 12468 13286 13281 13347 13281 12468 13347 13349 13347 13285 13349 13285 13348 13348 13285 13288 13293 13351 13292 13288 12412 13350 13288 13350 13348 13350 12412 12471 13351 13295 13292 13350 12471 12473 13353 13354 13352 13298 12474 12417 13355 12476 12475 13353 13352 13357 13298 12421 12474 13299 13301 13356 13355 12475 12478 13299 13356 12425 13356 12477 12425 13356 13358 12477 13306 13305 13359 13306 13359 12477 13306 12477 13358 12479 12477 13359 13309 13361 13360 13309 13360 13305 13305 13360 13359 13311 12482 12483 13313 13311 12483 13313 12483 13360 13313 13360 13361 12482 13311 12436 12485 12484 13362 13362 12484 12488 13364 13363 12439 13364 12439 13319 12439 13363 12487 12487 13320 12443 12487 13366 13320 12487 13363 13366 13367 13366 13363 12491 12490 13365 12490 12492 13368 12490 13368 13365 12492 13323 13368 13366 13368 13320 13323 13320 13368 13323 13370 13328 13323 13369 13370 13323 12492 13369 12494 13369 12492 12450 13326 12493 13370 13369 13372 13372 13369 13371 12493 13326 13330 12493 13330 12496 13372 13371 13374 12496 13330 12498 13330 13373 12498 13330 13332 13373 13332 13334 13373 13334 13375 13373 13337 13376 13375 13334 13337 13375 13377 13378 13340 13377 13340 12500 13339 12499 13340 12499 12500 13340 12499 13339 13342 12499 13342 12501 13378 13377 13342 13377 12501 13342 13381 13379 13380 13381 12465 13379 13381 12502 12465 13344 13379 12465 13382 12504 13344 13382 13344 13346 12504 12505 13344 13379 13344 13383 12505 13383 13344 13384 12507 12504 13384 12504 13385 13385 12504 13382 13349 13384 13385 13349 12509 13384 13349 13348 12509 12508 12509 13348 13387 13388 13386 12508 13350 12510 12508 13348 13350 13387 13386 13389 12512 13390 13391 12512 12511 13390 12473 12510 13350 13393 12511 12514 13393 13390 12511 13354 13392 13352 12476 13394 12515 12476 13355 13394 13357 13352 13392 12516 13355 12478 12516 13395 13355 13395 13394 13355 12479 13395 12516 12479 13359 13395 13359 13396 13395 13397 13398 13396 13397 13396 13360 13360 13396 13359 13360 13399 13397 13360 12483 13399 12483 12518 13399 13400 12485 13362 12520 12485 13400 13364 13401 12522 13364 12522 13363 13401 13400 12522 12488 12522 13362 13400 13362 12522 13365 12523 12491 13367 13363 12524 13367 12524 13402 12524 13363 12522 13368 12523 13365 13368 13403 12523 13403 12525 12523 12494 13404 13369 12494 12525 13404 12525 13403 13404 13369 13405 13371 13404 13405 13369 13371 13405 13374 12498 13373 13407 12498 13407 12527 13407 13373 13406 13406 12530 13408 13406 13375 12530 13406 13373 13375 12529 12530 13375 12529 13375 13376 12529 13376 12531 12531 13376 13409 13410 13377 12500 13410 12500 13411 13411 12500 12533 13377 12534 12501 13377 13410 12534 13410 13412 12534 13381 13414 13413 13381 13413 12502 12502 13413 12535 13383 12505 13415 13415 12505 12537 13417 13418 13416 13384 12539 12507 13419 12542 12541 13417 13416 13421 13384 12509 12539 13386 13388 13420 13386 13420 13389 13419 12541 12544 13423 13424 13422 13423 13422 13425 13423 13425 12512 13423 12512 13391 12512 13425 12545 13426 12548 12547 13425 13427 12545 13427 12514 12545 13427 13393 12514 12547 12551 13426 12550 12515 13394 13430 13428 13429 13394 13395 12552 13394 12552 12550 13395 13431 12552 13428 12552 13429 13431 13429 12552 13431 12554 13432 13431 13396 12554 13431 13395 13396 12553 12554 13396 13398 12553 13396 13398 13433 12553 13433 12555 12553 13435 12557 13434 13435 12558 12557 13399 12518 13433 12518 12555 13433 12520 13400 13436 12520 13436 12557 12557 13436 13434 13400 13401 13436 12559 13437 13438 12559 13438 12524 12524 13438 13402 12560 13437 12559 13439 13437 12560 13439 12560 12562 13442 13440 13441 12565 13441 13440 12565 12564 13441 12564 13443 13441 13443 12564 13444 13443 13444 13446 12564 12527 13444 13445 13444 13407 12527 13407 13444 13445 12566 13444 13445 13408 12566 13408 12530 12566 12567 13448 13447 12567 12531 13448 12531 13409 13448 13449 12569 12568 13447 13450 12567 13450 12533 12567 13450 13411 12533 13449 12568 12571 13453 13451 13452 13456 12574 12573 13455 13454 12535 13455 12535 13413 12535 13454 12572 12577 13457 13454 12577 13454 12578 13457 13415 13454 12572 13454 12537 13415 12537 13454 13418 13459 13416 13460 13457 13458 13457 12580 13458 13457 12577 12580 13421 13416 13459 12542 13419 12581 13458 12580 12582 13424 13461 13422 13419 12544 12581 13463 13422 13461 13463 13425 13422 12585 13462 12586 13427 13425 13463 12548 13426 12587 13462 12585 12588 13426 12551 12587 13428 13430 12590 13430 12591 12590 13430 13464 12591 12592 12552 13428 12592 13428 13465 12590 12593 13428 12593 13465 13428 12595 13466 13465 12595 13465 12596 13466 13432 13465 12592 13465 12554 13432 12554 13465 12595 13467 13466 12598 13467 12595 12599 13469 13468 12599 12558 13469 12558 13435 13469 12600 12599 13468 13470 12600 13468 13471 12601 12600 13471 12600 13472 13470 13473 12600 13473 13472 12600 13438 13471 13472 13438 12603 13471 13438 13437 12603 12602 12603 13437 13475 13476 13474 13475 13474 13478 13478 13474 13477 12602 13437 13439 12602 13439 12605 13479 12608 12607 13478 13477 13481 13439 12562 12605 13440 13442 13480 13480 12565 13440 13480 12610 12565 13480 13483 12610 13482 12610 13483 13479 12607 12611 13446 13444 13484 13482 12613 12610 13486 12614 13485 13484 12614 13486 13484 12566 12614 13484 13444 12566 13488 13447 13448 13488 13487 13447 12615 13485 12614 13449 12617 12569 13449 13489 12617 13447 13487 13450 13487 13490 13450 13453 13491 12618 13453 12618 13451 13491 13489 12618 12571 12618 13449 13489 13449 12618 13455 13492 13454 13456 12573 12620 13454 12622 12578 13454 13492 12622 13492 13493 12622 13496 13494 13495 13493 13460 12623 13493 12623 12622 12623 13460 13458 13458 12582 12623 13495 13494 13497 13500 13498 13499 13498 13501 13499 13498 12586 13501 13498 12625 12586 13462 13501 12586 13462 12588 12627 13462 12627 13503 13462 13503 13501 13503 12627 13502 13503 13502 13506 13464 13505 12629 13464 12629 12591 12629 13505 13504 13504 13505 13507 13504 13507 12593 13504 12593 12631 13465 12593 13507 13465 13507 13508 13465 13508 12596 12596 13508 12633 13467 12598 12635 13509 13467 12635 13511 12635 12637 13511 13509 12635 13469 13510 13468 13510 13512 12640 13510 12640 13470 13510 13470 13468 12639 13470 12640 12601 13471 13513 12601 13513 12639 13473 13470 13513 13470 12639 13513 13513 13514 13516 13513 12643 13514 13513 13471 12643 12603 12643 13471 13476 13515 13474 12643 12645 13514 13474 13515 13517 13474 13517 13477 13517 13515 13518 13481 13517 13519 13481 13477 13517 12608 13479 12646 13479 12611 12646 13482 13483 13521 12648 12647 13520 13520 12647 12613 13520 12613 13522 13482 13521 12613 13521 13522 12613 13524 13486 13485 13523 13524 13485 13485 12615 13523 13523 12615 12649 13487 13488 13526 13487 13526 13525 13490 13525 13527 13490 13487 13525 12617 13489 12650 12650 13489 13491 12650 13491 12651 12651 13491 13528 13530 12653 13529 13530 13531 12653 13531 12654 12653 13529 12653 12656 13534 13532 13533 13494 12659 12658 13496 12659 13494 13496 13532 12659 13496 13533 13532 13497 13494 12658 13497 12658 13535 13535 12658 12661 13500 13536 13498 13500 12661 13536 13500 13535 12661 12662 13536 12661 13498 13536 12663 12625 13498 12663 13537 13502 12627 13537 12627 13538 13538 12627 12664 13502 13537 13506 12629 13504 13540 12629 13540 12665 13540 13504 13539 13542 12667 13541 13539 12667 13542 13539 12631 12667 13539 13504 12631 13544 12633 13508 13544 13541 12633 13544 13543 13541 12667 12633 13541 12670 13543 13544 12670 13544 12669 13546 13545 13544 13545 12669 13544 13548 13511 12637 13548 12637 13545 13548 13545 13547 12669 13545 12637 13512 12673 12640 13512 13549 12673 13550 13548 13547 13549 13551 12673 12673 13551 12674 13554 13552 13553 13551 13516 12675 13551 12675 12674 12675 13516 13514 12675 13514 12645 13553 13552 13556 13517 13518 13555 13517 13555 13519 12678 12677 13557 12648 13520 12680 12677 12681 13557 12680 13558 12682 13520 13558 12680 13520 13559 13558 13520 13522 13559 13559 13524 13523 13559 13523 13558 13558 13523 13560 13523 12685 13560 13523 12649 12685 13525 13526 13561 13525 13561 13527 12687 12686 13562 13562 12686 12689 13564 13563 12651 13564 12651 13528 12651 13563 12688 13567 13565 13566 13568 13530 12691 13568 12691 12692 12691 13530 13529 13569 12695 12694 13566 13565 13571 13529 12656 12691 13532 13534 13570 13570 13573 12659 13570 12659 13532 13573 13572 12659 12694 12659 13569 13572 13569 12659 13573 13574 13572 12697 13575 13577 12697 13577 12662 13576 13536 13577 13536 12662 13577 13575 12697 12700 13536 13576 12663 13576 12699 12663 13576 13578 12699 13578 12664 12699 13538 12664 13578 13579 13540 13580 13579 12703 13540 12703 12665 13540 13542 13579 13580 13542 12705 13579 13542 13541 12705 12704 12705 13541 13582 13583 13581 13582 13581 13585 13585 13581 13584 12704 13541 13543 12704 13543 12706 13546 12707 13545 13546 12708 12707 13546 13585 12708 13584 12708 13585 13543 12670 12706 13547 13545 13588 13547 13588 13587 13545 12707 13588 13586 13588 12710 12707 12710 13588 13587 13550 13547 13586 12710 12712 12714 13589 13590 12713 13589 12714 13554 13592 13552 13593 13589 13591 13589 12715 13591 13589 12713 12715 13552 13592 13556 13591 12715 12716 13595 13596 13594 13595 13594 13597 12678 13557 12717 12717 13557 12681 12719 12718 13598 12682 13598 12718 12682 13558 13598 13558 13599 13598 13601 13602 13600 13560 12721 13599 13560 13599 13558 13599 12721 12722 13601 13600 13604 12721 13560 12685 13603 12725 12724 12724 12727 13603 12726 12687 13562 13607 13605 13606 12726 13562 12689 13606 13605 13564 13605 13563 13564 13605 13608 13563 13567 13610 13565 13611 13612 13613 12730 13609 12731 13565 13610 13571 13569 12734 12695 13609 12730 12735 13615 13616 13614 13615 13614 13618 13618 13614 13617 12734 13569 13572 12734 13572 12737 13572 12738 12737 13572 13619 12738 13572 13574 13619 13620 13619 13574 13618 13617 13621 13575 12739 12740 13577 13575 12740 13577 12740 13619 13577 13619 13620 12739 13575 12700 12742 12741 13622 13622 13623 13624 13622 12741 13623 12741 12744 13623 12703 13623 12744 12703 13625 13623 12703 13579 13625 13625 13626 13623 13583 13627 12745 13583 12745 13581 13627 13625 12745 12705 12745 13579 13625 13579 12745 12745 12747 13628 12745 13628 13581 13581 13628 13584 12748 12708 13584 12748 13584 13629 13629 13584 13628 12750 12748 13588 12750 13588 13586 12748 13629 13588 13631 13588 13630 13629 13630 13588 13631 13632 13633 13631 13630 13632 12750 13586 12712 13633 13632 13634 13633 13634 12714 13633 12714 13590 12714 13634 12753 12755 12753 13593 12755 13593 13591 12753 13634 13593 13636 13593 13635 13634 13635 13593 13637 12758 12757 13636 13635 13639 13591 12716 12755 13594 13596 13638 13638 13597 13594 13637 12757 12760 13640 12719 13598 13640 13641 12719 13641 12761 12719 13640 12764 13642 13640 13599 12764 13640 13598 13599 12763 12764 13599 13599 12722 12763 13600 13602 13644 12767 12766 13643 13644 13604 13600 13643 12766 13603 13643 13603 13645 13603 12766 12725 13607 13646 12768 13607 12768 13605 13646 13645 12768 12727 12768 13603 13645 13603 12768 13647 13608 13605 13647 13605 12770 13647 12770 13648 12770 13605 12768 13609 12772 12731 13611 13613 12773 13611 12773 13649 12773 13613 12774 13609 12735 12772 13614 13616 12776 13616 12777 12776 13616 13650 12777 13617 13614 13653 13617 13653 13652 13614 12776 13653 13651 13653 12779 12776 12779 13653 12779 13655 13651 12779 13654 13655 12779 12738 13654 13619 13654 12738 13617 13652 13621 13619 13656 13654 13619 12740 13656 12740 12781 13656 13622 12782 12742 12782 13657 12784 13622 13657 12782 13622 13658 13657 13622 13624 13658 13626 13657 13658 13626 12787 13657 13626 13625 12787 12786 12787 13625 13660 13661 13659 13659 13662 13627 13659 13627 13660 13662 12788 13627 13625 13627 12786 12788 12786 13627 13662 13664 13663 12788 13662 13663 12788 13663 13628 12788 13628 12747 13666 13628 13663 13666 13629 13628 12790 13665 12791 12790 13667 13665 12790 12793 13667 13666 13668 13629 13668 13630 13629 12793 12794 13669 12793 13669 13667 12794 13632 13669 13668 13669 13630 13632 13630 13669 13634 13632 13672 13634 13672 13671 13632 12794 13672 13670 13672 12796 12794 12796 13672 12796 12798 13670 13634 13671 13673 13634 13673 13635 13673 13671 13674 13639 13673 13675 13639 13635 13673 12758 13637 12799 13637 12760 12799 13641 13676 12761 13676 12801 12761 12803 13677 13678 12803 13678 12764 12764 13678 13642 12803 12805 13677 12804 12767 13643 13681 13679 13680 13680 13679 13683 13683 13679 13682 12804 13643 13645 12804 13645 12806 12806 13645 13646 12806 13646 12807 13683 13682 13646 13682 12807 13646 12809 13684 13685 12809 13685 12770 12770 13685 13648 13649 12773 13686 13686 12773 12811 13687 13650 13688 13687 12814 13650 12814 12777 13650 13651 12815 12816 13653 13651 12816 13653 12816 13687 13653 13687 13688 12815 13689 12817 13651 13689 12815 13651 13690 13689 13651 13655 13690 13656 12781 13689 13656 13689 13690 12781 12818 13689 13692 13689 13691 12818 13691 13689 13693 12818 12819 13693 13694 12818 13694 13691 12818 13695 13694 13693 13695 13696 13694 13657 12821 12784 12821 13657 12787 13696 13695 13698 13659 13661 13697 13700 13659 13697 13700 13662 13659 12824 13699 12825 13700 13664 13662 13699 12824 12827 13701 12791 13665 13701 13702 12791 13702 12829 12791 13704 13701 12832 13704 12832 13703 13701 13665 12832 12831 12832 13667 13665 13667 12832 13667 12833 12831 13667 13705 12833 13667 13669 13705 13706 13705 13669 13704 13703 13707 13670 12835 12836 13672 13670 12836 13672 12836 13705 13672 13705 13706 13670 12798 12835 13673 13674 12837 13674 12838 12837 13674 13708 12838 12837 12840 13709 13673 12837 13709 13673 13709 13710 13673 13710 13675 13710 13709 13711 13712 13676 13713 13712 12842 13676 12842 12801 13676 13678 13712 13713 13678 12845 13712 13678 13677 12845 12844 12845 13677 13715 13716 13714 12844 13677 12805 13715 13714 13681 13714 13679 13681 13714 13717 13679 13679 13717 13682 13682 13717 13718 12807 13682 13718 12807 13718 13719 12807 13719 12849 13720 13719 13718 13685 13684 13721 13685 13721 12849 13685 12849 13719 12851 12849 13721 13723 13722 13724 13723 12811 13722 13723 13686 12811 12811 12853 13722 12853 12856 13722 12855 12814 13687 13727 13725 13726 13726 13728 13729 13726 13725 13728 12855 13687 12816 13728 13730 13729 13728 12817 13730 13728 12859 12817 13689 13730 12817 13689 13692 13730 12862 13731 12861 12865 12864 13693 12865 13693 13731 12819 12861 13693 12861 13731 13693 12864 12866 13732 12864 13732 13693 13693 13732 13695 13698 13733 13734 13698 13695 13733 13695 13732 13733 13733 13735 13734 13733 12825 13735 13733 12869 12825 13699 13735 12825 13699 12827 12870 13699 12870 13735 13735 12870 13736 13736 12870 12829 13702 13736 12829 12871 13737 13739 12871 13739 12832 13738 13703 13739 13703 12832 13739 13707 13703 13738 12833 13705 12873 13737 12871 12874 12873 13705 12836 12877 12876 13740 12879 13708 13741 12879 12838 13708 12876 12880 13740 12879 13741 13709 12879 13709 12840 13741 13742 13709 12882 13709 12883 13742 12883 13709 12882 13711 13709 12882 12884 13711 12884 13743 13711 13744 12842 13712 13744 13745 12842 13745 12886 12842 12845 12887 13744 12845 13744 13712 12887 13746 13744 13716 13744 13714 13746 13714 13744 12889 12888 13717 12889 13717 13746 13746 13717 13714 13718 13717 13749 13718 13749 13748 13717 12888 13749 13747 13749 12890 12888 12890 13749 13748 13720 13718 13747 12890 12892 13750 12851 13721 12893 12851 13750 13752 13753 12896 13752 12896 13751 13753 13724 12896 12895 12896 13722 13724 13722 12896 13727 12899 13725 13727 12900 12899 13727 13752 12900 13751 12900 13752 13722 12856 12895 13728 13725 12899 12902 13728 12899 13728 12902 12859 12905 13754 13756 12905 13756 12862 13755 13731 13756 13731 12862 13756 13754 12905 12908 13731 13755 12865 13755 12907 12865 13755 13757 12907 12907 13757 13732 12907 13732 12866 13757 13758 13732 12909 13732 12910 13758 12910 13732 12909 12911 13759 12909 13759 13732 13732 13759 13733 12912 12869 13733 12912 13733 13760 13760 13733 13759 13760 13762 13761 13760 13761 12912 12912 13761 12914 13761 13763 12914 12914 13763 12915 13766 13764 13765 13763 13739 12917 13763 12917 12915 12917 13739 13737 13737 12874 12917 13765 13764 12918 13765 12918 13767 12918 13764 12919 12918 13768 13767 12918 12922 13768 12921 12877 13740 12924 13769 13770 12924 12923 13769 12880 12921 13740 12883 13742 13771 12883 13771 12926 13742 13769 13771 12927 13771 12923 13769 12923 13771 13773 13743 12884 13773 12884 13771 13773 13771 13772 12926 13771 12884 13773 13772 12928 13773 12928 13745 13745 12928 12886 13746 12887 12929 12931 13775 13746 12931 13746 12929 13775 13774 13746 12889 13746 12930 13774 12930 13746 13749 13747 13776 13749 13776 12930 13749 12930 13774 12932 12930 13776 12933 13747 12892 12933 13776 13747 13779 13777 13778 13777 13780 13778 13777 12893 13780 13777 12934 12893 13750 13780 12893 13783 13782 13781 13783 13781 12896 13783 12896 12936 13751 12896 13781 13751 13781 13784 13751 13784 12900 12900 13784 12937 12939 12940 13785 13787 13756 12939 13787 12939 13785 13756 13754 12939 12942 12939 13786 13754 13786 12939 12943 13754 12908 12943 13788 13754 13788 13786 13754 13790 12910 13758 13790 13788 12910 13790 13789 13788 12943 12910 13788 13791 13789 12911 13791 12911 12944 13789 13790 12911 13759 12911 13792 13790 13792 12911 12944 12945 13791 13759 13792 13793 13759 13793 13760 13793 13792 13794 13762 12947 13795 13762 13793 12947 13762 13760 13793 13793 12948 12947 13796 12947 12950 13796 13797 12947 13797 13795 12947 13766 13799 13764 13800 13797 13796 12952 13798 12953 13799 13802 12919 13799 12919 13764 13802 13801 12919 12952 12919 13798 13801 13798 12919 13802 12956 13801 13802 13768 12956 13768 12922 12956 13803 13770 13804 13803 12958 13770 12958 12924 13770 13805 13771 13804 13805 13804 13806 13771 12927 13804 13803 13804 12959 12927 12959 13804 12962 12961 13772 12962 13772 13805 13805 13772 13771 13772 12961 12928 12963 12964 13807 13809 13775 12931 13809 12931 13807 13809 13807 13808 12963 13807 12931 13810 13809 13808 13810 13811 13809 13776 12967 12932 12967 13776 12933 13811 13810 13779 13810 13777 13779 13810 13812 13777 12969 12934 13777 12969 13777 13813 13813 13777 13812 13816 13814 13815 13816 13817 13814 12970 13783 12936 13815 13814 13820 13784 13819 12971 13784 12971 12937 12971 13819 13818 12974 13818 13819 12974 13819 12973 12973 13819 13821 12940 13822 13785 12940 12973 13822 12973 13821 13822 13785 13822 13787 12942 13786 13824 12942 13824 12977 13824 13786 13823 13823 12979 13825 13823 13788 12979 13823 13786 13788 12978 12979 13788 13789 12978 13788 12980 12978 13789 13791 12980 13789 12982 12980 13791 13794 13826 13793 13791 12945 12982 13793 12984 12948 13793 13826 12984 13826 13827 12984 12950 12984 13827 12950 13827 13828 12950 13828 13796 13828 13827 13829 13796 13828 13830 13796 13830 13800 13828 12986 13830 13798 13830 12953 12986 12953 13830 13832 13830 12989 13832 12989 13831 13830 13798 12989 12988 12989 13801 13798 13801 12989 13801 12956 12988 13832 13831 13833 13834 12958 13803 13834 13835 12958 13835 12991 12958 13805 13806 13834 13805 13834 12993 13803 12959 13834 12959 12993 13834 12994 12962 13805 12994 13805 13836 12993 12995 13805 12995 13836 13805 12994 13836 12996 13807 12964 12998 13808 13807 12998 13000 13808 12998 13837 13810 13808 13837 13808 13002 13837 13002 13838 13002 13808 13000 13840 13810 13837 13840 13839 13810 13839 13812 13810 13812 13839 13813 13813 13839 13841 13842 13844 13843 13842 13814 13844 13814 13817 13844 13842 13820 13814 13846 13847 13845 12971 13818 13006 13846 13845 13849 13006 13818 12974 13848 13008 13007 13848 13007 13009 13852 13850 13851 13851 13850 13011 13851 13011 13824 13824 13011 12977 13825 12979 13013 13853 13825 13013 13855 13014 13854 13855 13853 13014 13853 13013 13014 13014 13016 13854 13017 13856 13018 13019 13856 13017 13857 13856 13019 13829 13858 13828 13857 13019 13021 13828 13023 12986 13828 13858 13023 13858 13859 13023 12989 13023 13859 12989 13859 13860 12989 13860 13831 13860 13859 13861 13833 13025 13862 13833 13860 13025 13833 13831 13860 13860 13026 13025 12991 13835 13863 12991 13863 13027 13835 13862 13863 13028 13863 13025 13862 13025 13863 13027 13863 13029 13031 13864 13866 13031 13866 12995 13865 13836 13866 13836 12995 13866 13864 13031 12996 13864 12996 13867 13836 13865 12996 13865 13867 12996 13033 13034 13868 13035 13869 13868 13035 13868 13036 13869 13838 13868 13033 13868 13002 13838 13002 13868 13839 13840 13869 13839 13869 13037 13037 13869 13035 13037 13038 13870 13037 13870 13839 13839 13870 13841 13843 13844 13874 13872 13873 13871 13872 13845 13847 13872 13871 13845 13871 13875 13845 13008 13848 13041 13849 13845 13877 13845 13876 13877 13845 13875 13876 13852 13042 13850 13852 13043 13042 13852 13877 13043 13876 13043 13877 13848 13009 13041 13850 13042 13011 13045 13046 13878 13048 13045 13855 13048 13855 13854 13045 13878 13855 13880 13855 13879 13878 13879 13855 13854 13016 13048 13880 13879 13881 13882 13018 13856 13882 13883 13018 13883 13051 13018 13885 13882 13856 13885 13856 13884 13884 13856 13857 13857 13053 13884 13021 13053 13857 13054 13886 13055 13888 13860 13861 13888 13887 13860 13056 13886 13054 13026 13860 13887 13026 13887 13889 13026 13889 13058 13890 13889 13887 13060 13059 13891 13028 13058 13863 13058 13892 13863 13058 13889 13892 13892 13029 13863 13892 13061 13029 13892 13894 13061 13893 13061 13894 13891 13059 13062 13866 13864 13895 13893 13064 13061 13898 13895 13864 13898 13864 13896 13867 13897 13864 13897 13896 13864 13897 13899 13896 13868 13034 13066 13868 13066 13036 13902 13901 13900 13901 13903 13900 13038 13070 13870 13871 13073 13072 13871 13873 13073 13873 13904 13073 13072 13076 13905 13072 13905 13871 13871 13905 13875 13078 13906 13079 13907 13876 13908 13876 13905 13908 13876 13875 13905 13907 13043 13876 13907 13081 13043 13907 13910 13081 13909 13081 13910 13906 13078 13082 13909 13912 13911 13909 13911 13081 13081 13911 13083 13046 13083 13911 13046 13911 13913 13046 13913 13878 13913 13911 13914 13085 13915 13086 13916 13879 13917 13879 13913 13917 13879 13878 13913 13916 13881 13879 13915 13085 13088 13089 13919 13918 13089 13051 13919 13051 13883 13919 13921 13885 13089 13921 13089 13918 13885 13884 13089 13090 13089 13920 13884 13920 13089 13884 13091 13920 13053 13091 13884 13923 13924 13922 13886 13093 13055 13093 13886 13056 13923 13922 13926 13887 13888 13925 13927 13096 13095 13927 13928 13096 13925 13890 13887 13060 13891 13929 13060 13929 13095 13095 13929 13927 13929 13930 13932 13929 13098 13930 13929 13891 13098 13062 13098 13891 13894 13931 13893 13931 13064 13893 13931 13100 13064 13931 13934 13100 13933 13100 13934 13930 13098 13101 13936 13898 13100 13936 13100 13933 13898 13896 13100 13103 13100 13935 13896 13935 13100 13899 13937 13935 13896 13899 13935 13940 13939 13938 13902 13938 13939 13902 13106 13938 13902 13900 13106 13105 13106 13900 13942 13943 13941 13941 13944 13903 13941 13903 13942 13944 13108 13903 13900 13903 13105 13108 13105 13903 13948 13110 13945 13948 13945 13947 13110 13073 13945 13946 13945 13904 13073 13904 13945 13946 13949 13945 13076 13111 13905 13905 13951 13908 13905 13950 13951 13905 13111 13950 13113 13950 13111 13079 13906 13112 13112 13906 13082 13951 13950 13953 13909 13910 13952 13912 13909 13952 13955 13956 13954 13955 13954 13958 13914 13957 13913 13913 13957 13917 13086 13915 13960 13086 13960 13117 13960 13915 13959 13915 13088 13119 13915 13119 13962 13915 13962 13959 13962 13119 13961 13918 13121 13120 13919 13121 13918 13919 13961 13121 13919 13962 13961 13918 13964 13921 13918 13963 13964 13918 13120 13963 13124 13963 13120 13090 13920 13123 13920 13091 13123 13964 13963 13126 13964 13126 13965 13126 13963 13127 13924 13967 13922 13968 13965 13966 13965 13129 13966 13965 13126 13129 13966 13131 13969 13966 13129 13131 13922 13967 13926 13969 13131 13096 13969 13096 13970 13970 13096 13928 13973 13972 13971 13932 13971 13972 13932 13133 13971 13932 13930 13133 13132 13133 13930 13975 13976 13974 13132 13930 13101 13975 13974 13934 13974 13933 13934 13974 13977 13933 13935 13136 13103 13935 13978 13136 13933 13977 13936 13977 13979 13936 13937 13980 13137 13937 13137 13978 13937 13978 13935 13978 13137 13138 13980 13981 13137 13137 13981 13140 13984 13982 13983 13981 13940 13142 13981 13142 13140 13142 13940 13938 13985 13144 13143 13983 13982 13987 13938 13106 13142 13941 13943 13986 13143 13146 13985 13941 13986 13988 13941 13988 13944 13988 13986 13989 13947 13945 13990 13945 13949 13990 13148 13991 13147 13147 13950 13113 13147 13993 13950 13147 13991 13993 13994 13993 13991 13151 13150 13992 13950 13993 13953 13992 13150 13152 13996 13997 13995 13956 13999 13954 14000 13996 13995 13154 13998 13155 13958 13954 13999 14001 14002 13154 14001 13154 13156 13154 14002 13998 14001 13156 14003 14001 14003 14005 13156 13117 14003 14004 14003 13960 13117 13960 14003 14004 14006 14003 13119 13157 13961 13961 13157 13121 14008 14007 14009 14010 13963 14008 14010 14008 14011 13963 13124 14008 14007 14008 13158 13124 13158 14008 13159 13127 13963 13159 13963 14012 14012 13963 14010 14014 13968 13159 14014 13159 14012 13968 13966 13159 13160 13159 14013 13966 14013 13159 14015 14016 14013 14015 14013 13969 13969 14013 13966 14017 13162 13969 14017 13969 13970 13162 13163 13969 14015 13969 14018 13163 14018 13969 13973 13971 14019 13973 14019 13162 13973 13162 14017 13164 13162 14019 13971 13166 14019 13971 13133 13166 13974 13976 14020 14022 13974 14020 14022 13977 13974 13167 14021 13168 13167 14024 14021 13167 14023 14024 13167 13136 14023 13978 14023 13136 13977 14022 13979 14026 13170 14025 14023 13170 14026 14023 13138 13170 14023 13978 13138 13170 13172 14025 14028 13982 13984 14027 13982 14028 13985 13175 13144 13985 14029 13175 13982 14027 13987 14027 14030 13987 13985 13176 14029 13985 13146 13176 13988 13989 14031 14032 13177 13178 14032 13178 14033 14033 13178 14034 14032 14033 14035 14032 14035 13148 14032 13148 13179 13991 13148 14035 14035 13994 13991 14037 14038 14036 13151 13992 13181 13997 13183 13995 13997 13184 13183 13997 14037 13184 14036 13184 14037 13992 13152 13181 13998 14039 13183 13998 13183 13155 14039 14040 13183 13995 13183 14000 14040 14000 13183 14002 14041 14039 13998 14002 14039 14005 14003 14042 14045 14042 14003 14045 14003 14043 14006 14044 14003 14044 14043 14003 14007 13187 13188 14009 14007 13188 14009 13188 14043 14009 14043 14044 14010 14047 14046 14010 14011 14047 14007 13158 13187 14048 14046 14049 14048 14012 14046 14012 14010 14046 13160 14050 13191 13160 14013 14050 14014 14012 14048 14016 14052 14051 14016 14051 14013 14013 14051 14050 14052 14053 14051 14052 13163 14053 14052 14018 13163 13163 13193 14053 13164 14053 13193 13164 14019 14053 14019 14054 14053 13166 14054 14019 13166 14055 14054 13166 13196 14055 14056 14054 14055 13168 14055 13196 13168 14057 14055 13168 14021 14057 14057 14058 14055 14024 14059 14057 14021 14024 14057 14026 14025 14060 14025 13172 13200 14025 13200 14060 14060 13200 14061 14028 14063 14027 14064 14061 14062 14061 13202 14062 14061 13200 13202 14030 14027 14063 13175 14029 13204 14062 13202 13205 13208 14065 14066 13208 13207 14065 13176 13204 14029 14069 14067 14068 14069 13177 14067 14069 13210 13177 14032 14067 13177 14032 14070 14067 14032 13179 14070 13179 13211 14070 14036 13214 13213 14036 14038 13214 14038 14071 13214 14036 13213 13184 14073 14072 14074 14040 14072 14073 14040 13216 14072 14040 14039 13216 13215 13216 14039 14076 14077 14075 13215 14039 14041 13215 14041 13218 14076 14075 14041 14075 13218 14041 14080 14079 14078 14043 13220 13221 14045 14043 13221 14045 13221 14078 14045 14078 14079 14043 13188 13220 14082 14083 14081 14047 14085 14046 14086 14082 14081 13223 14084 13224 14049 14046 14085 14087 14088 13223 14087 13223 13225 13223 14088 14084 13191 14087 13225 13191 14089 14087 13191 14050 14089 14089 14090 14087 13229 14051 13228 13229 14089 14051 14089 14050 14051 14053 13228 14051 14053 13231 13228 14091 14092 14093 13231 14054 13233 13231 14053 14054 14092 14091 14094 13233 14054 14056 13233 14056 13235 13235 14056 14095 14058 14057 14096 14057 14059 14096 13238 14097 13237 14097 14099 14098 14097 14098 13237 13237 14098 13239 14100 13241 13239 14100 13239 14101 14101 13239 14098 14062 13243 13244 14064 14062 13244 14064 13244 14100 14064 14100 14101 13246 14102 14103 13246 13245 14102 13205 13243 14062 14102 13245 14104 14102 14104 14106 13245 13208 14104 14105 14104 14066 13208 14066 14104 13210 14069 14109 13210 14109 14107 13210 14107 13249 14108 14107 14109 14111 13250 14110 14111 13251 13250 14070 13211 14107 13211 13249 14107 14110 13250 13214 14071 14110 13214 14113 14074 14072 14112 14113 14072 14077 14114 13253 14077 13253 14075 14114 14112 13253 13216 13253 14072 14112 14072 13253 14075 13253 13218 14116 14115 14117 14118 14119 14115 14118 14115 14078 14116 14080 14115 14080 14078 14115 14078 13221 13255 14078 13255 14121 14078 14121 14118 14121 13255 14120 14121 14120 14123 14083 14122 14081 14081 14122 14086 13224 14084 13258 14088 13258 14084 14088 14124 13258 14124 13260 13258 14090 14089 14125 14090 14125 13260 14090 13260 14124 13261 13260 14125 14089 13262 14125 13229 13262 14089 14091 13265 13264 14091 14093 13265 14093 14126 13265 14091 13264 13267 14091 13267 14128 14091 14128 14094 14127 14128 13267 14127 13267 13235 14127 13235 14129 14129 13235 14095 14130 14097 13238 13269 14130 13238 14099 13270 14131 14099 14130 13270 14099 14097 14130 14130 13271 13270 13241 14100 13272 13270 13273 14133 13270 14133 14131 14133 13273 14132 14133 14134 14135 14133 14132 14134 13272 14100 13244 14135 14134 14138 14103 14137 13275 14103 13275 13246 13275 14137 14136 14139 14140 14136 14139 14136 14104 14137 14106 14136 14106 14104 14136 14143 14142 14141 14143 14141 13280 14143 13280 13277 14144 13280 14141 14141 14145 13283 14141 13283 14146 14141 14146 14144 13282 14146 13283 13282 13286 14147 13282 14147 14146 14146 14147 14148 14151 14147 14149 14151 14148 14147 13291 14150 13289 13289 14152 13293 14150 14152 13289 14150 14153 14152 14150 14154 14153 14156 14157 14155 14153 14158 14152 14158 13295 14152 14158 13297 13295 14156 14155 14159 13300 14160 13301 13303 14160 13300 14161 14160 13303 14161 13303 13306 14164 14162 14163 14169 14166 14168 14167 14163 14162 13308 14165 13309 14166 13315 14168 14166 13312 13315 14166 14171 13312 14170 13312 14171 14165 13308 13313 13317 13312 14170 13317 14170 14173 14173 14170 14172 13318 14174 13319 14175 14177 14176 14177 14172 14176 14177 14173 14172 13318 13321 14178 13318 14178 14174 13321 14179 14178 14175 14178 14177 14179 14177 14178 13325 14181 14180 13325 14180 13321 14182 14179 14180 14179 13321 14180 14184 14180 13328 14184 13328 14183 14180 14181 13328 13327 13328 14185 14181 14185 13328 14183 14186 14187 14183 14187 14184 14186 13331 14187 14185 14187 13327 13331 13327 14187 13333 13331 14186 14188 13333 14186 14188 14190 14189 13333 14188 14189 13333 14189 14191 13333 14191 13335 14189 14192 13337 14189 13337 14193 14189 14193 14191 13336 14193 13337 14194 14196 14193 14194 14193 13340 14194 13340 14195 13340 14193 13336 14196 14194 14198 13342 13341 14197 14201 14199 14200 14201 14202 14199 13345 14143 13277 14200 14199 13346 14200 13346 14145 14145 13346 13283 13347 14203 14205 13347 14205 13286 14204 14147 14205 14147 13286 14205 14147 14204 14149 14203 13347 13349 14207 14208 14206 14209 14207 14206 14209 14210 14207 14152 13351 13293 13351 14152 13295 14210 14209 14157 14209 14155 14157 14209 14211 14155 14159 13353 14212 14159 14211 13353 14159 14155 14211 14211 13354 13353 13301 14160 13356 13353 13357 14214 13353 14214 14212 14214 13357 14213 13356 14161 13358 13356 14160 14161 14214 14213 14215 14162 14217 14216 14162 14164 14217 14161 13306 13358 13309 14165 13361 14167 14162 14219 14162 14218 14219 14162 14216 14218 13361 14165 13313 14219 14218 14221 14170 14171 14220 14170 14222 14172 14220 14222 14170 13319 14223 13364 13319 14174 14223 14176 14172 14222 14223 14174 13366 14223 13366 13367 14174 14178 13366 14224 13366 14225 14178 14225 13366 14226 13368 13366 14226 13366 14227 14224 14228 13366 14228 14227 13366 14227 14229 14226 13328 13370 14183 14186 14183 13370 13372 14186 13370 14230 14188 14186 14230 14186 13374 14230 13374 14231 13374 14186 13372 14188 14230 14190 14192 14232 13337 14232 13376 13337 13378 14233 14234 13378 14234 13340 13340 14234 14195 13342 14233 13378 13342 14197 14233 14197 14235 14233 13380 14236 14239 13380 13379 14236 14238 14237 14202 14237 14199 14202 14236 13379 13383 14199 14237 13346 14237 13382 13346 14237 14240 13382 14203 14240 14205 14203 13385 14240 13385 13382 14240 14203 13349 13385 14206 14208 14242 13388 13387 14241 14206 14243 14209 14206 14242 14243 14241 13387 13389 14243 14244 13391 14243 13391 14211 14243 14211 14209 13390 14211 13391 13393 14246 14211 13393 14211 13390 14246 14245 14211 13354 14211 13392 14245 13392 14211 13357 14247 14213 13357 13392 14247 13392 14245 14247 14213 14247 14215 14217 14248 14216 14250 14216 14248 14250 14218 14216 13397 14249 13398 14218 14250 14221 14249 13397 13399 14252 14253 14251 14252 14251 14254 14255 13364 14223 14255 14256 13364 14256 13401 13364 13367 13402 14255 13367 14255 14223 13402 14257 14255 14225 14255 14224 14257 14224 14255 14228 14257 14258 14228 14224 14257 13368 14226 13403 14229 13403 14226 14229 14259 13403 14259 13404 13403 14261 14260 13405 14261 13405 14259 14259 13405 13404 14262 13407 13406 14260 14263 13405 14263 13374 13405 14263 14231 13374 14262 13406 13408 14266 14264 14265 14265 14264 13409 14265 13409 14232 14232 13409 13376 14267 14268 14234 14267 14234 13411 14233 13410 14234 13410 13411 14234 13410 14235 13412 13410 14233 14235 14268 14267 14269 14239 14236 13413 14239 13413 13414 14236 14270 13413 14272 13413 14271 14270 14271 13413 14236 14273 14270 14236 13383 14273 13383 13415 14273 13418 14274 14275 13417 14274 13418 13417 14276 14274 13417 13421 14276 13420 13388 14241 13420 14241 13389 13424 13423 14277 14279 13391 14244 14279 14277 13391 14279 14278 14277 13423 13391 14277 14281 14282 14280 14279 14246 14278 14246 13427 14278 14246 13393 13427 13430 14281 14280 13430 13429 14281 13429 14283 14281 14283 13429 14284 13429 13431 14284 13431 14285 14284 13432 14285 13431 14287 14288 14286 14249 13433 13398 14253 13434 14251 14253 13435 13434 14253 14287 13435 14286 13435 14287 14249 13399 13433 14251 13434 13436 14251 13436 14290 14251 14290 14254 14289 14290 13436 14292 13401 14256 14292 14289 13401 14292 14291 14289 13436 13401 14289 14293 14257 14292 14293 14292 14294 14257 13402 14292 14291 14292 13438 13402 13438 14292 14258 14295 14296 14258 14257 14295 14257 14293 14295 13442 14296 14295 13442 13441 14296 13441 14297 14296 14261 14299 14260 14300 14297 14298 14297 13443 14298 14297 13441 13443 14263 14260 14299 13407 14262 13445 14298 13443 13446 14266 14301 14264 14262 13408 13445 14264 14301 14302 14264 14302 13409 13409 14302 13448 14303 14267 13411 14303 13411 14304 14304 13411 13450 14305 13453 13452 14305 14306 13453 14303 14269 14267 14272 14307 13455 13413 14272 13455 14273 13415 13457 14308 14273 13457 14275 14309 13418 13418 14309 13459 14310 14308 13457 14310 13457 13460 14309 13421 13459 14309 14276 13421 14312 14313 14311 14312 14311 14314 13424 14277 13461 14278 13461 14277 13463 13461 14278 14280 14316 14315 14280 14282 14316 14278 13427 13463 14280 14315 13464 13430 14280 13464 14319 14318 14317 14285 13432 14317 14285 14317 14318 13432 13466 14317 14321 14317 14320 13466 14320 14317 14323 13466 13467 14323 14320 13466 14288 14322 14286 14286 14322 14324 14286 14324 13435 13435 14324 13469 14326 14290 14289 14325 14326 14289 14328 14329 14327 14291 13472 14325 14291 14325 14289 14325 13472 13473 14330 13476 13475 14328 14327 14332 14291 13438 13472 14293 14294 14331 13475 14333 14330 13475 13478 14333 14331 14334 14293 14334 14295 14293 14333 13478 13481 14295 14334 13442 14334 13480 13442 14334 14335 13480 14337 13483 14298 14337 14298 14336 13483 13480 14298 14300 14298 14335 13480 14335 14298 14298 13446 13484 14298 13484 14336 14336 13484 14338 13484 14339 14338 13486 14339 13484 14302 14340 13448 14340 13488 13448 14341 14342 14304 14341 14304 13490 13490 14304 13450 14342 14341 14345 14306 14344 13491 14306 13491 13453 13491 14344 14343 13455 14307 14348 13455 14348 14346 13455 14346 13492 14347 14346 14348 14350 14349 13493 14350 13493 14346 14346 13493 13492 13495 14351 14349 13495 14349 13496 14351 14310 14349 13493 14349 13460 14310 13460 14349 14353 13495 13497 14353 14351 13495 14313 14352 14311 14311 14352 14314 13500 13499 14354 14354 14355 14356 14354 13499 14355 13499 13501 14355 14315 14316 14355 14315 14355 13503 13503 14355 13501 13505 13464 14315 13505 14315 14357 13503 13506 14315 13506 14357 14315 13507 13505 14319 13507 14319 14317 13505 14357 14319 14359 14319 14358 14357 14358 14319 13507 14317 14321 13507 14321 13508 14359 14358 14321 14358 13508 14321 14323 13467 13509 14360 14323 13509 14324 14361 13469 13469 14361 13510 14362 14360 13509 14362 13509 13511 14364 13512 14325 14364 14325 14363 13512 13510 14325 14326 14325 14361 13510 14361 14325 14327 14329 14363 14327 14363 13513 14325 13473 14363 13473 13513 14363 14330 13515 13476 14332 14327 13516 14332 13516 14365 13516 14327 13513 13515 14366 13518 13515 14330 14366 14330 14333 14366 13519 14333 13481 13519 14366 14333 14369 14367 14368 14368 14367 14370 14368 14370 13483 14368 13483 14337 13483 14370 13521 14371 13522 13521 14371 13521 14372 14370 14373 13521 14373 14372 13521 14375 14376 14374 14372 14339 14371 14339 13524 14371 14339 13486 13524 14375 14374 14379 14340 14378 13526 14340 13526 13488 13526 14378 14377 14380 14341 14378 14380 14378 14381 14341 13490 14378 14377 14378 13527 13490 13527 14378 14341 14380 14382 14341 14382 14345 14380 13528 14382 14343 14382 13491 13528 13491 14382 14348 14386 14347 14387 13531 13530 14384 14385 14383 14350 14389 14349 14390 14384 14383 13533 14388 13534 14389 14392 13496 14389 13496 14349 14392 14391 13496 13533 13496 14388 14391 14388 13496 14353 13497 14391 14353 14391 14392 13497 13535 14391 14394 14391 14393 13535 14393 14391 13500 14354 14395 13500 14395 13535 13535 14395 14393 14354 14356 14395 13538 14397 14396 13537 13538 14396 13540 13539 14398 13506 13537 14357 13537 14399 14357 13537 14396 14399 13539 13542 14398 14357 14399 14400 14357 14400 14358 14400 14399 14401 13508 14358 14400 13508 14400 14402 13508 14402 13544 14403 14402 14400 14404 13546 13544 14404 13544 14405 14405 13544 14402 14362 13511 14404 14362 14404 14405 13511 13548 14404 14407 14404 14406 13548 14406 14404 13512 14364 14408 13512 14408 13549 14364 14406 14408 13550 14408 13548 14406 13548 14408 14408 14410 14409 14408 14409 13549 13549 14409 13551 14412 13553 14411 14412 13554 13553 14365 13516 14409 13516 13551 14409 13518 14366 13555 13553 13556 14414 13553 14414 14411 14414 13556 14413 13555 14366 13519 14414 14413 14416 14367 14369 14415 14418 14367 14415 14418 14417 14367 14417 14370 14367 13522 14371 13559 14373 14370 14420 14370 14419 14420 14370 14417 14419 13559 14371 13524 14420 14419 14376 14419 14374 14376 14419 14421 14374 13526 14377 13561 14379 14374 14423 14374 14422 14423 14374 14421 14422 13561 14377 13527 14423 14422 14381 14422 14380 14381 14422 14424 14380 14380 14424 13564 13528 14380 13564 14387 13530 13568 14383 14385 14426 13567 13566 14425 14383 14426 14390 14388 13570 13534 14425 13566 13571 14428 14429 14427 13570 14391 13573 13570 14388 14391 14428 14427 14430 13573 14431 13574 14391 14431 13573 14391 14432 14431 14391 14394 14432 13577 14431 14432 13577 14432 13576 13576 14432 14433 14433 14434 13576 13576 14434 13578 14434 13538 13578 14397 13538 14434 14436 14437 14435 14398 13580 13540 14401 13582 14400 14401 13583 13582 14401 14436 13583 14435 13583 14436 14398 13542 13580 14400 13582 13585 14400 13585 14439 14400 14439 14403 14438 14439 13585 13546 14438 13585 13546 14404 14438 14404 14440 14438 14407 14441 13587 14407 13587 14440 14407 14440 14404 14440 13587 13588 13550 14442 14408 13550 13587 14442 13587 14441 14442 14443 13590 13589 14443 14444 13590 14442 14410 14408 14412 14445 13554 13554 14445 13592 14446 14443 13589 14446 13589 13593 13592 14445 14413 13592 14413 13556 14445 14447 14413 13595 14413 13596 14447 13596 14413 13595 14416 14413 13595 13597 14416 13597 14448 14416 14450 14417 14418 14449 14417 14450 14417 14449 14419 14419 14449 14451 13602 13601 14421 13602 14421 14451 14451 14421 14419 14452 14422 14421 14452 14421 13604 14452 13604 14453 13604 14421 13601 14452 14454 13607 14452 13607 14424 14452 14424 14422 13606 14424 13607 14424 13606 13564 13612 13611 14458 13610 13567 14425 14457 14455 14456 14429 13615 14427 14429 13616 13615 14429 14456 13616 14455 13616 14456 14425 13571 13610 14430 14427 13615 14430 13615 14459 14459 13615 13618 13618 14460 14459 13618 13621 14460 13620 13574 14431 14431 13577 13620 13624 14461 14462 13623 14461 13624 14464 13623 13626 14464 14461 13623 14437 14463 14435 14435 13627 13583 14435 14466 13627 14435 14463 14466 14466 14465 13627 14467 14468 14465 14467 14465 14438 14466 14439 14465 14439 14438 14465 14470 14467 14438 14470 14438 14469 14469 14438 14440 13631 14440 13588 13631 14471 14440 14471 14469 14440 13633 14471 13631 14472 14471 13633 14472 13633 13590 14472 13590 14473 14473 13590 14444 14446 13593 13636 14474 14446 13636 13596 14447 14475 13596 14475 13638 14447 14474 14475 13639 14475 13636 14474 13636 14475 14475 13597 13638 14475 14476 13597 14476 14448 13597 14449 13641 13640 14449 14450 13641 14450 14477 13641 13640 13642 14478 13640 14478 14449 14449 14478 14451 13644 13602 14451 13644 14451 14479 14479 14451 14478 14479 13604 13644 14479 14480 13604 14480 14453 13604 14454 14481 13607 14481 13646 13607 13647 13648 14482 14458 13611 14485 14485 13611 13649 14455 14457 14484 14455 14484 14483 13650 13616 14487 13650 14487 14486 13616 14455 14487 14488 14487 14483 14455 14483 14487 13653 14486 14487 13653 14487 13652 13652 14487 14489 14491 13654 14490 14491 13655 13654 14460 13621 14489 13621 13652 14489 13654 14492 14490 13656 14492 13654 14462 13658 13624 14493 13658 14462 13626 14493 14464 13626 13658 14493 13661 13660 14494 14494 14495 14496 13660 14495 14494 13660 14465 14495 13660 13627 14465 14497 13663 14465 14497 14465 14468 13663 13664 14465 14495 14465 14498 13664 14498 14465 14469 14497 14470 14469 13666 14497 13666 13663 14497 14471 13666 14469 13668 13666 14471 14499 14471 14472 14499 13669 14471 14499 14500 13669 13669 13668 14471 14472 14473 14499 13672 14501 13671 13671 14501 13674 14502 14475 13639 14502 13639 14503 14503 13639 13675 14476 14475 14502 14505 14506 14504 14505 14504 14509 14477 14508 13676 14477 13676 13641 13676 14508 14507 14510 14478 14508 14510 14508 14511 14478 13642 14508 14507 14508 13678 13642 13678 14508 13681 13680 14479 13681 14479 14510 14510 14479 14478 14479 13680 13683 14479 13683 14513 14479 14513 14480 14512 14513 13683 14512 13683 13646 14512 13646 14514 14514 13646 14481 14515 14482 13648 13685 14515 13648 14483 14484 14516 14485 13649 14518 13649 14517 14518 13649 13686 14517 14483 14516 14488 13650 14486 13688 14486 13653 13688 14491 13690 13655 14519 13690 14491 14521 13691 14520 14521 13692 13691 14492 13656 14519 13656 13690 14519 14520 13691 14522 13691 13694 14522 14522 13694 14523 13694 13696 14523 13661 14494 13697 13696 13698 14525 13696 14525 14523 14525 13698 14524 14524 14526 14496 14524 14496 14525 14526 13700 14496 14494 14496 13697 13700 13697 14496 14528 14498 13664 14528 13664 14526 14528 14526 14527 13700 14526 13664 13702 14528 14527 13702 13701 14528 13701 14529 14528 14531 13704 14530 14531 14529 13704 14529 13701 13704 13706 14500 14532 13706 13669 14500 13704 13707 14530 13672 13706 14532 13672 14532 14533 13672 14533 14501 14533 14532 14534 13708 13674 14536 13708 14536 14535 13674 14501 14536 14537 14536 14533 14501 14533 14536 14536 14538 14535 14536 13675 14538 14536 14503 13675 13675 13710 14538 14540 14504 14506 14540 14539 14504 13711 14538 13710 14509 14539 14541 14509 14504 14539 13676 14507 13713 14507 13678 13713 14510 14511 14543 13716 13715 14542 14542 13715 13681 14542 13681 14544 14510 14543 13681 14543 14544 13681 14513 14512 14545 14546 13719 14512 14546 14512 14514 13719 13720 14512 14545 14512 14547 13720 14547 14512 13685 13719 14546 13685 14546 14548 13685 14548 14515 14548 14546 14549 14550 13686 13723 14517 13686 14550 13727 14551 14552 13726 14551 13727 14554 13729 14553 14554 14551 13729 14551 13726 13729 13730 14553 13729 14555 14553 13730 14555 13730 13692 14555 13692 14556 14556 13692 14521 14559 14558 14557 14558 14560 14557 13734 14561 14563 13734 14563 13698 14562 14524 14563 14524 13698 14563 13734 13735 14564 13734 14564 14561 13735 14526 14564 14562 14564 14524 14526 14524 14564 14527 14526 14567 14527 14567 14566 14526 13735 14567 14565 14567 13736 13735 13736 14567 14565 13736 13702 14565 13702 14568 14527 14566 13702 14566 14568 13702 14530 13738 13739 14530 13739 14531 14531 13739 14569 14530 13707 13738 14571 14572 14570 14571 14533 14534 14571 14570 14533 14570 14573 14533 13708 14535 13741 14537 14533 14575 14533 14574 14575 14533 14573 14574 14575 14574 14577 13741 14535 13742 14535 14576 13742 14535 14538 14576 14538 13743 14576 14538 13711 13743 14539 14540 14578 14579 13745 13744 14579 14580 13745 14578 14541 14539 13716 14579 13744 13716 14581 14579 13716 14542 14581 14581 14582 14579 14544 14583 14581 14542 14544 14581 13748 13749 14584 14586 14547 13720 14586 13720 14584 14586 14584 14585 13748 14584 13720 14586 14548 14549 14586 14585 14548 14585 14587 14548 14589 13752 14588 14589 14590 13752 14590 13753 13752 14592 13727 14552 14592 14588 13727 14592 14591 14588 13752 13727 14588 14592 14554 14553 14592 14553 14591 14591 14553 14593 14594 14595 14593 14594 14593 14555 14555 14593 14553 14555 14556 14594 13756 14596 13755 14596 14597 14559 14596 14559 13757 14596 13757 13755 13757 14559 14557 13757 14598 13758 14557 14598 13757 14557 14599 14598 14557 14560 14599 14600 14601 14598 14600 14598 14561 14599 14563 14598 14563 14561 14598 14561 14564 14600 14602 14603 14567 14602 14567 13762 14565 13761 14567 13761 13762 14567 14605 14603 14602 14568 14604 14565 14604 13761 14565 14604 13763 13761 14607 13765 14606 14607 13766 13765 14569 13739 14604 13739 13763 14604 14572 14609 14570 14610 14606 14608 14606 13767 14608 14606 13765 13767 13767 13768 14608 14570 14609 14611 14570 14611 14573 14611 14609 14612 13769 14613 13770 14614 14574 14615 14574 14611 14615 14574 14573 14611 13769 14617 14613 13769 14616 14617 13769 13742 14616 14576 14616 13742 14574 14614 14577 14576 13743 13773 14576 13773 14616 14616 13773 14618 14618 13773 14619 14618 14619 14621 13773 13745 14619 14620 14619 14580 13745 14580 14619 14620 14582 14581 14620 14581 14619 14619 14581 14622 14622 14581 13774 14622 13774 13775 14581 14583 13774 14623 13774 14624 14583 14624 13774 13749 13774 14623 13749 14623 14584 14584 14623 14625 13779 13778 14585 13779 14585 14625 14625 14585 14584 14587 14585 14628 14587 14628 14627 14585 13778 14628 14626 14628 13780 13778 13780 14628 14588 14629 14589 14588 13781 14629 13781 13782 14629 14630 14588 14591 14630 13784 14588 14630 14631 13784 13784 13781 14588 14591 14593 14632 14630 14591 14632 14635 14632 14593 14635 14593 14633 14595 14634 14593 14634 14633 14593 14636 14596 14634 14636 14634 14637 14596 13756 14634 14633 14634 13787 13756 13787 14634 14597 14636 14638 14596 14636 14597 14640 14641 14639 14598 13790 13758 14643 14640 14639 14601 14642 14598 14642 13790 14598 14642 13792 13790 14644 13794 13792 14644 13792 14645 14645 13792 14642 14645 14646 14644 13762 13795 14602 14602 13795 13797 14602 13797 14648 14602 14648 14605 14647 14648 13797 14647 13797 13800 14650 14649 13766 14650 13766 14607 13766 14649 13799 14649 14651 14610 14649 14610 13802 14649 13802 13799 13802 14610 14608 14612 14652 14611 14608 13768 13802 14652 14615 14611 14654 14655 14653 13770 14613 13804 13804 14613 14617 13804 14617 13806 14654 14653 14617 14653 13806 14617 14658 14657 14656 14657 14621 14619 14657 14619 14656 14656 14619 14659 14619 14622 14659 14622 14660 14659 14624 14662 14623 14622 13775 14661 14622 14661 14660 14661 13775 13809 13809 13811 14663 13809 14663 14661 13811 14625 14663 14662 14663 14623 14625 14623 14663 14625 13811 13779 14665 14664 14666 14667 14668 14664 14667 14664 14626 14665 14628 14664 14628 14626 14664 14670 13815 14669 14670 14671 13815 14671 13816 13815 14669 13815 13820 14673 14672 13784 14673 13784 14631 13784 14672 13819 14672 14675 14674 14672 14674 13819 13819 14674 13821 14678 14676 14677 14674 14635 13822 14674 13822 13821 13822 14635 14633 14637 13823 14636 14637 13824 13823 14637 14677 13824 14676 13824 14677 14633 13787 13822 13823 13825 14679 14636 13823 14679 14636 14679 14680 14636 14680 14638 14680 14639 14641 14680 14679 14639 14679 14681 14639 14643 14681 14682 14639 14681 14643 14644 13826 13794 14646 13826 14644 14646 14683 13826 14683 13827 13826 14685 13829 14647 14685 14647 14684 13829 13827 14647 14648 14647 14683 13827 14683 14647 14684 14686 14688 14684 13830 14686 14684 14647 13830 13800 13830 14647 14650 14687 14649 14651 14649 14687 14689 14690 13830 14689 13830 13832 13830 14690 14686 13832 14691 14689 13833 14691 13832 14653 14655 14693 13834 14692 13835 14693 14695 13806 14693 13806 14653 14695 14694 13806 13834 13806 14692 14694 14692 13806 14696 14697 14694 14696 14694 14656 14695 14658 14694 14658 14656 14694 14656 14659 14698 14696 14656 14698 14659 14660 14699 14698 14659 14699 14701 14699 14660 14701 14660 14700 14700 14660 14661 14663 14702 13837 14663 13837 14700 14663 14700 14661 14700 13837 13838 14704 13840 14664 14704 14664 14703 13840 13837 14664 14666 14664 14702 13837 14702 14664 14664 14668 14703 14669 13842 13843 14669 13843 14670 14670 13843 14705 14669 13820 13842 14672 14673 13846 14673 13847 13846 14673 14706 13847 13846 13849 14707 14672 13846 14707 14672 14707 14708 14672 14708 14675 14678 14710 14676 14711 14708 14707 13851 14709 13852 14709 13851 13824 14709 13824 14712 14676 14710 13824 14710 14712 13824 14679 13825 13853 13853 13855 14713 13853 14713 14679 14679 14713 14681 14682 14714 14715 14682 14681 14714 14681 14713 14714 14715 14716 14717 14714 14716 14715 14717 14716 14718 14685 13858 13829 14719 13858 14685 14722 14720 14721 14719 14688 13859 14719 13859 13858 13859 14688 14686 14686 13861 13859 14686 14723 13861 14686 14690 14723 14724 14723 14690 14721 14720 14725 14724 14726 14723 14724 13833 14726 14724 14691 13833 13833 13862 14726 14726 14727 14728 13862 14727 14726 13862 14692 14727 13862 13835 14692 14692 14694 14729 14727 14692 14729 14730 13865 14694 14730 14694 14697 13865 13866 14694 14729 14694 14731 13866 14731 14694 13865 14730 14732 13867 13865 14732 14701 14700 14733 14700 13838 13869 14700 13869 14733 14733 13869 14734 14734 13869 13840 14704 14734 13840 14737 14736 14735 14738 13873 13872 14740 14739 13874 14739 13843 13874 14739 14705 13843 14738 13872 13847 14738 13847 14741 14741 13847 14706 14707 13849 13877 14709 14742 13877 14709 13877 13852 14742 14743 13877 14707 13877 14711 14743 14711 13877 14712 14745 14744 14712 14744 14709 14709 14744 14742 14745 14746 14744 13880 14747 14749 13880 14749 13855 14748 14713 14749 14713 13855 14749 14713 14750 14714 14713 14748 14750 14747 13880 13881 14750 14751 13883 14750 13883 14716 14750 14716 14714 13882 14716 13883 13882 14718 14716 13882 13885 14718 13885 14752 14718 14755 14753 14754 14754 14720 14722 14754 14753 14720 14753 14756 14720 14720 14756 14757 14720 14757 14725 14756 13888 14757 14723 14757 13861 13888 13861 14757 14757 13890 14758 14757 14726 13890 14757 14723 14726 13889 13890 14726 14728 13889 14726 14728 14759 13889 14759 13892 13889 13892 14759 14760 13894 13892 14760 14731 13866 13895 14761 14731 13895 13867 14732 14762 13867 14762 13897 14732 14761 14762 13898 14762 13895 14761 13895 14762 13897 14762 13899 14765 14764 14763 14764 14767 14766 14763 14764 14766 13902 14766 14767 13902 14767 13901 13901 14767 14768 14737 14735 14769 14737 14769 13901 14737 13901 14768 13903 13901 14769 13873 14770 13904 13873 14738 14770 14739 14740 14771 14741 14773 14772 14741 14772 14738 14738 14772 14770 13908 14772 14773 13908 14773 13907 13907 14773 14774 14776 13910 14742 14776 14742 14775 13910 13907 14742 14743 14742 14774 13907 14774 14742 14778 14775 13912 14778 13912 14777 14775 14742 13912 13911 13912 14744 14742 14744 13912 14744 13914 13911 14744 14779 13914 14744 14746 14779 14780 14779 14746 14778 14777 14781 14747 13916 13917 14749 14747 13917 14749 13917 14779 14749 14779 14780 14747 13881 13916 14783 14784 14782 14783 14782 13919 14783 13919 14751 14751 13919 13883 14785 14786 14752 14785 14752 13921 13921 14752 13885 14786 14785 14788 14755 14787 14753 14790 14753 14787 14790 14756 14753 13923 14789 13924 14789 13923 13926 14756 14790 13888 14790 13925 13888 14790 14791 13925 13890 14791 14758 13890 13925 14791 13928 13927 14792 14792 14793 14794 14792 13927 14793 13927 13929 14793 14760 14795 13894 13894 14795 13931 14796 14793 13929 14796 13929 13932 13931 14795 14797 13934 13931 14797 14798 14762 13898 14798 13898 14799 14799 13898 13936 14762 13937 13899 14762 14801 13937 14762 14798 14801 14801 14800 13937 14801 14765 14763 14801 14763 14800 14800 14763 14802 13940 14766 13939 13940 14802 14766 14802 14763 14766 13943 14803 14804 13943 13942 14803 13902 13939 14766 13903 14769 14805 13903 14805 13942 13942 14805 14803 13904 14770 13946 13948 13947 14806 14807 14770 14772 14807 13949 14770 14807 14808 13949 13949 13946 14770 14772 13908 13951 14772 13951 14807 14807 13951 14809 13910 14776 14810 13910 14810 13952 14776 14809 14810 13953 14810 13951 14809 13951 14810 13956 13955 14777 13956 14777 14810 13912 13952 14777 13952 14810 14777 14777 14812 14781 14777 14811 14812 14777 13955 14811 13958 14811 13955 13914 14779 13957 14812 14811 14814 13957 14779 13917 14813 13960 13959 14813 14784 14815 14813 13962 14784 14813 13959 13962 13962 14782 14784 14782 13962 13919 13964 14816 14818 13964 14818 13921 14817 14785 14818 14785 13921 14818 14816 13965 14819 14816 13964 13965 14785 14817 14788 13924 14789 13967 13965 13968 14819 14789 13926 13967 14821 14822 14820 14820 14823 14821 14820 13928 14823 14820 13970 13928 14792 14823 13928 14792 14794 14823 13973 14824 13972 14825 13976 13975 14824 14826 13972 14826 13932 13972 14826 14796 13932 14825 13975 13934 14825 13934 14827 14827 13934 14797 14799 13936 14828 14828 13936 13979 14800 13980 13937 14802 13980 14800 13981 13980 14802 13984 14829 14830 13984 13983 14829 13940 13981 14802 13943 14804 14831 13943 14831 13986 14804 14829 14831 13987 14831 13983 14829 13983 14831 14832 13989 13986 14832 13986 14833 14831 14834 13986 14834 14833 13986 13947 14837 14806 13947 14835 14837 13947 13990 14835 14836 14837 14835 14835 13990 14838 14835 14838 14840 13990 13949 14838 14839 14838 14808 13949 14808 14838 13994 14838 14839 13994 14839 13993 14842 14841 14839 14841 13993 14839 13993 14810 13953 13993 14844 14810 13993 14841 14844 14845 14844 14841 13997 13996 14843 14844 13956 14810 14844 13999 13956 14844 14847 13999 14846 13999 14847 14843 13996 14000 14002 14001 14811 14002 14811 14846 13958 13999 14811 13999 14846 14811 14811 14849 14814 14811 14848 14849 14811 14001 14848 14005 14848 14001 13960 14813 14004 14004 14813 14815 14004 14815 14006 14849 14848 14815 14848 14006 14815 14009 14851 14850 14008 14009 14850 14818 14816 14852 14818 14852 14008 14818 14008 14850 14011 14008 14852 14816 14819 14852 14819 14853 14852 14819 14014 14853 13968 14014 14819 14820 14016 14015 14820 14822 14016 14822 14854 14016 14017 13970 14820 14017 14820 14855 14015 14018 14820 14018 14855 14820 13973 14017 14855 13973 14855 14824 14824 14855 14856 13976 14825 14020 14826 14824 14858 14824 14857 14858 14824 14856 14857 14860 14858 14857 14827 14859 14825 14859 14020 14825 14859 14022 14020 14862 14023 14861 14862 14024 14023 14828 13979 14859 13979 14022 14859 14863 14023 14026 14863 14864 14023 14864 14861 14023 14864 14865 14866 14863 14865 14864 14866 14865 14028 14866 14028 14830 14830 14028 13984 14867 14831 13987 14867 13987 14868 14868 13987 14030 14831 14867 14834 13989 14832 14031 14870 14871 14872 14836 14869 14837 14869 14034 14837 14869 14033 14034 14838 14869 14840 14838 14035 14869 14035 14033 14869 14838 13994 14035 14841 14842 14037 14842 14038 14037 14842 14873 14038 13997 14843 14874 13997 14874 14037 14845 14841 14874 14841 14037 14874 14846 14847 14875 14843 14000 14874 14000 14876 14874 14000 14040 14876 14846 14041 14002 14846 14878 14041 14846 14875 14878 14878 14877 14041 14879 14877 14005 14879 14005 14042 14877 14878 14005 14848 14005 14880 14878 14880 14005 14879 14042 14045 14848 14880 14006 14880 14044 14006 14880 14881 14044 14881 14009 14044 14851 14009 14881 14882 14011 14852 14047 14011 14882 14884 14885 14883 14853 14048 14882 14853 14882 14852 14882 14048 14049 14884 14886 14887 14884 14883 14886 14048 14853 14014 14854 14052 14016 14854 14888 14052 14889 14887 14886 14018 14890 14855 14018 14052 14890 14052 14888 14890 14892 14855 14890 14892 14891 14855 14891 14856 14855 14056 14055 14857 14056 14857 14891 14891 14857 14856 14055 14058 14893 14857 14055 14893 14857 14893 14894 14857 14894 14860 14894 14893 14059 14894 14059 14862 14862 14059 14024 14863 14026 14060 14865 14863 14060 14061 14865 14060 14063 14028 14865 14063 14865 14895 14061 14064 14865 14064 14895 14865 14895 14030 14063 14895 14896 14030 14896 14868 14030 14065 14897 14066 14870 14872 14900 14898 14899 14068 14898 14068 14067 14068 14899 14901 14902 14067 14070 14902 14903 14067 14903 14898 14067 14903 14902 14071 14903 14071 14873 14873 14071 14038 14074 14905 14904 14073 14074 14904 14040 14904 14876 14040 14073 14904 14077 14076 14906 14041 14906 14076 14041 14877 14906 14877 14907 14906 14909 14910 14908 14879 14079 14907 14879 14907 14877 14907 14079 14080 14909 14911 14912 14909 14908 14911 14079 14879 14045 14083 14912 14911 14083 14082 14912 14082 14913 14912 14047 14882 14085 14082 14086 14915 14082 14915 14913 14915 14086 14914 14885 14087 14883 14885 14088 14087 14885 14915 14088 14914 14088 14915 14882 14049 14085 14087 14090 14916 14087 14916 14883 14883 14916 14886 14889 14916 14917 14886 14916 14889 14092 14918 14093 14892 14919 14891 14918 14092 14094 14891 14919 14920 14891 14920 14056 14056 14920 14095 14893 14058 14096 14893 14096 14059 14098 14099 14921 14101 14098 14921 14922 14101 14921 14922 14924 14923 14101 14922 14923 14101 14923 14895 14101 14895 14064 14895 14923 14896 14103 14102 14925 14102 14106 14925 14105 14066 14897 14928 14926 14927 14931 14901 14107 14931 14107 14108 14901 14899 14107 14929 14107 14930 14899 14930 14107 14107 14902 14070 14107 14933 14902 14107 14929 14933 14934 14933 14929 14111 14110 14932 14933 14936 14071 14933 14071 14902 14936 14935 14071 14110 14071 14932 14935 14932 14071 14938 14939 14937 14936 14905 14935 14905 14113 14935 14905 14074 14113 14940 14077 14906 14940 14114 14077 14937 14941 14938 14117 14907 14116 14117 14940 14907 14940 14906 14907 14907 14080 14116 14908 14910 14118 14910 14119 14118 14910 14942 14119 14911 14908 14945 14911 14945 14944 14908 14118 14945 14943 14945 14121 14118 14121 14945 14943 14121 14123 14911 14944 14083 14944 14122 14083 14944 14946 14122 14086 14947 14914 14086 14122 14947 14122 14946 14947 14949 14948 14124 14947 14949 14124 14947 14124 14088 14947 14088 14914 14090 14124 14948 14090 14948 14916 14916 14948 14950 14917 14951 14952 14917 14916 14951 14916 14950 14951 14951 14953 14952 14951 14093 14953 14951 14126 14093 14918 14953 14093 14918 14094 14128 14918 14128 14955 14918 14955 14953 14955 14128 14954 14955 14954 14958 14920 14957 14129 14920 14129 14095 14129 14957 14956 14957 14960 14959 14956 14957 14959 14960 14962 14961 14959 14960 14961 14962 14963 14961 14099 14131 14921 14922 14921 14966 14922 14966 14965 14921 14131 14966 14964 14966 14133 14131 14133 14966 14924 14922 14965 14967 14968 14133 14967 14133 14135 14133 14968 14964 14103 14925 14137 14135 14138 14970 14135 14970 14967 14970 14138 14969 14971 14140 14139 14970 14969 14973 14925 14106 14137 14926 14928 14972 14976 14974 14975 14977 14979 14141 14977 14141 14142 14141 14979 14978 14141 14978 14980 14141 14980 14145 14975 14974 14980 14974 14145 14980 14983 14982 14981 14982 14149 14981 14982 14984 14149 14984 14151 14149 14986 14987 14985 14988 14153 14154 14988 14158 14153 14986 14985 14156 14986 14156 14989 14156 14985 14157 14992 14990 14991 14992 14156 14990 14992 14989 14156 14159 14990 14156 14994 14990 14993 14991 14990 14994 14997 14995 14996 14164 14996 14995 14164 14163 14996 14163 14998 14996 14169 15001 14166 14163 14167 15000 14163 15000 14998 15000 14167 14999 14166 15001 15002 14166 15002 14171 15000 14999 15002 14999 14171 15002 15005 15004 15003 15004 15007 15003 14176 15006 14175 15010 15009 15008 15006 14178 14175 15008 15011 15013 15008 14180 15011 15008 15009 14180 14182 14180 15009 15015 15012 15014 14180 14184 15016 14180 15016 15011 14184 15017 15016 15012 15016 15014 15017 15014 15016 15017 14184 14187 15019 15021 15020 15018 15019 15020 14190 15022 14189 14190 15018 15022 15018 15020 15022 15023 15022 15025 15023 14192 15022 15023 15024 14192 14192 14189 15022 15023 14195 15026 15023 15027 14195 15023 15025 15027 14194 14195 15027 15027 14198 14194 14974 14976 15028 14974 15028 14200 14200 15028 14201 14974 14200 14145 15029 15030 14983 15029 14983 14205 14981 14204 14983 14204 14205 14983 14981 14149 14204 15030 15029 14207 15030 14207 15031 14207 15029 14208 14985 14987 15031 14985 15031 14210 14210 15031 14207 14985 14210 14157 14990 14159 14212 14990 14212 14214 14990 14214 15033 14990 15033 14993 15032 15033 14214 14997 15034 14995 15032 14214 14215 14995 14217 14164 14995 15036 14217 14995 15034 15036 15036 15035 14217 15036 15037 15035 14167 14219 14999 14221 15039 14999 14221 14999 14219 15039 15038 14999 14171 14999 14220 15038 14220 14999 15041 15040 14222 15041 14222 15038 15038 14222 14220 14176 14222 15040 14176 15040 15006 15006 15040 15042 15006 15042 14225 14178 15006 14225 15011 14227 14228 15011 14228 15013 15013 14228 15043 14227 15044 14229 15011 15044 14227 15011 15045 15044 15011 15016 15045 15045 15046 15044 15047 15048 15019 15047 15019 14231 15018 14230 15019 14230 14231 15019 15048 15049 15050 15048 15047 15049 14230 15018 14190 15050 15049 14232 15050 14232 15024 15024 14232 14192 15026 14195 15051 15051 14195 14234 15054 15052 15053 15057 15056 15055 15057 15055 14238 14238 15055 14237 15055 15058 14237 14237 15058 14240 14205 15059 15029 14205 14240 15059 14240 15058 15059 15029 14242 14208 15029 15059 14242 15059 15060 14242 15060 15061 14242 14242 15061 14243 15062 14244 14243 15062 14243 15063 15063 14243 15061 14246 15062 15063 14246 15063 14245 14245 15063 15064 15032 15064 15033 15032 14247 15064 14247 14245 15064 15032 14215 14247 15066 15067 15065 15068 15066 15065 15068 15069 15066 15035 14248 14217 15071 15069 15068 15037 15070 15035 15070 14248 15035 15070 14250 14248 15073 14252 15072 15073 14253 14252 15039 14221 15070 14221 14250 15070 15041 15074 15040 15041 14252 15074 15041 15072 14252 14254 15074 14252 14256 14255 15042 14256 15042 15074 15074 15042 15040 15042 14255 14225 15043 14228 15075 15075 14228 14258 15077 15078 15076 15044 14259 14229 15044 14261 14259 15044 15079 14261 15044 15046 15079 15080 15079 15046 15077 15076 15081 15082 15047 15080 15082 15080 15083 15047 14231 15080 15079 15080 14263 14231 14263 15080 14266 14265 15049 14266 15049 15082 15082 15049 15047 15049 14265 14232 15085 15084 15086 15085 15087 15084 15085 14234 15087 15085 15051 14234 14234 14268 15087 15054 15088 15052 15087 14268 14269 15056 15057 15091 15089 15090 14271 15089 14271 14270 14271 15090 15092 15093 14270 14273 15093 15094 14270 15094 15089 14270 15096 15094 15093 15095 14275 14274 15095 14274 14276 15099 15097 15098 15098 15097 15100 15102 15103 15101 15062 14279 14244 15102 15101 15105 14279 15062 14246 15104 14282 14281 15104 15106 15107 15104 14281 15106 14281 14283 15106 15065 15067 15106 15065 15106 14284 14284 15106 14283 14284 14285 15108 14284 15108 15065 15065 15108 15068 15071 14287 15109 15071 15108 14287 15071 15068 15108 15108 14288 14287 15109 14287 14253 15073 15109 14253 15110 15074 14254 15110 14254 15111 15111 14254 14290 15074 14292 14256 15074 15110 14292 15110 15112 14292 14292 15112 15113 14294 14292 15113 14296 15114 15115 14296 15115 14258 14258 15115 15075 14297 15114 14296 14297 15116 15114 15117 15076 15078 15081 15076 15117 14261 15079 14299 15116 14297 14300 15083 15118 15082 15079 14263 14299 15120 15119 14301 15118 15120 14301 15118 14301 14266 15118 14266 15082 15086 15084 15121 15119 14302 14301 15121 14304 15122 15121 15087 14304 15121 15084 15087 14303 14304 15087 14303 15087 14269 14306 14305 15123 15090 15124 15125 15092 15090 15125 15093 14273 14308 15093 15127 15096 15093 15126 15127 15093 14308 15126 14310 15126 14308 14275 15095 14309 15099 14312 15097 15099 14313 14312 15099 15127 14313 15126 14313 15127 15095 14276 14309 14312 14314 15128 15097 14312 15128 15097 15128 15129 15097 15129 15100 15129 15128 15131 15103 15130 15101 15101 15130 15105 14282 15104 15133 14282 15133 14316 15133 15104 15132 15104 15107 15132 14319 15135 15134 14318 14319 15134 14318 15134 15108 14318 15108 14285 15134 15136 15108 14320 15108 14321 15136 14321 15108 14323 15138 15108 14323 15108 14320 15138 15137 15108 14288 15108 14322 15137 14322 15108 15139 14324 14322 15139 14322 15140 15140 14322 15137 15140 14326 15139 15140 15111 14326 15111 14290 14326 14328 15141 14329 14331 15113 15142 14331 14294 15113 14328 14332 15141 15145 15143 15144 15142 15115 14334 15142 14334 14331 14334 15115 15114 15144 15143 15147 15147 15143 15146 14334 15114 15116 14334 15116 14335 15116 14300 14335 15147 15146 14336 15147 14336 15148 14336 15146 14337 15150 14338 15149 15150 15148 14338 15148 14336 14338 15152 15119 15120 15152 15151 15119 14339 15149 14338 14340 14302 15154 14340 15154 15153 14302 15119 15154 15155 15154 15151 15119 15151 15154 15154 15156 15153 15154 14304 15156 15154 15122 14304 14304 14342 15156 14342 14345 15156 14344 14306 15123 15159 15157 15158 15162 15125 14346 15162 14346 14347 15125 15124 14346 15160 14346 15161 15124 15161 14346 14346 15160 14350 14351 15163 15165 14351 15165 14310 15164 15126 15165 15126 14310 15165 15164 14313 15126 15164 14352 14313 15164 15167 14352 15166 14352 15167 15163 14351 14353 15166 15169 15168 14352 15166 15168 14352 15168 15128 14352 15128 14314 15128 15168 15131 14356 14355 15170 15170 14355 14316 15170 14316 15171 15171 14316 15133 15135 14319 14359 15172 15135 14359 15172 14359 14321 15136 15172 14321 15138 14323 14360 15173 15138 14360 14360 15174 15173 14360 14362 15174 14361 14324 15139 14364 15175 15176 14364 14363 15175 14326 14361 15139 14329 15141 15177 14329 15177 14363 14363 15177 15175 15141 15178 15177 15141 14332 15178 14332 14365 15178 15145 15179 15143 15179 15180 14369 15179 14369 15146 15179 15146 15143 14368 15146 14369 15146 14368 14337 15181 15182 15150 15181 15150 14373 15149 14372 15150 14372 14373 15150 15152 14375 15151 15152 14376 14375 15152 15182 14376 15181 14376 15182 15149 14339 14372 15151 15184 15155 15151 15183 15184 15151 14375 15183 14379 15183 14375 14340 15153 14378 15184 15183 15186 14378 15153 14381 15153 15185 14381 15153 15156 15185 15159 15188 15157 15156 14345 15187 15156 15187 15185 15187 14345 14382 15162 14347 14386 15160 15161 14384 15161 14385 14384 15161 15189 14385 14390 15191 15160 14390 15160 14384 15191 15190 15160 14350 15160 14389 15190 14389 15160 15163 15190 15165 15163 14392 15190 14392 14389 15190 15163 14353 14392 15166 15167 15193 14394 14393 15192 15192 14395 15194 15192 14393 14395 15166 15193 15169 14356 15194 14395 14356 15170 15194 15170 15195 15194 15195 15170 14396 15195 14396 14397 15170 15171 14396 15196 14396 15197 15171 15197 14396 14399 14396 15196 15198 14399 15196 15199 14401 14399 15199 14399 15200 15198 15201 14399 15201 15200 14399 14403 15199 15200 14403 15200 14402 14402 15200 15202 15202 15203 14402 14402 15203 14405 14362 15203 15174 14362 14405 15203 14407 14406 15204 15204 14406 14364 15204 14364 15205 15205 14364 15176 14409 14410 15206 15207 14412 14411 15206 15208 14409 15208 14365 14409 15208 15178 14365 14414 15207 14411 15209 15207 14414 15209 14414 14416 15211 15210 14369 15211 14369 15180 14369 15210 14415 15212 14418 14415 15212 14415 15213 15210 15214 14415 15214 15213 14415 15213 15215 15212 14373 14420 15181 15181 14420 14376 15217 15216 15218 15219 15216 14379 15219 14379 14423 15216 15217 14379 15183 14379 15220 15217 15220 14379 14423 15222 15219 14423 15221 15222 14423 14381 15221 15185 15221 14381 15183 15220 15186 15185 15187 15223 15221 15185 15223 15189 14426 14385 15224 14426 15189 15226 14428 15225 15226 14429 14428 15191 14390 15224 14390 14426 15224 14428 15227 15225 14430 15227 14428 15192 14432 14394 15194 14432 15192 14433 14432 15194 15195 14433 15194 15195 14434 14433 15228 15229 15230 14434 15195 14397 15229 15228 15232 15196 15197 15231 15231 15233 14437 15231 14437 15198 15231 15198 15196 14436 15198 14437 15199 15234 14436 15199 14436 14401 15234 15235 14436 15198 14436 15201 15235 15201 14436 15199 14439 15234 14403 14439 15199 15238 15236 15237 15239 15237 15236 15239 15240 15237 15204 14441 14407 15239 15241 15205 15239 15205 15240 15241 14442 15205 15204 15205 14441 14442 14441 15205 14444 14443 15206 14444 15206 15241 14410 14442 15206 14442 15241 15206 15207 14445 14412 15208 15206 14446 15208 14446 15242 14446 15206 14443 15243 15207 15209 15243 14447 15207 15243 15244 14447 14447 14445 15207 15210 15211 15245 15209 14416 15243 14416 15246 15243 14416 14448 15246 14418 15247 14450 14418 15212 15247 15214 15210 15245 15215 15248 15247 15212 15215 15247 15250 15218 15216 15249 15250 15216 15252 15253 15251 15219 14452 15249 15219 15249 15216 15249 14452 14453 15219 14454 14452 15219 15254 14454 15219 15222 15254 15255 15254 15222 15252 15251 15256 15255 15257 15254 14456 15258 14457 15260 14429 15226 15260 15258 14429 15260 15259 15258 14456 14429 15258 15227 14430 15259 15227 15259 15260 14430 14459 15259 15262 15259 15261 14459 15261 15259 15263 14459 14460 15263 15264 14459 15264 15261 14459 15264 15265 15266 15263 15265 15264 15266 15265 15268 15230 15267 15228 15269 14462 14461 15269 15270 14462 15267 15232 15228 15233 15271 14437 14437 15271 14463 15272 15269 14461 15272 14461 14464 15275 15273 15274 15271 15235 14466 15271 14466 14463 14466 15235 15234 15274 15273 15277 14466 15234 14439 15276 14468 14467 15238 15278 15236 15276 14467 14470 15236 15279 15239 15278 15279 15236 15281 15239 15279 15281 15280 15239 15280 15241 15239 15241 15280 14473 14444 15241 14473 15242 14446 14474 15282 15242 14474 15282 14474 14447 15244 15282 14447 15283 15284 15246 15283 15246 14476 14476 15246 14448 15285 14450 15247 15285 14477 14450 15283 15286 15284 15248 15288 15287 15248 15287 15247 15247 15287 15285 15288 15250 15249 15288 15249 15287 15287 15249 15289 15249 14453 15289 15289 14453 14480 15251 15253 15291 15251 15291 15290 15251 15290 15292 15251 15292 15256 15290 14481 15292 15254 15292 14454 14481 14454 15292 15254 15257 15292 15293 14457 15258 14484 14457 15293 15295 15296 15294 15259 14487 15293 15259 15293 15258 15293 14487 14488 15294 15297 15262 15294 15262 15295 15297 14489 15262 15259 15262 14487 14489 14487 15262 14491 14490 15263 14491 15263 15297 14460 14489 15263 14489 15297 15263 14490 14492 15298 14490 15298 15263 15263 15298 15265 15268 15298 15299 15265 15298 15268 15270 14493 14462 15300 14493 15270 15300 14464 14493 15300 15272 14464 15302 15303 15301 15273 14496 14495 15275 14496 15273 15275 15301 14496 15275 15302 15301 15276 14497 14468 15277 15273 14498 15277 14498 15304 14498 15273 14495 15276 14470 14497 15306 15307 15305 15306 15305 15308 15280 15281 15310 14499 15309 14500 15309 14499 14473 15309 14473 15311 15280 15310 14473 15310 15311 14473 15314 15313 15312 14503 15312 15313 14503 15313 14502 14502 15313 15315 14502 15315 15283 14502 15283 14476 15315 15316 15283 14505 15283 14506 15316 14506 15283 15283 15318 15286 15283 15317 15318 15283 14505 15317 14509 15317 14505 14477 15285 14508 15285 15287 14511 15285 14511 14508 15287 15319 14511 15317 14511 15318 15319 15318 14511 15321 15319 15287 15321 15287 15320 15320 15287 15289 15289 14480 15320 15320 14480 14513 15290 15291 15323 15290 15323 15322 15290 15322 14514 14481 15290 14514 15326 15325 15324 14518 14517 15330 14516 14484 15293 15329 15327 15328 14516 15293 14488 15328 15327 15296 15327 15294 15296 15327 15331 15294 15332 15331 15333 15332 15297 15331 15297 15294 15331 15335 15334 14519 15332 15335 14519 15332 14519 14491 15332 14491 15297 14521 14520 15298 14521 15298 15334 14492 14519 15298 14519 15334 15298 15298 14520 14522 15298 14522 15337 15298 15337 15299 15336 15337 14522 14523 15336 14522 15338 15336 14523 15338 15303 15339 15338 14525 15303 15338 14523 14525 14525 15301 15303 15301 14525 14496 14528 15340 15341 14528 15341 14498 14498 15341 15304 15340 15307 15342 15340 14529 15307 15340 14528 14529 14529 15305 15307 14529 15308 15305 14529 14531 15308 14531 15343 15308 15309 14532 14500 14532 15309 15311 14532 15311 14534 14534 15311 15344 15345 15346 15314 15345 15314 14537 15312 14536 15314 14536 14537 15314 15346 15347 15348 15346 15345 15347 14536 15312 14503 15348 15347 15351 15316 15350 14540 15316 14540 14506 14540 15350 15349 15349 15350 15352 15349 15352 14509 15349 14509 14541 15317 14509 15352 15317 14543 14511 15317 15352 14543 15352 15353 14543 15321 15320 15354 15321 15354 14543 15321 14543 15353 14544 14543 15354 15323 15355 14545 15323 14545 15322 15355 15354 14545 14513 14545 15320 15354 15320 14545 14546 14514 15322 14546 15322 15356 14545 14547 15322 14547 15356 15322 15358 15326 14546 15358 14546 15356 15326 15324 14546 14549 14546 15357 15324 15357 14546 15329 15359 15327 15330 14517 14550 15361 15327 15359 15361 15331 15327 14551 15360 14552 15331 15361 15333 15360 14551 14554 15363 15364 15362 15363 15334 15335 15363 15362 15334 15362 15365 15334 14556 14521 15367 14556 15367 15366 14521 15334 15367 15368 15367 15365 15334 15365 15367 15336 14558 14559 15337 15336 14559 15337 14559 15366 15337 15366 15367 15369 15336 15338 15369 14560 15336 15369 15370 14560 14560 14558 15336 15338 15339 15369 14563 15371 14562 14562 15371 14564 15340 14566 14567 15340 14567 15341 15341 14567 15372 14566 15373 14568 15340 15373 14566 15340 15374 15373 15340 15342 15374 15374 14569 15373 15374 15343 14569 15343 14531 14569 14572 15375 15376 14571 15375 14572 15375 14571 15377 15375 15377 15379 14571 14534 15377 15378 15377 15344 14534 15344 15377 15378 15380 15377 14537 14575 15345 14575 14577 15381 14575 15381 15345 15345 15381 15347 15351 15381 15382 15351 15347 15381 14540 15349 14578 14578 15349 14541 14580 14579 15383 14579 14582 15383 15384 14544 15354 14583 14544 15384 15355 15386 15385 15355 15385 15354 15354 15385 15384 15386 15387 15385 14547 14586 15356 15357 15388 14586 15357 14586 14549 15388 15389 14586 15356 14586 15358 15389 15358 14586 15390 14590 14589 15390 15391 14590 15391 15392 14590 15391 15390 15393 14552 15360 14592 15362 15395 15394 15362 15364 15395 15360 14554 14592 14594 15396 14595 15397 15365 15398 15365 15394 15398 15365 15362 15394 14594 15400 15396 14594 15399 15400 14594 14556 15399 15366 15399 14556 15365 15397 15368 15366 15401 15399 15366 14559 15401 14559 14597 15401 14599 15403 15402 14599 14560 15403 14560 15370 15403 14599 15371 14563 14599 15405 15371 14599 15402 15405 15406 15405 15402 14601 14600 15404 15405 15408 14564 15405 14564 15371 15408 15407 14564 14600 14564 15404 15407 15404 14564 15372 14567 15407 15372 15407 15408 14567 14603 15407 15410 15407 15409 14603 15409 15407 14603 15411 15409 14603 14605 15411 14604 14568 15373 14604 15373 14569 14607 14606 15412 14609 15376 15413 14609 14572 15376 14606 14610 15412 15379 15377 15414 15379 15414 14609 15379 14609 15413 14612 14609 15414 15414 15377 14614 15414 14614 14615 15377 15380 14614 15415 14614 15416 15380 15416 14614 14614 15381 14577 14614 15418 15381 14614 15415 15418 15419 15418 15415 14617 14616 15417 15417 14618 15420 15417 14616 14618 15381 15418 15382 14618 14621 15420 14620 14580 15383 15423 15421 15422 15422 15424 15425 15422 15421 15424 14620 15383 14582 15424 15426 15425 15424 14583 15426 15424 14624 14583 15384 15426 14583 15428 15426 15384 15428 15384 15427 15427 15384 15385 15387 15430 15429 15387 15429 15385 15385 15429 15427 15389 15429 15430 15389 14628 15429 15389 15388 14628 14627 14628 15388 15432 15433 15431 14589 14629 15435 14589 15435 15390 15390 15435 15434 15393 14630 15436 15393 15434 14630 15393 15390 15434 15434 14631 14630 15395 15438 15394 15439 15436 15437 15436 14632 15437 15436 14630 14632 15394 15438 15398 15396 14634 14595 15437 14632 14635 15441 15442 15440 14634 15396 15400 14634 15400 14637 15441 15440 15400 15440 14637 15400 15401 14597 15443 15443 14597 14638 15402 14641 14640 15402 15403 14641 15403 15444 14641 15402 15446 15406 15402 15445 15446 15402 14640 15445 14643 15445 14640 14601 15404 14642 15446 15445 15448 15448 15445 15447 14642 15404 15407 14642 15407 14645 14645 15407 15410 14645 15410 14646 15448 15447 15410 15447 14646 15410 15411 14605 15449 15449 14605 14648 15450 14607 15412 14650 14607 15450 15412 14651 15450 14610 14651 15412 15452 15453 15451 15414 14652 14612 15454 14655 14654 15452 15451 15456 15414 14615 14652 15415 15416 15455 14654 15458 15454 14654 15457 15458 14654 14617 15457 15417 15457 14617 15415 15455 15419 15457 14658 15459 15457 15420 14658 15457 15417 15420 14657 14658 15420 15421 15461 15460 15421 15423 15461 15420 14621 14657 15421 15460 15424 15424 15460 15462 14662 14624 15424 14662 15424 15463 15463 15424 15462 15465 15428 14662 15465 14662 15463 15428 15427 14662 14663 14662 15464 15427 15464 14662 15467 15468 15466 15429 14665 15464 15429 15464 15427 15464 14665 14666 15433 14667 15431 15433 14668 14667 15433 15467 14668 15466 14668 15467 15429 14628 14665 15435 15469 15434 15435 15470 15469 15471 14671 14670 15434 15469 15472 15434 15472 14631 14631 15472 14673 15437 14674 14675 15437 14675 15439 15439 14675 15473 15437 14635 14674 15440 15442 14677 15442 14678 14677 15442 15474 14678 15440 14677 14637 15443 14638 14680 15475 15443 14680 15475 14680 15476 15475 15476 15478 14680 14641 15476 15477 15476 15444 14641 15444 15476 15479 15445 15477 15479 15477 15480 15445 14643 15477 15476 15477 14682 14643 14682 15477 15481 15479 15482 15481 15447 15479 15447 15445 15479 15484 15483 14683 15481 15484 14683 15481 14683 14646 15481 14646 15447 14684 15485 15483 14684 15483 14685 15485 15449 15483 14683 15483 14648 15449 14648 15483 14684 15486 15485 14684 14688 15486 14687 14650 15450 14687 15450 14651 14690 14689 15487 15489 15451 15453 15489 15488 15451 14691 15487 14689 14655 15454 14693 15456 15451 15491 15451 15490 15491 15451 15488 15490 15490 15492 15458 15490 15458 15491 15492 14695 15458 15454 15458 14693 14695 14693 15458 14696 15493 15492 14696 15492 14697 15493 15459 15492 14695 15492 14658 15459 14658 15492 15461 15495 15460 15496 15493 15494 15493 14698 15494 15493 14696 14698 14698 14699 15497 14698 15497 15494 14699 15462 15497 15495 15497 15460 15462 15460 15497 14699 14701 15498 14699 15498 15462 15462 15498 15463 14663 15464 14702 15465 15463 15500 15463 15499 15500 15463 15498 15499 15501 14704 14703 15500 15499 15503 15464 14666 14702 15466 15468 15502 15501 14703 14668 15501 14668 15504 15466 15502 14668 15502 15504 14668 14705 15471 14670 14705 15508 15471 15507 15505 15506 15506 15505 14706 15506 14706 15472 15472 14706 14673 15473 14675 14708 15509 15473 14708 15474 15510 14678 14678 15510 14710 15511 15509 14708 15511 14708 14711 14710 15510 15512 14712 14710 15512 15478 15476 15513 15513 15514 15516 15513 14715 15514 15513 15476 14715 14682 14715 15476 15480 15515 15479 15482 15479 15515 15517 15518 14715 15517 14715 14717 14715 15518 15514 15484 15519 15483 15484 14717 15519 15484 15517 14717 14718 15519 14717 14719 14685 15483 14719 15483 15520 15520 15483 15519 15521 14722 14721 15520 15522 14719 15522 14688 14719 15522 15486 14688 14721 14725 15521 14724 14690 15487 15525 15523 15524 14724 15487 14691 15524 15523 15489 15523 15488 15489 15523 15526 15488 14727 15527 14728 15528 15490 15529 15490 15526 15529 15490 15488 15526 14727 14729 15530 14727 15530 15527 14729 15492 15530 15528 15530 15490 15492 15490 15530 14730 14697 15492 14730 15492 15531 14729 14731 15492 14731 15531 15492 15533 15496 14730 15533 14730 15531 15496 15494 14730 14732 14730 15532 15494 15532 14730 15497 15535 15534 15497 15534 15494 15494 15534 15532 15535 15536 15534 14701 14733 15498 15499 15498 14733 14734 15499 14733 15501 15537 14734 15501 14734 14704 15537 15538 14734 15499 14734 15503 15538 15503 14734 15537 15501 14736 15537 14736 14737 15501 15504 14736 15539 14736 15540 15504 15540 14736 15505 15507 15541 15508 14705 15543 14705 15542 15543 14705 14739 15542 15505 14741 14706 15505 15545 14741 15505 15541 15545 15545 15544 14741 15545 15546 15544 15511 14711 15547 15547 14711 14743 15512 14745 14712 15548 14745 15512 14745 15548 15549 14746 14745 15549 14749 15551 15550 14748 14749 15550 15554 15552 15553 15550 15516 14750 15550 14750 14748 14750 15516 15514 14750 15514 15518 14750 15518 14751 15553 15552 15518 15552 14751 15518 15555 15519 14718 14752 15555 14718 14755 14754 15520 14755 15520 15555 15555 15520 15519 15521 15556 14754 15521 14754 14722 15556 15557 14754 15520 14754 15522 15557 15522 14754 15525 15558 14757 15525 14757 15523 15558 15556 14757 14725 14757 15521 15556 15521 14757 14757 14758 15559 14757 15559 15523 15523 15559 15526 14728 15527 14759 15529 15526 15561 15526 15560 15561 15526 15559 15560 14759 15527 15530 14759 15530 14760 15561 15560 15530 15560 14760 15530 14761 15562 15564 14761 15564 14731 15563 15531 15564 15531 14731 15564 15563 15533 15531 15562 14761 15532 15562 15532 15565 15532 14761 14732 15566 15567 15565 15566 15565 15534 15534 15565 15532 15534 15536 15566 14765 15568 14764 15568 15570 15569 15568 15569 14764 14764 15569 14767 15573 15571 15572 15569 15538 14768 15569 14768 14767 14768 15538 15537 14768 15537 14737 15572 15571 15540 15571 15539 15540 15571 15574 15539 15575 14739 14771 15542 14739 15575 15544 14773 14741 15546 14773 15544 15546 15576 14773 15576 14774 14773 15578 14775 15577 15578 14776 14775 15547 14743 15576 14743 14774 15576 15577 14775 15579 14775 14778 15579 14746 15549 15580 14746 15580 14780 15549 15579 15580 14781 15580 14778 15579 14778 15580 15580 14749 14780 15580 15581 14749 15581 15551 14749 15552 14784 14783 15552 15554 14784 15554 15582 14784 15552 14783 14751 15584 15583 15585 15584 15586 15583 14752 14786 15555 14787 14755 15555 14787 15555 15587 14786 14788 15555 14788 15587 15555 14790 14787 15557 14790 15557 15556 14787 15587 15557 15589 15557 15588 15587 15588 15557 15588 15590 15558 15588 15558 15589 15590 14791 15558 15556 15558 14790 14791 14790 15558 15590 15592 15591 14791 15590 15591 14791 15591 15559 14791 15559 14758 15591 15593 14794 15591 14794 15560 15591 15560 15559 14793 15560 14794 14795 14760 15560 14795 15560 15594 14793 14796 15560 14796 15594 15560 15596 15564 14795 15596 14795 15594 15564 15562 14795 14797 14795 15595 15562 15595 14795 15598 15599 15597 15565 14798 15595 15565 15595 15562 15595 14798 14799 15601 15598 15597 15567 15600 15565 15600 14798 15565 15600 14801 14798 14765 14801 15600 14765 15600 15602 14765 15602 15568 15602 15600 15603 15570 15604 15605 15570 15568 15604 15568 15602 15604 15571 14804 14803 15573 14804 15571 15573 15604 14804 15573 15605 15604 15574 15571 14803 14805 15574 14803 14807 15606 14808 14809 15606 14807 15607 15606 14809 15609 14776 15578 15609 15607 14776 15609 15608 15607 14809 14776 15607 15609 15610 15608 15580 14781 14812 14812 15581 15580 14812 14814 15581 14814 15611 15581 15582 15612 14784 15612 14815 14784 15585 15583 15613 15614 14817 15583 15614 15583 15586 14817 14818 15583 15613 15583 15615 14818 15615 15583 14788 15616 15587 14788 14817 15616 14817 15614 15616 15587 15617 15588 15616 15617 15587 15619 15588 15617 15619 15590 15588 14821 15618 14822 15618 14823 15620 15618 14821 14823 15590 15619 15592 15620 14823 14794 15620 14794 15621 15621 14794 15593 15622 15594 14796 14826 15622 14796 15594 15622 15623 15594 15623 15596 15622 14827 15623 15595 15623 14797 14827 14797 15623 14799 14828 15623 14799 15623 15595 14828 15624 15623 15599 15623 15597 15624 15597 15623 15601 15625 15626 15601 15597 15625 15597 15624 15625 15626 15625 15628 15603 15627 15602 15627 15629 14830 15627 14830 15604 15627 15604 15602 14829 15604 14830 15604 14829 14804 15631 15630 15632 14834 15630 15631 14834 15631 14833 15634 15633 15631 15633 14833 15631 14836 15635 15636 14835 15635 14836 14835 15637 15635 14835 14840 15637 14839 14808 15606 15638 15606 15607 15638 14842 15606 15638 15639 14842 14842 14839 15606 15641 15638 14845 15641 14845 15640 15638 15607 14845 14844 14845 15608 15607 15608 14845 15608 14847 14844 15608 15642 14847 15608 15610 15642 15643 15642 15610 15641 15640 15644 15643 15646 15645 15642 15643 15645 15646 15647 15645 15646 14814 15647 15646 15611 14814 14814 14849 15647 15647 14849 14815 15647 14815 15648 15648 14815 15612 14850 14851 15649 15649 14818 14850 15649 15650 14818 15650 15615 14818 15653 15651 15652 15654 14822 15618 15654 14854 14822 15651 15655 15652 15656 15657 15654 15656 15654 15620 15620 15654 15618 15660 15656 15620 15660 15620 15658 15621 15659 15620 15659 15658 15620 15659 15661 15658 14826 14858 15622 14859 14827 15622 14859 15622 15662 14858 14860 15622 14860 15662 15622 14859 15624 14828 14859 15664 15624 14859 15662 15664 15665 15664 15662 14862 14861 15663 14861 15666 15663 14861 14864 15666 15664 15667 15624 15667 15625 15624 15666 14866 15668 15666 14864 14866 15625 15667 15628 15670 14830 15629 15670 15668 14830 15670 15669 15668 14866 14830 15668 15630 14867 14868 15632 15630 14868 15632 14868 15669 15632 15669 15670 15633 15672 15671 15633 15634 15672 15630 14834 14867 14869 15636 15673 14869 14836 15636 14871 14870 15674 15673 14840 14869 15637 14840 15673 15675 15639 15676 15675 14873 15639 14873 14842 15639 15677 15675 14845 15677 14845 14874 15675 15676 14845 15640 14845 15678 15676 15678 14845 15644 15640 15678 14847 15642 14875 15677 14874 14876 15645 14875 15642 14878 14875 15645 15647 14878 15645 15647 14880 14878 15679 15680 15681 15679 15682 15648 15679 15648 15680 15682 14881 15648 15647 15648 14880 14881 14880 15648 14851 14881 15682 14851 15682 15649 15649 15682 15683 15650 15683 15684 15649 15683 15650 14884 15685 14885 15685 15653 15686 15685 14887 15653 15685 14884 14887 14887 15651 15653 15654 14888 14854 15655 15651 14889 15655 14889 15687 14889 15651 14887 15657 14888 15654 15657 15688 14888 15688 14890 14888 15690 14892 15658 15690 15658 15689 14892 14890 15658 15660 15658 15688 14890 15688 15658 15658 15661 15689 14894 15691 15693 14894 15693 14860 15692 15662 15693 15662 14860 15693 14894 15695 15691 14894 15694 15695 14894 14862 15694 15663 15694 14862 15662 15692 15665 15697 15694 15663 15697 15663 15696 15696 15663 15666 15666 15668 15696 15668 15698 15696 15699 15700 15698 15699 15698 15669 15669 15698 15668 15669 15701 15699 15669 14868 15701 14868 14896 15701 15703 15671 15672 15702 15671 15703 14899 15704 15705 14899 14898 15704 14870 14900 15674 15704 14898 15706 14898 14903 15706 14873 15675 15707 14873 15707 14903 14903 15707 15706 15709 15707 14905 15709 14905 15708 15707 15675 14905 14904 14905 15677 15675 15677 14905 15709 15710 15711 15709 15708 15710 14904 15677 14876 15711 15710 15712 15679 15681 15714 14909 15713 14910 14909 15715 15713 14909 14912 15715 15714 15716 15679 15716 15682 15679 14912 14913 15717 14912 15717 15715 14913 15683 15717 15716 15717 15682 15683 15682 15717 15684 15683 14913 15684 14913 15718 15718 14913 14915 14885 15685 15719 14885 15719 14915 14915 15719 15718 15722 15719 15685 15722 15685 15720 15686 15721 15685 15721 15720 15685 15724 15725 15723 15721 15687 15720 15687 14917 15720 15687 14889 14917 15724 15726 15727 15723 15726 15724 15690 14919 14892 15690 15728 14919 15729 15727 15726 14919 15728 15730 14920 14919 15730 15693 15691 15731 15691 15695 15731 15733 15697 15696 15732 15733 15696 15734 15735 15732 15734 15732 15698 15698 15732 15696 15736 14923 15698 15736 15698 15700 14923 14924 15698 15734 15698 15737 14924 15737 15698 15736 14896 14923 15736 15701 14896 15739 15740 15738 15702 14928 14927 15703 14928 15702 15703 15738 14928 15703 15739 15738 15744 15745 15743 15705 15742 14930 15705 14930 14899 14930 15742 15741 14934 15741 15742 14934 15742 14933 15747 15746 15742 15746 14933 15742 15746 15749 15748 15746 15748 14933 14933 15748 14936 14939 14938 15750 14905 14936 15708 14936 15751 15708 14936 15748 15751 15708 15752 15710 15708 15751 15752 15750 14938 14941 15710 15752 15712 15753 14910 15713 14942 14910 15753 15755 15756 15754 15715 14944 15753 15715 15753 15713 15753 14944 14945 15758 15755 15754 15717 15757 15715 15757 14944 15715 15757 14946 14944 15757 15759 14946 14946 15759 14947 14947 15759 15760 14949 14947 15760 15762 15722 15720 15761 15762 15720 15725 15763 14952 15725 14952 15723 15763 15761 14952 14917 14952 15720 15761 15720 14952 15726 15723 15766 15726 15766 15765 15723 14952 15766 15764 15766 14953 14952 14953 15766 15729 15726 15765 15767 15768 14953 15767 14953 14955 14953 15768 15764 14920 15730 15769 14920 15769 14957 15730 15767 15769 14958 15769 14955 15767 14955 15769 15769 15771 15770 15769 15770 14957 14957 15770 14960 15773 15772 14962 15773 14962 15770 15770 14962 14960 15775 15733 14962 15775 14962 15772 15733 15732 14962 14963 14962 15774 15732 15774 14962 15774 15732 14965 15774 14965 14966 15732 15735 14965 15776 14965 15777 15735 15777 14965 14967 15778 15776 14967 15776 14968 15778 15737 15776 14965 15776 14924 15737 14924 15776 15738 15740 15778 15738 15778 14970 14970 15778 14967 14972 14928 15738 14972 15738 15779 14970 14973 15738 14973 15779 15738 15783 15784 15781 14977 15782 14979 15780 14976 14975 14980 15780 14975 14980 15786 15780 15786 15785 15780 14983 15787 14982 14983 15785 15787 15785 15786 15787 15790 15789 15788 15790 15791 15789 15787 14984 14982 14987 14986 15792 14987 15792 15788 15788 15792 15790 15794 15792 14986 15794 14986 15793 15793 14986 14989 14992 15796 15795 14992 15795 14989 14989 15795 15793 15796 15797 15795 15796 14994 15797 14994 14993 15797 15799 14997 14996 15799 15800 14997 15800 15798 14997 15802 15799 14996 15802 14996 15801 15801 14996 14998 15804 15000 15803 15804 15801 15000 15801 14998 15000 15803 15000 15002 15803 15002 15805 15805 15002 15806 15003 15807 15809 15003 15809 15005 15808 15810 15809 15810 15005 15809 15807 15003 15007 15807 15007 15811 15810 15808 15007 15808 15811 15007 15812 15010 15008 15814 15012 15015 15815 15812 15013 15815 15013 15813 15013 15812 15008 15012 15816 15016 15814 15816 15012 15814 15817 15816 15814 15818 15817 15817 15821 15820 15817 15820 15816 15816 15820 15819 15019 15820 15021 15019 15819 15820 15824 15822 15823 15823 15822 15826 15828 15825 15827 15827 15825 15830 15024 15023 15829 15832 15833 15834 15832 15831 15833 15026 15829 15023 15833 15831 15836 15836 15831 15835 15780 15837 15028 15780 15028 14976 15837 15838 15028 15784 15028 15781 15838 15781 15028 15780 15785 15837 15785 15839 15837 15030 15785 14983 15030 15840 15785 15840 15839 15785 15840 15789 15841 15840 15031 15789 15840 15030 15031 15031 15788 15789 15788 15031 14987 15844 15843 15842 15846 15847 15845 15843 15797 15842 15797 15033 15842 15797 14993 15033 15798 15034 14997 15798 15848 15034 15849 15846 15845 15851 15850 15036 15851 15036 15848 15848 15036 15034 15853 15804 15036 15853 15036 15850 15804 15803 15036 15037 15036 15852 15803 15852 15036 15805 15854 15038 15805 15038 15852 15805 15852 15803 15852 15038 15039 15809 15807 15855 15809 15855 15038 15809 15038 15854 15041 15038 15855 15811 15857 15856 15811 15856 15807 15807 15856 15855 15857 15859 15858 15856 15857 15858 15859 15043 15858 15859 15813 15043 15813 15013 15043 15861 15862 15860 15816 15045 15016 15861 15860 15864 15045 15816 15046 15816 15863 15046 15816 15819 15863 15824 15865 15048 15824 15048 15822 15865 15863 15048 15019 15048 15819 15863 15819 15048 15826 15822 15048 15826 15048 15866 15866 15048 15050 15024 15829 15867 15024 15867 15050 15050 15867 15866 15831 15832 15868 15829 15026 15867 15026 15869 15867 15026 15051 15869 15871 15831 15868 15871 15835 15831 15053 15870 15054 15837 15055 15056 15838 15837 15056 15838 15056 15873 15838 15873 15872 15839 15055 15837 15058 15055 15839 15840 15058 15839 15059 15058 15840 15841 15059 15840 15841 15874 15059 15874 15060 15059 15874 15875 15060 15060 15875 15061 15875 15876 15061 15061 15876 15063 15842 15876 15844 15842 15064 15876 15064 15063 15876 15847 15877 15845 15842 15033 15064 15845 15877 15849 15067 15066 15878 15878 15851 15879 15878 15069 15851 15878 15066 15069 15069 15850 15851 15850 15881 15853 15850 15880 15881 15850 15069 15880 15071 15880 15069 15037 15852 15070 15881 15880 15883 15070 15852 15039 15882 15073 15072 15041 15882 15072 15041 15855 15882 15855 15884 15882 15855 15856 15884 15856 15885 15884 15886 15887 15885 15886 15885 15858 15858 15885 15856 15858 15043 15075 15858 15075 15889 15858 15889 15886 15889 15075 15888 15860 15078 15077 15862 15078 15860 15862 15888 15078 15862 15889 15888 15863 15080 15046 15864 15860 15081 15864 15081 15890 15081 15860 15077 15080 15863 15865 15080 15865 15083 15083 15865 15891 15085 15086 15892 15892 15051 15085 15892 15893 15051 15893 15869 15051 15870 15088 15054 15091 15873 15056 15090 15089 15894 15094 15894 15089 15895 15894 15094 15094 15096 15895 15098 15896 15099 15896 15098 15100 15899 15897 15898 15103 15898 15897 15103 15102 15898 15102 15900 15898 15901 15102 15105 15901 15902 15102 15902 15900 15102 15904 15902 15901 15903 15107 15106 15067 15903 15106 15067 15878 15903 15878 15905 15903 15879 15906 15905 15878 15879 15905 15880 15071 15109 15073 15882 15907 15073 15907 15109 15883 15880 15907 15880 15109 15907 15907 15111 15908 15907 15884 15111 15907 15882 15884 15110 15111 15884 15885 15110 15884 15885 15112 15110 15909 15910 15911 15112 15885 15887 15112 15887 15113 15910 15909 15887 15909 15113 15887 15912 15888 15075 15115 15912 15075 15117 15078 15888 15117 15888 15913 15913 15888 15912 15915 15890 15081 15915 15081 15913 15915 15913 15914 15117 15913 15081 15891 15118 15083 15891 15916 15118 15917 15915 15914 15118 15916 15918 15120 15118 15918 15121 15919 15921 15121 15921 15086 15920 15892 15921 15892 15086 15921 15892 15920 15893 15919 15121 15122 15923 15924 15922 15923 15922 15925 15926 15090 15894 15124 15090 15926 15927 15928 15926 15927 15926 15895 15895 15926 15894 15895 15096 15127 15895 15127 15927 15927 15127 15929 15099 15929 15127 15099 15930 15929 15099 15896 15930 15930 15931 15929 15899 15932 15129 15899 15129 15897 15932 15930 15129 15100 15129 15896 15930 15896 15129 15131 15934 15897 15131 15897 15129 15934 15933 15897 15103 15897 15130 15933 15130 15897 15130 15933 15901 15130 15901 15105 15933 15935 15901 15132 15901 15133 15935 15133 15901 15107 15903 15936 15107 15936 15132 15904 15901 15936 15901 15132 15936 15938 15936 15135 15938 15135 15937 15936 15903 15135 15134 15135 15905 15903 15905 15135 15134 15905 15906 15134 15906 15136 15938 15937 15906 15937 15136 15906 15137 15138 15939 15140 15137 15939 15940 15140 15939 15942 15908 15111 15942 15111 15940 15942 15940 15941 15140 15940 15111 15942 15941 15944 15911 15943 15909 15946 15945 15142 15943 15946 15142 15943 15142 15113 15943 15113 15909 15145 15144 15912 15145 15912 15945 15115 15142 15912 15142 15945 15912 15913 15912 15144 15147 15913 15144 15914 15913 15147 15148 15914 15147 15148 15917 15914 15148 15150 15917 15150 15947 15917 15918 15948 15120 15948 15152 15120 15949 15950 15921 15949 15921 15155 15919 15154 15921 15154 15155 15921 15154 15919 15122 15950 15949 15952 15922 15924 15951 15953 15159 15158 15953 15954 15159 15951 15925 15922 15955 15124 15926 15955 15161 15124 15958 15956 15957 15928 15960 15959 15928 15959 15926 15926 15959 15955 15165 15959 15960 15165 15960 15164 15962 15961 15960 15961 15164 15960 15931 15930 15963 15961 15167 15164 15930 15932 15963 15169 15964 15168 15964 15131 15168 15964 15965 15131 15965 15934 15131 15935 15966 15133 15966 15171 15133 15969 15968 15967 15968 15970 15967 15135 15172 15937 15937 15172 15136 15972 15971 15973 15974 15971 15138 15974 15138 15173 15971 15972 15138 15939 15138 15975 15972 15975 15138 15939 15976 15940 15939 15975 15976 15974 15173 15174 15978 15940 15976 15978 15941 15940 15175 15977 15176 15944 15941 15978 15979 15980 15175 15979 15175 15177 15175 15980 15977 15982 15177 15178 15982 15979 15177 15946 15981 15945 15945 15179 15145 15945 15981 15179 15981 15983 15179 15179 15983 15984 15180 15179 15984 15182 15985 15986 15182 15986 15150 15150 15986 15947 15988 15152 15948 15988 15985 15152 15988 15987 15985 15182 15152 15985 15988 15989 15987 15155 15184 15949 15184 15952 15949 15184 15186 15952 15186 15990 15952 15188 15992 15991 15188 15159 15992 15159 15954 15992 15958 15994 15993 15958 15993 15956 15994 15189 15993 15955 15993 15161 15189 15161 15993 15993 15191 15995 15993 15959 15191 15993 15955 15959 15190 15191 15959 15962 15996 15961 15959 15165 15190 15998 15997 15193 15996 15998 15193 15996 15193 15167 15996 15167 15961 15997 16000 15999 15193 15997 15999 15193 15999 15964 15193 15964 15169 15965 15964 15999 16002 16003 16001 16002 16001 16006 15966 16005 15197 15966 15197 15171 15197 16005 16004 16007 16008 16004 16007 16004 15967 16005 15969 16004 15969 15967 16004 15967 15970 16007 15201 16009 15200 15202 15200 15973 15202 15973 15971 15200 16009 15973 16011 15973 16010 16009 16010 15973 16011 16010 16013 16013 16010 16012 15202 15971 15974 15202 15974 15203 16013 16014 16015 16013 16012 16014 15203 15974 15174 16014 16016 16015 16014 15176 16016 16014 15205 15176 15977 16016 15176 16019 16016 15977 16019 15977 16017 15980 16018 15977 16018 16017 15977 16018 15208 16017 16018 15982 15208 15982 15178 15208 16022 16020 16021 16021 16020 15211 16021 15211 15984 15984 15211 15180 15213 15214 16023 16025 15986 15213 16025 15213 16023 15986 15985 15213 15215 15213 16024 15985 16024 15213 16027 16028 16026 15987 15217 16024 15987 16024 15985 16024 15217 15218 16026 16029 15989 16026 15989 16027 16029 15220 15989 15987 15989 15217 15220 15217 15989 15221 16030 16029 15221 16029 15222 16030 15990 16029 15220 16029 15186 15990 15186 16029 15992 16032 15991 16033 16030 16031 16030 15223 16031 16030 15221 15223 15224 15189 15994 15224 15994 16034 16034 15994 16035 16036 15226 15225 16034 16037 15224 16037 15191 15224 16037 15995 15191 15225 15227 16036 16039 15997 15998 16038 15997 16039 16000 16040 16041 16000 15997 16040 15997 16038 16040 16001 15230 15229 16003 15230 16001 16003 16040 15230 16003 16041 16040 16001 16043 16006 16001 16042 16043 16001 15229 16042 15232 16042 15229 15197 16004 15231 15231 16004 16008 15231 16008 15233 16043 16042 16008 16042 15233 16008 16044 16009 15201 16044 15201 16045 16045 15201 15235 16047 16009 16044 16047 16046 16009 16046 16010 16009 15238 15237 16012 15238 16012 16046 16046 16012 16010 16014 16012 16050 16014 16050 16049 16012 15237 16050 16048 16050 15240 15237 15240 16050 16049 16052 15205 16049 15205 16014 16052 16051 15205 15240 15205 16048 16051 16048 15205 16053 16054 16051 16053 16051 16017 16052 16019 16051 16019 16017 16051 16017 15208 15242 16017 15242 16056 16017 16056 16053 16056 15242 16055 16022 16058 16020 16059 16056 16055 15243 16057 15244 16057 15243 15246 16020 16058 15211 16058 15245 15211 16058 16060 15245 15214 15245 16060 15214 16060 16061 15214 16061 16023 16061 16060 16062 16023 16061 16063 16023 16063 16025 16061 15248 16063 16024 16063 15215 15248 15215 16063 15218 15250 16063 15218 16063 16024 15250 16064 16063 16028 16063 16026 16064 16026 16063 15253 15252 16029 15253 16029 16064 16064 16029 16026 15255 15222 16029 15255 16029 16065 15252 15256 16029 15256 16065 16029 16067 16033 15255 16067 15255 16065 16033 16031 15255 15257 15255 16066 16031 16066 15255 16035 16068 16034 16069 16068 16035 16034 16068 16037 15226 16036 15260 15262 16070 16071 15262 15261 16070 15227 15260 16036 16039 16073 16038 16074 16070 16072 16070 15264 16072 16070 15261 15264 15264 16075 16072 15264 15266 16075 16073 16076 16038 16076 16040 16038 16075 15266 15268 16040 16076 15230 16076 15267 15230 16076 16077 15267 15270 15269 16078 15232 15267 16042 15267 16079 16042 15267 16077 16079 16079 15233 16042 16079 15271 15233 16079 16081 15271 16080 15271 16081 16078 15269 15272 16082 15275 15274 16080 16083 15271 16083 15235 15271 16083 16045 15235 16085 16046 16047 16085 16084 16046 15277 16082 15274 15238 16046 16084 15238 16084 16086 15238 16086 15278 16087 16086 16084 16048 16086 16050 16048 15279 16086 15279 15278 16086 15279 16088 15281 15279 16048 16088 16048 16051 16088 16054 16089 16088 16051 16054 16088 15282 16090 16092 15282 16092 15242 16091 16055 16092 16055 15242 16092 15282 16094 16090 15282 16093 16094 15282 15244 16093 16057 16093 15244 16055 16091 16059 16057 15246 15284 16057 15284 16093 16093 15284 16095 16097 15284 15286 16097 16095 15284 16062 16096 16061 16061 15288 15248 16061 16096 15288 16096 16098 15288 15250 16099 16064 15250 15288 16099 15288 16098 16099 16064 16099 16100 16064 16100 15253 15253 16100 15291 16065 15256 15292 15257 16066 16101 15257 16101 15292 16067 16065 16101 16065 15292 16101 16103 16104 16102 15295 16105 15296 16107 15262 16071 16107 16105 15262 16107 16106 16105 15295 15262 16105 16108 16109 16106 16108 16106 16072 16107 16074 16106 16074 16072 16106 16072 16075 16110 16108 16072 16110 16075 16111 16110 16075 15268 16111 15268 15299 16111 16113 16114 16112 16078 15300 15270 16081 15302 16080 16081 15303 15302 16081 16113 15303 16112 15303 16113 16078 15272 15300 16082 16115 15302 16082 15302 15275 16115 16116 15302 16080 15302 16083 16116 16083 15302 16082 15304 16115 16082 15277 15304 16084 16085 16117 16084 16117 16087 15307 15306 16118 15306 15308 16118 16088 15310 15281 15310 16119 15311 16088 16119 15310 16088 16120 16119 16088 16089 16120 16090 15313 15314 16092 16090 15314 16092 15314 16119 16092 16119 16120 16094 15313 16090 16094 16121 15313 16121 15315 15313 15315 16121 16122 15316 15315 16122 15318 16123 16124 15318 16124 15286 15286 16124 16097 15319 16123 15318 16125 16123 15319 15319 15321 16125 16100 16126 15291 16126 15323 15291 16129 16128 16127 15326 16127 16128 15326 16128 15325 15325 16128 16130 16131 15329 15328 16131 16132 15329 16133 16102 16104 15296 16131 15328 15296 16134 16131 15296 16105 16134 16134 16135 16131 16137 16138 16136 16106 15332 16134 16106 16134 16105 16134 15332 15333 16106 15335 15332 16106 16139 15335 16106 16109 16139 16140 16139 16109 16137 16136 16141 16140 16142 16139 16143 16144 16111 16143 16111 15337 15337 16111 15299 16144 16143 16146 16114 16145 16112 16112 15339 15303 16112 16148 15339 16112 16145 16148 16148 16147 15339 16148 16116 16115 16148 16115 16147 16147 16115 16149 15341 16115 15304 15341 16149 16115 16152 16150 16151 16150 16153 16151 16150 15307 16153 16150 15342 15307 16118 16153 15307 16118 15308 15343 16118 15343 16155 16118 16155 16153 16155 15343 16154 16155 16156 16157 16154 16156 16155 16158 15311 16119 16158 15344 15311 16156 16159 16157 15346 16119 15314 15346 16160 16119 16160 16158 16119 15348 16160 15346 16161 16160 15348 15350 16122 16162 15350 15316 16122 15348 15351 16161 16165 16163 16164 16162 16124 15352 16162 15352 15350 15352 16124 16123 16164 16163 16167 16167 16163 16166 15352 16123 16125 15352 16125 15353 16167 16168 16169 16167 16166 16168 15353 16125 15321 16169 16168 15355 16169 15355 16126 16126 15355 15323 16129 16127 16170 16127 15326 15358 16127 15358 16172 16127 16172 16170 16172 15358 16171 16132 15359 15329 16132 16173 15359 16174 16175 16176 16179 16177 16178 16173 16135 15361 16173 15361 15359 15361 16135 16134 16138 15363 16136 16138 15364 15363 16138 16178 15364 16177 15364 16178 16134 15333 15361 16139 16180 15363 16139 15363 15335 16180 16181 15363 16136 15363 16141 16181 16141 15363 16142 16182 15367 16142 15367 16180 16142 16180 16139 16180 15367 15368 15337 16183 16143 15337 15367 16183 15367 16182 16183 16143 16183 16146 15370 15369 16184 16184 16185 16186 15369 16185 16184 15369 16147 16185 15369 15339 16147 16188 16185 16147 16188 16147 16187 16187 16147 16149 16149 15341 16187 16187 15341 15372 16150 16152 16190 16150 16190 16189 15342 16150 16189 15342 16189 16191 15342 16191 15374 16192 16191 16189 15343 15374 16191 15343 16191 16193 15343 16193 16154 16193 16191 16194 15376 15375 16156 15376 16156 16193 16193 16156 16154 16158 15378 15344 16159 16156 15379 16159 15379 16195 15379 16156 15375 16196 16158 16160 16196 15380 16158 16196 16197 15380 15380 15378 16158 16199 16196 16160 16199 16160 16198 16198 16160 16161 16161 15382 16198 15351 15382 16161 16165 16200 16163 16163 16201 16166 16200 16201 16163 16203 16166 16201 16203 16202 16166 16202 16168 16166 15386 15355 16168 15386 16168 16204 16204 16168 16202 16205 15387 15386 16205 15386 16206 16204 16207 15386 16207 16206 15386 16205 16206 16208 16205 16208 15358 16205 15358 15389 16171 15358 16208 16211 15391 16209 16211 15392 15391 16176 16210 16174 16179 16212 16177 16209 15391 15393 16177 15395 15364 16177 16214 15395 16177 16212 16214 16214 16213 15395 16180 15397 15398 16181 16180 15398 16181 15398 16213 16181 16213 16214 15397 16180 15368 15400 15399 16215 15399 15401 16215 16216 15370 16184 16216 16217 15370 16217 15403 15370 16218 15405 16184 16218 16184 16186 15405 15406 16184 16216 16184 16219 15406 16219 16184 16187 16218 16188 16187 15408 16218 15408 15405 16218 16187 15372 15408 16189 16190 16221 15410 15409 16220 16221 16192 16189 16220 15409 15411 16194 16222 16193 16193 15413 15376 16193 16222 15413 16222 16223 15413 16223 15379 15413 16195 15379 16223 16197 16224 15380 16224 15416 15380 16225 16226 16199 16225 16199 15419 16198 15418 16199 15418 15419 16199 16226 16227 16228 16226 16225 16227 15418 16198 15382 16230 16228 16227 16229 15423 15422 15425 16229 15422 16231 16229 15425 16231 16203 16232 16231 15426 16203 16231 15425 15426 15426 16202 16203 16233 16204 16202 16233 16202 15428 16233 15428 16234 15428 16202 15426 16233 16207 16204 16236 16237 16235 15387 16205 15430 16205 15389 15430 16236 16235 15432 16236 15432 16238 15432 16235 15433 16211 16209 16239 16240 16211 16239 16242 15436 16241 16239 15436 16242 16239 15393 15436 16239 16209 15393 15436 15439 16241 15438 15395 16213 16245 16243 16244 16244 16243 16247 15438 16213 15398 16246 15442 15441 15400 16246 15441 15400 16215 16246 16215 16248 16246 16215 15443 16248 15401 15443 16215 16249 16217 16250 16249 15444 16217 15444 15403 16217 16250 16251 16249 16250 15406 16251 16250 16219 15406 15406 15446 16251 15448 16251 15446 16252 16251 15448 15410 16252 15448 15410 16220 16252 16220 16253 16252 15449 16220 15411 15449 16253 16220 16256 16254 16255 16255 16254 16257 16260 16258 16259 15453 16259 16258 15453 15452 16259 15452 16261 16259 16224 16262 15416 15416 16262 15455 16263 16261 15452 16263 15452 15456 15455 16262 16225 15455 16225 15419 16262 16264 16225 15457 16225 15458 16264 15458 16225 16265 16227 16225 16265 16225 15459 16265 15459 16266 15459 16225 15457 15423 16267 15461 15423 16229 16267 16230 16227 16265 16229 16231 16267 16231 16268 16267 16232 16270 16269 16232 16269 16231 16231 16269 16268 16272 16273 16271 16270 16234 16269 16234 15465 16269 16234 15428 15465 16235 15468 15467 16237 15468 16235 16237 16271 15468 16237 16272 16271 16235 15467 15433 16275 16274 15469 16275 15469 16276 16276 15469 15470 16278 16242 15469 16278 15469 16274 16242 16241 15469 15472 15469 16277 16241 16277 15469 16241 15473 16277 16241 15439 15473 16243 16245 16279 16243 16279 16247 15442 16246 16281 15442 16281 15474 16281 16246 16280 16283 16280 16246 16283 16246 16282 16282 16246 16248 15443 16282 16248 15443 16284 16282 15443 15475 16284 16285 16282 16284 15475 16286 16284 15475 15478 16286 15477 15444 16249 15477 16287 15480 15477 16249 16287 16249 16251 16287 15482 16252 15481 15482 16287 16252 16287 16251 16252 15481 16288 15484 15481 16252 16288 16252 16253 16288 16256 16290 16254 16253 15449 16289 16253 16289 16288 16289 15449 15485 16254 16290 16257 16289 15485 15486 16292 16293 16291 16292 16258 16260 16292 16291 16258 16291 16294 16258 16258 16294 15489 15453 16258 15489 15491 16295 16296 15491 16296 15456 15456 16296 16263 16295 15491 15458 16295 15458 16297 16297 15458 16264 15493 16298 16299 15493 16299 15459 15459 16299 16266 15461 16267 15495 15493 15496 16298 16300 16267 16268 16300 15497 16267 16300 16301 15497 15497 15495 16267 16268 16269 16302 16300 16268 16302 16271 16273 16302 16271 16302 15500 16269 15465 16302 15465 15500 16302 15503 16304 16271 15503 16271 15500 16304 16303 16271 15468 16271 15502 16303 15502 16271 16305 15504 15502 16305 15502 16306 16306 15502 16303 16274 16275 16308 15506 16307 15507 16308 16278 16274 16307 15506 16277 16307 16277 16309 16277 15506 15472 15509 16277 15473 15509 16310 16277 16310 16309 16277 16310 15509 15511 16312 16311 15474 16312 15474 16281 15474 16311 15510 16283 16282 16313 16311 15512 15510 16282 16285 16313 15513 16314 16315 15513 16315 15478 15478 16315 16286 15513 15516 16314 15515 15480 16287 16318 16316 16317 16287 15482 15515 16317 16316 15517 16317 15517 16319 15517 16316 15518 15484 16288 16320 15484 16320 15517 15517 16320 16319 16288 16289 16321 16320 16288 16321 16291 16293 16322 16289 15486 16321 15486 16323 16321 15486 15522 16323 16325 16291 16322 16325 16294 16291 15524 16324 15525 16324 15524 15489 16324 15489 16326 16294 16325 15489 16325 16326 15489 16295 15528 15529 16295 15529 16296 16296 15529 16327 15528 16295 16297 15528 16297 15530 15530 16297 16328 16299 16298 16329 16298 15496 15533 16298 15533 16331 16298 16331 16329 16331 15533 16330 16331 16330 16332 16331 16332 15497 16331 15497 16301 15497 16332 15535 15535 16332 15536 16335 16334 16333 16337 16338 16336 16334 16304 16333 16304 15538 16333 16304 15503 15538 16336 16339 16337 16336 15504 16339 16336 15540 15504 16305 16339 15504 15543 16340 16341 15543 15542 16340 15541 15507 16307 16309 15541 16307 15545 15541 16309 16342 16309 16310 16342 15546 16309 16342 16343 15546 15546 15545 16309 15511 15547 16342 15511 16342 16310 15547 16344 16342 16312 16342 16311 16344 16311 16342 15548 15512 16311 15548 16311 16345 16345 16311 16344 16346 15549 15548 16346 15548 16347 16345 16348 15548 16348 16347 15548 16315 16346 16347 16315 15551 16346 16315 16314 15551 15550 15551 16314 16350 16351 16349 16318 15553 16316 16318 15554 15553 16318 16350 15554 16349 15554 16350 16314 15516 15550 16316 15553 15518 16354 16353 16352 16353 16355 16352 16356 16357 16323 16356 16323 15557 15557 16323 15522 16358 15525 16324 16358 15558 15525 16356 16359 16357 16326 16360 16358 16324 16326 16358 16327 15529 15561 16361 16327 15561 16361 15561 15530 16328 16361 15530 15564 16363 16362 15563 15564 16362 15533 15563 16362 15533 16362 16364 15533 16364 16330 16364 16362 16365 15567 15566 16332 15567 16332 16364 16364 16332 16330 16332 15566 15536 16366 16367 16335 16366 16335 15570 16333 15569 16335 15569 15570 16335 16338 15572 16336 16338 15573 15572 16338 16367 15573 16366 15573 16367 16333 15538 15569 16336 15572 15540 16369 16368 16370 16372 15542 15575 16372 16371 15542 16371 16340 15542 16375 16373 16374 16374 16373 16376 16374 16376 15546 16374 15546 16343 15546 16376 15576 15576 16344 15547 15576 16378 16344 15576 16376 16378 16379 16378 16376 15578 15577 16377 15577 15579 16380 15577 16380 16377 15579 16345 16380 16378 16380 16344 16345 16344 16380 15549 16346 16381 15549 16381 15579 16348 16345 16381 16345 15579 16381 16349 16351 16382 16346 15551 16381 15551 16383 16381 15551 15581 16383 16349 16382 16384 16349 16384 15554 15554 16384 15582 15585 16386 16385 15584 15585 16385 16354 16352 16387 16354 16387 15584 16354 15584 16385 15586 15584 16387 16355 16388 16387 16352 16355 16387 16356 15557 15589 15558 16358 16389 15558 16389 15589 16359 16356 16389 16356 15589 16389 16358 16360 16389 15592 16390 15591 16391 15593 15591 16391 15591 16392 16390 16393 15591 16393 16392 15591 16392 16394 16391 16395 16396 16363 16395 16363 15596 15596 16363 15564 16364 15599 15598 16365 15599 16364 16365 16395 15599 16365 16396 16395 15600 15567 16364 15600 16364 16397 15598 15601 16364 15601 16397 16364 16398 15603 15600 16398 15600 16399 16397 16400 15600 16400 16399 15600 16401 16398 15570 16401 15570 15605 16398 16399 15570 16366 15570 16402 16399 16402 15570 16401 15605 15573 16401 15573 16403 16366 16402 15573 16402 16403 15573 16405 16370 16368 16404 16405 16368 16371 16406 16407 16371 16372 16406 16372 16408 16406 16407 16406 16410 16375 16409 16373 16412 16373 16409 16412 16411 16373 16411 16376 16373 16379 16411 16413 16379 16376 16411 15578 16377 15609 15609 16414 15610 16377 16414 15609 16377 16415 16414 16377 16380 16415 16415 16416 16414 16417 16418 16383 16417 16383 15611 15611 16383 15581 16418 16417 16421 16384 16420 15612 16384 15612 15582 15612 16420 16419 16420 16422 16419 16420 15585 16422 16420 16386 15585 15585 15613 16422 15613 15615 16422 15614 15586 16387 16425 16423 16424 16427 16424 16423 16388 16426 16387 16426 15614 16387 16426 15616 15614 16426 16428 15616 15616 16428 15617 16430 16429 15619 16430 15619 16428 16428 15619 15617 15592 15619 16429 15592 16429 16390 16390 16429 16431 16390 16431 16432 16390 16432 16393 16431 15621 16432 16391 16432 15593 15621 15593 16432 16435 16432 16391 16435 16391 16433 16394 16434 16391 16434 16433 16391 16434 16436 16433 15596 15623 16395 16395 15623 15599 16438 16437 16439 16438 16440 16437 15601 15626 16397 16397 16442 16400 16397 16441 16442 16397 15626 16441 15628 16441 15626 15603 16398 15627 16442 16441 16444 15627 16398 15629 16398 16443 15629 16398 16401 16443 16403 16445 15631 16403 15631 16443 16403 16443 16401 16443 15631 15632 16405 16404 16446 16405 16446 15631 16405 15631 16445 15634 15631 16446 15636 15635 16406 15636 16406 16447 16447 16406 16408 15635 15637 16448 16406 15635 16448 16406 16448 16449 16406 16449 16410 16411 15639 15638 16412 15639 16411 16412 16448 15639 16412 16449 16448 16413 16411 15638 16413 15638 16450 16450 15638 15641 15610 16414 15643 15641 15644 16452 15641 16452 16450 16452 15644 16451 16454 16452 16451 16416 16453 16414 16453 15643 16414 16453 15646 15643 15611 15646 16453 15611 16453 16455 15611 16455 16417 16455 16453 16456 16419 15648 15612 16419 16457 15648 16417 16455 16421 16455 16458 16421 16419 16422 16457 16422 16459 16457 16422 15615 16459 16459 15615 15650 16423 16425 16461 16423 16461 16460 16427 16462 16463 16427 16423 16462 16423 16460 16462 16465 16463 16462 16464 15653 15652 16467 16429 16430 16467 16466 16429 15655 16464 15652 15656 16468 15657 16469 16431 16470 16431 16466 16470 16431 16429 16466 16468 15656 15660 16431 16469 15621 16469 15659 15621 16469 16471 15659 16435 16433 16472 16435 16472 15659 16435 15659 16471 15661 15659 16472 16436 16474 16473 16436 16473 16433 16433 16473 16472 16437 15664 15665 16439 16437 15665 16439 15665 16473 16439 16473 16474 16437 15667 15664 16437 16476 15667 16437 16440 16476 16475 15667 16476 16475 16478 16477 15667 16475 16477 15667 16477 16441 15667 16441 15628 16441 16477 16444 15629 16443 15670 16443 15632 15670 16480 16481 16479 16482 15634 16446 16482 15672 15634 16479 16483 16480 16485 16484 15673 16486 16485 15673 16486 15673 15636 16486 15636 16447 15637 15673 16484 15637 16484 16448 16448 16484 16487 15639 16448 16487 15639 16487 16488 15639 16488 15676 16489 16488 16487 16488 16490 15676 15676 16490 15678 15644 15678 16490 15644 16490 16491 15644 16491 16451 16491 16490 16492 16454 16491 16493 16451 16491 16454 16455 16456 16495 15680 16494 15681 15680 16497 16494 15680 16496 16497 15680 15648 16496 16457 16496 15648 16455 16495 16458 16499 16496 16457 16499 16457 16498 16498 16457 16459 16459 15650 16498 16498 15650 15684 16460 16461 16501 16460 16501 16500 16460 16500 16462 16462 16500 16502 16462 16502 16503 16462 16503 16465 16502 15686 16503 16464 16503 15653 15686 15653 16503 16466 16467 16504 16464 15655 16503 15655 16505 16503 15655 15687 16505 16466 16504 16470 15657 16468 15688 15690 16506 16507 15690 15689 16506 15660 15688 16468 15661 16472 16508 15661 16508 15689 15689 16508 16506 16510 16508 15693 16510 15693 16509 16508 16472 15693 15692 15693 16473 16472 16473 15693 16510 16509 16512 15692 16473 15665 16511 15695 15694 16476 16513 16475 16511 15694 15697 16475 16513 16478 15699 16514 15700 16516 16479 16481 16516 16515 16479 15701 16514 15699 16479 16515 16517 16479 16517 16483 16515 15703 16517 16482 16517 15672 15703 15672 16517 16484 15705 15704 16484 16485 15705 16485 16518 15705 16487 16484 15704 15706 16487 15704 16489 16487 15706 16489 15706 16519 16519 15706 15707 16521 15709 16520 16521 16519 15709 16519 15707 15709 16520 16492 16522 16520 15711 16492 16520 15709 15711 15711 16491 16492 15711 15712 16523 16491 15711 16523 16491 16523 16524 16491 16524 16493 16524 16523 16525 15681 16494 15714 16494 15716 15714 16494 16527 15716 16494 16497 16527 16526 15716 16527 16499 16498 16528 16526 15717 15716 16500 16501 16528 16500 16528 15718 16498 15684 16528 15684 15718 16528 16502 16500 15718 15719 16502 15718 15722 16530 16502 15722 16502 15719 16530 16529 16502 15686 16502 15721 16529 15721 16502 16532 15724 16531 16532 15725 15724 16505 15687 16529 15687 15721 16529 16531 15724 16533 15724 15727 16533 16507 16534 15690 15690 16534 15728 16535 16533 15727 16535 15727 15729 15728 16534 16536 15730 15728 16536 16509 15693 15731 16511 16537 15731 16511 15731 15695 16537 16538 15731 16509 15731 16512 16538 16512 15731 16511 15733 16537 15697 15733 16511 15735 16539 16540 15734 16539 15735 15734 16541 16539 15734 15737 16541 15736 15700 16514 16514 15701 15736 16515 16516 16543 15740 15739 16542 16542 15739 15703 16542 15703 16544 16515 16543 15703 16543 16544 15703 15742 16518 16545 15742 15705 16518 15744 15743 16546 16547 15747 15742 16547 15742 16548 16548 15742 16545 15749 16547 16548 15749 16548 15748 15748 16548 16549 16552 16550 16551 16549 16521 15751 16549 15751 15748 15751 16521 16520 16554 16551 16550 16522 16553 16520 16553 15751 16520 16553 15752 15751 15712 16555 16523 15712 15752 16555 15752 16553 16555 16523 16555 16525 16526 16527 16557 15755 16556 15756 16556 15755 15758 16526 16557 15717 16557 15757 15717 16557 16558 15757 16560 16559 15759 16560 15759 16558 16558 15759 15757 16561 15760 15759 16561 15759 16562 16559 16563 15759 16563 16562 15759 16562 15762 16561 16562 16530 15762 16530 15722 15762 16564 16532 16565 16564 15763 16532 15763 15725 16532 15766 16564 16565 15766 16565 15765 15765 16565 16566 16568 15767 16567 16568 15768 15767 16535 15729 16566 15729 15765 16566 16567 15767 15730 16536 16567 15730 15771 16570 16569 15770 15771 16569 16538 16537 16571 16538 16571 15770 16538 15770 16569 15773 15770 16571 15775 16537 15733 15775 16571 16537 16574 16572 16573 16573 16572 16577 16540 16576 15777 16540 15777 15735 15777 16576 16575 16541 15737 16575 16541 16575 16576 15737 15778 16575 16579 16575 16578 15778 16578 16575 15740 16578 15778 15740 16580 16578 15740 16542 16580 16580 16581 16578 16544 16582 16580 16542 16544 16580 16586 15783 15781 16585 16583 16584 16584 16583 16587 16588 15791 16589 15789 15791 16588 16589 16591 16588 16591 16590 16588 15794 16590 16591 15794 16592 16590 15794 15793 16592 16593 16590 16592 16592 15793 16594 15793 15795 16594 16596 15795 15797 16596 16594 15795 16598 16595 16597 16597 16595 16599 16597 16599 15800 15800 16599 15798 15801 16600 16602 15801 16602 15802 16601 16603 16602 16603 15802 16602 16603 16601 16607 16600 15801 15804 16605 16606 16604 16605 16604 16610 16611 16609 15805 16611 15805 15806 15805 16609 16608 16616 16608 16609 16616 15809 16608 16616 16615 15809 15808 15809 16615 16613 16614 16612 15808 16615 16617 15808 16617 15811 16613 16612 16617 16612 15811 16617 16620 16619 16618 16618 16619 16621 16618 16621 15815 16618 15815 15813 16622 15815 16621 16624 16623 15817 16621 16624 15817 16621 15817 15818 16621 15818 16622 16623 16626 16625 15817 16623 16625 15817 16625 16627 15817 16627 15821 16629 16627 16625 16629 16630 16627 15823 16628 15824 16630 16629 16635 16634 15825 15828 16628 15823 15826 16632 16633 16631 15825 16634 15830 16632 16631 16637 16638 16639 16636 15834 16640 15832 15834 16641 16640 16642 16638 16636 16641 16644 16640 16644 16643 16640 16586 15781 16647 16647 15781 15838 16583 16585 16646 16583 16646 16645 16587 16648 16649 16587 16583 16648 16583 16645 16648 16649 16648 16650 16651 15789 16588 15841 15789 16651 16652 16653 16651 16652 16651 16590 16590 16651 16588 16656 16652 16590 16656 16590 16654 16593 16655 16590 16655 16654 16590 15844 16654 16655 15844 16655 15843 15843 16655 16657 16659 15846 16658 16659 15847 15846 16596 15797 16657 15797 15843 16657 16599 16660 15798 15798 16660 15848 16661 16658 15846 16661 15846 15849 16602 16600 16662 16602 16662 15848 16602 15848 16660 15851 15848 16662 16600 15804 16662 16662 15804 15853 16604 16606 16664 16604 16664 16663 16610 16663 16665 16610 16604 16663 15805 16608 15854 16614 16666 16612 16608 15809 15854 16612 15857 15811 16612 16666 15857 16666 16667 15857 16618 16667 16620 16618 15859 16667 15859 15857 16667 16618 15813 15859 16669 16670 16668 16624 16672 16623 16673 16669 16668 15861 16671 15862 16623 16672 16626 16671 15861 15864 16675 16676 16674 16674 16677 16675 16674 15824 16677 16674 15865 15824 16628 16677 15824 16677 16678 16680 16677 15866 16678 16677 16628 15866 15826 15866 16628 16633 16679 16631 16637 16631 16679 16681 16682 15866 16681 15866 15867 15866 16682 16678 15867 16683 16681 15867 15869 16683 15868 15832 16640 16643 15868 16640 16643 15871 15868 16684 16685 16686 16645 16688 16687 16645 16646 16688 16647 15838 15872 16689 16687 16690 16689 16648 16687 16648 16645 16687 16650 16648 16689 16692 16693 16691 16694 16692 16691 16694 16695 16692 16651 15874 15841 16694 16696 16653 16694 16653 16695 16696 15875 16653 16651 16653 15874 15875 15874 16653 16696 16697 16656 16696 16656 15876 16696 15876 15875 15876 16656 16654 16654 15844 15876 16659 15877 15847 16698 15877 16659 16698 15849 15877 16698 16661 15849 16700 16701 16699 16702 15851 16662 16702 15879 15851 16699 16703 16700 16664 16705 16663 16662 15853 16704 16662 16704 16702 16704 15853 15881 16705 16665 16663 16704 15881 15883 16708 16706 16707 15887 16707 16706 15887 15886 16707 15886 16709 16707 16670 16711 16668 16712 16709 16710 16709 15889 16710 16709 15886 15889 15889 16714 16710 15889 16713 16714 15889 15862 16713 16671 16713 15862 16668 16711 16673 16674 16676 16715 16671 15864 16713 15864 16716 16713 15864 15890 16716 16674 15891 15865 16674 16718 15891 16674 16715 16718 16718 16717 15891 16718 16680 16678 16718 16678 16717 16717 16678 16719 16682 16720 16719 16678 16682 16719 16683 15869 16721 16721 15869 15893 16723 16684 16686 16722 16684 16723 16726 16727 16725 16688 16724 16687 16690 16687 16724 16729 16730 16728 16729 16691 16693 16729 16728 16691 16728 16731 16691 16691 16731 16694 16694 16731 16732 15898 16733 15899 16734 16696 16735 16696 16732 16735 16696 16694 16732 16733 15900 16736 16733 15898 15900 16696 16734 16697 15902 16736 15900 16737 16736 15902 15902 15904 16737 16701 16738 16699 16699 16738 16703 15879 16702 16740 15879 16740 15906 16740 16702 16739 16742 16739 16702 16742 16702 16741 16741 16702 16704 15883 16741 16704 15883 16743 16741 15883 15907 16743 16744 16741 16743 15907 16745 16743 15908 16745 15907 16706 16708 16747 15910 16746 15911 16746 15910 15887 16746 15887 16748 16706 16747 15887 16747 16748 15887 16750 16712 16710 16749 16750 16710 16714 16751 16749 16710 16714 16749 15915 16752 16753 15915 16753 15890 15890 16753 16716 15891 16717 15916 15915 15917 16752 15916 16754 15918 15916 16717 16754 16717 16719 16754 16720 16755 15920 16720 15920 16754 16720 16754 16719 16754 15920 15921 16757 15923 16756 16757 15924 15923 16721 15893 16755 15893 15920 16755 16759 15923 15925 16759 16756 15923 16723 16758 16722 16725 16760 16761 16725 16727 16760 16727 16762 16760 16728 15928 15927 16730 15928 16728 16730 16760 15928 16730 16761 16760 16731 16728 15927 15929 16731 15927 15929 15931 16763 15929 16763 16731 16731 16763 16732 16733 15932 15899 16733 16764 15932 16732 16763 16735 16763 16765 16735 15934 16736 15933 15934 16764 16736 16764 16733 16736 16766 16736 16737 16766 15935 16736 16766 16767 15935 15935 15933 16736 16737 15904 15936 16737 15936 16766 16766 15936 16768 16770 15938 16769 16770 16768 15938 16768 15936 15938 16772 15906 16740 16772 16769 15906 16772 16771 16769 15938 15906 16769 16772 16742 16741 16772 16741 16771 16771 16741 16773 16744 16774 16773 16741 16744 16773 15942 16775 16776 15942 16776 15908 15908 16776 16745 15942 15944 16775 15943 15911 16746 16779 16777 16778 15943 16746 16748 15943 16748 15946 16778 16777 16748 16777 15946 16748 16750 16749 16780 16783 16780 16749 16783 16749 16781 16751 16782 16749 16782 16781 16749 16784 16785 16781 16784 16781 16752 16782 16753 16781 16753 16752 16781 16752 16786 16784 16752 15917 16786 15917 15947 16786 16787 15918 16754 16787 16788 15918 16788 15948 15918 16790 15950 16789 16787 15950 16790 16787 15921 15950 16787 16754 15921 15951 16757 16791 15951 15924 16757 15950 15952 16789 16793 15953 16792 16793 15954 15953 16759 15925 16791 15925 15951 16791 15957 15956 16794 15957 16794 16762 16762 16794 16760 15928 16760 16794 15928 16794 16795 15928 16795 15960 16796 16795 16794 16797 15962 15960 16797 15960 16798 16798 15960 16795 16799 16797 15931 16799 15931 15963 16797 16798 15931 16763 15931 16800 16798 16800 15931 15963 16802 16799 15963 16801 16802 15963 15932 16801 16764 16801 15932 16763 16800 16765 16764 15934 15965 16764 15965 16804 16764 16804 16801 16804 15965 16803 16804 16803 15966 16804 15966 16767 16767 15966 15935 15969 16806 16805 15968 15969 16805 16770 16769 16807 16770 16807 15968 16770 15968 16805 15970 15968 16807 15973 16771 15972 15973 16807 16771 16807 16769 16771 16773 15972 16771 16773 15975 15972 16808 16809 16810 16812 16809 16808 16774 16811 16773 16811 15975 16773 16811 15976 15975 16815 16813 16814 16811 16776 15978 16811 15978 15976 15978 16776 16775 16816 15980 15979 16814 16813 16818 16775 15944 15978 16777 16779 16817 16816 15979 15982 16777 16817 15946 16817 15981 15946 16817 16819 15981 16819 16820 15981 15981 16820 15983 16822 15984 16781 16822 16781 16821 15984 15983 16781 16783 16781 16820 15983 16820 16781 16825 16821 16781 16825 16781 16823 16785 16824 16781 16824 16823 16781 16824 15986 16823 16824 16786 15986 16786 15947 15986 16788 15988 15948 16826 15988 16788 16828 15989 16789 16828 16789 16827 15989 15988 16789 16790 16789 16826 15988 16826 16789 16789 15952 15990 16789 15990 16830 16789 16830 16827 16830 15990 16829 16830 16829 16833 16793 16832 15992 16793 15992 15954 15992 16832 16831 15993 16834 16836 15993 16836 15956 16835 16794 16836 16794 15956 16836 16835 16796 16794 16834 15993 15995 16797 15996 15962 16837 16797 16799 16837 15998 16797 16837 16838 15998 15998 15996 16797 16799 16802 16837 16000 16839 15999 15999 16803 15965 15999 16841 16803 15999 16839 16841 16842 16841 16839 16003 16002 16840 16840 16002 16006 16803 16841 15966 16841 16005 15966 16841 16843 16005 16845 16007 16844 16845 16008 16007 16806 15969 16843 15969 16005 16843 15970 16807 16846 15970 16846 16007 16007 16846 16844 16807 15973 16011 16807 16011 16846 16846 16011 16847 16808 16810 16847 16808 16847 16013 16013 16847 16011 16812 16808 16013 16812 16013 16848 16848 16013 16015 16813 16815 16848 16813 16848 16016 16016 16848 16015 16816 16018 15980 16818 16813 16019 16818 16019 16849 16019 16813 16016 16816 15982 16018 16021 16850 16022 16852 15984 16822 16852 16850 15984 16852 16851 16850 16021 15984 16850 16853 16854 16851 16853 16851 16823 16852 16825 16851 16825 16823 16851 16823 15986 16025 16823 16025 16856 16823 16856 16853 16856 16025 16855 16858 16856 16855 16857 16028 16027 16860 15989 16828 16860 16857 15989 16860 16859 16857 16027 15989 16857 16861 16859 15990 16861 15990 16030 16859 16860 15990 16829 15990 16862 16860 16862 15990 16833 16829 16862 15992 16831 16032 16861 16030 16033 16864 16836 16834 16863 16864 16834 16037 16834 15995 16037 16863 16834 16867 16865 16866 16866 16865 16868 16869 16838 16870 16869 16039 16838 16039 15998 16838 16871 16869 16000 16871 16000 16041 16869 16870 16000 16839 16000 16872 16870 16872 16000 16041 16874 16871 16041 16873 16874 16041 16003 16873 16840 16873 16003 16839 16872 16842 16876 16043 16875 16873 16043 16876 16873 16006 16043 16873 16840 16006 16878 16008 16845 16878 16875 16008 16878 16877 16875 16043 16008 16875 16045 16877 16878 16045 16878 16044 16044 16878 16879 16044 16879 16880 16047 16044 16880 16883 16882 16881 16050 16881 16882 16050 16882 16049 16049 16882 16884 16886 16885 16052 16886 16052 16884 16884 16052 16049 16887 16054 16053 16885 16888 16052 16888 16019 16052 16888 16849 16019 16056 16887 16053 16889 16887 16056 16022 16850 16058 16056 16059 16889 16851 16058 16850 16060 16058 16851 16060 16851 16854 16060 16854 16062 16062 16854 16890 16063 16891 16893 16063 16893 16025 16892 16855 16893 16855 16025 16893 16063 16895 16891 16063 16894 16895 16063 16028 16894 16857 16894 16028 16855 16892 16858 16857 16859 16896 16894 16857 16896 16898 16896 16859 16898 16859 16897 16897 16859 16861 16861 16067 16897 16033 16067 16861 16900 16899 16864 16900 16864 16068 16900 16068 16069 16068 16864 16863 16867 16901 16865 16863 16037 16068 16902 16071 16070 16902 16903 16071 16901 16868 16865 16070 16904 16902 16070 16074 16904 16073 16039 16869 16871 16073 16869 16871 16076 16073 16905 16906 16907 16905 16908 16874 16905 16874 16906 16908 16077 16874 16871 16874 16076 16077 16076 16874 16079 16077 16876 16079 16876 16875 16077 16908 16876 16910 16876 16909 16908 16909 16876 16910 16909 16912 16079 16875 16081 16875 16911 16081 16875 16877 16911 16083 16877 16045 16083 16911 16877 16915 16913 16914 16914 16913 16085 16914 16085 16880 16880 16085 16047 16916 16917 16883 16916 16883 16087 16881 16086 16883 16086 16087 16883 16881 16050 16086 16917 16916 16918 16886 16919 16885 16885 16919 16888 16054 16887 16921 16054 16921 16089 16921 16887 16920 16923 16920 16092 16923 16092 16922 16920 16887 16092 16091 16092 16889 16887 16889 16092 16923 16922 16925 16091 16889 16059 16924 16094 16093 16924 16926 16927 16924 16093 16926 16093 16095 16926 16890 16928 16062 16062 16928 16096 16929 16926 16095 16929 16095 16097 16932 16930 16931 16928 16893 16098 16928 16098 16096 16098 16893 16891 16930 16933 16895 16930 16895 16931 16933 16099 16895 16891 16895 16098 16099 16098 16895 16934 16100 16099 16934 16099 16935 16933 16936 16099 16936 16935 16099 16937 16938 16934 16937 16934 16897 16935 16898 16934 16898 16897 16934 16897 16067 16101 16897 16101 16937 16937 16101 16939 16103 16899 16900 16103 16102 16899 16102 16940 16899 16107 16942 16941 16107 16071 16942 16071 16903 16942 16943 16109 16108 16941 16944 16107 16944 16074 16107 16944 16904 16074 16110 16943 16108 16110 16945 16943 16946 16905 16907 16110 16111 16945 16905 16946 16947 16905 16947 16908 16947 16946 16948 16113 16949 16114 16950 16909 16951 16909 16947 16951 16909 16908 16947 16950 16912 16909 16949 16113 16911 16949 16911 16952 16911 16113 16081 16911 16116 16952 16911 16083 16116 16913 16915 16953 16913 16117 16085 16913 16953 16117 16953 16954 16117 16087 16955 16916 16087 16117 16955 16117 16954 16955 16916 16955 16918 16958 16956 16957 16921 16120 16089 16921 16959 16120 16960 16957 16956 16092 16120 16959 16092 16959 16961 16092 16961 16922 16961 16959 16962 16925 16961 16963 16925 16922 16961 16094 16924 16121 16121 16964 16122 16924 16964 16121 16924 16965 16964 16924 16927 16965 16965 16124 16964 16965 16929 16124 16929 16097 16124 16967 16930 16932 16966 16930 16967 16930 16966 16933 16933 16966 16968 16933 16968 16969 16933 16969 16936 16968 16126 16969 16934 16969 16100 16126 16100 16969 16934 16938 16969 16129 16970 16128 16970 16972 16971 16970 16971 16128 16128 16971 16130 16102 16974 16940 16102 16133 16974 16132 16131 16973 16131 16135 16973 16941 16942 16976 16137 16975 16138 16941 16976 16944 16943 16140 16109 16975 16137 16141 16978 16979 16977 16978 16977 16981 16140 16943 16142 16943 16980 16142 16943 16945 16980 16948 16983 16947 16945 16111 16982 16945 16982 16980 16982 16111 16144 16951 16947 16983 16114 16949 16145 16982 16144 16146 16952 16145 16949 16952 16148 16145 16984 16985 16986 16952 16116 16148 16985 16984 16987 16151 16988 16152 16153 16988 16151 16989 16988 16153 16989 16990 16991 16989 16153 16990 16153 16155 16990 16958 16993 16956 16994 16990 16992 16990 16157 16992 16990 16155 16157 16956 16993 16960 16992 16157 16159 16996 16997 16995 16996 16995 16999 16962 16998 16961 16963 16961 16998 17001 17002 17000 17001 17000 17003 16122 16964 16162 16165 17004 17005 16165 16164 17004 16124 16162 16964 16966 16967 17004 16966 17004 16167 16167 17004 16164 16968 16966 16167 16169 16968 16167 16968 16169 16126 17007 17006 17008 17007 17009 17006 16129 16170 16970 16972 16970 16170 16972 16170 17010 17010 16170 16172 16175 17011 17012 16175 16174 17011 16173 16132 16973 16173 16973 16135 16179 16178 17013 16138 17013 16178 16138 16975 17013 16975 17014 17013 16975 16181 17014 16975 16141 16181 16977 16979 17015 16977 17015 16981 16142 16980 16182 16982 16182 16980 16183 16182 16982 16982 16146 16183 17017 17018 17016 16986 17020 16984 17021 17017 17016 16185 17019 16186 16984 17020 16987 17019 16185 16188 17023 17024 17022 17022 17025 17023 17022 16152 17025 17022 16190 16152 16988 17025 16152 17025 16192 17026 17025 16989 16192 17025 16988 16989 16191 16192 16989 16191 16989 16991 16191 16991 16194 16194 16991 17027 16994 16992 17028 16159 16195 17028 16159 17028 16992 16195 17029 17028 16997 17028 16995 17029 16995 17028 17029 16999 16995 17029 17031 16999 17030 16197 16196 17033 17000 17002 17033 17032 17000 16199 17030 16196 17003 17032 17034 17000 17032 17003 17005 16200 16165 17035 16200 17005 17035 17036 16200 16200 17036 16201 17037 16203 16201 17037 16201 17038 17038 16201 17036 17038 17008 17006 17038 17006 17037 17037 17006 17039 17039 17006 16206 17039 16206 16207 17006 17009 16206 17040 16206 17041 17009 17041 16206 16208 16206 17040 17042 16208 17040 17046 16174 16210 17046 17011 16174 17044 17045 17043 17044 17043 17047 16179 17013 16212 17014 16212 17013 16214 16212 17014 17014 16181 16214 17049 17050 17048 17049 17048 17051 17054 17052 17053 17016 16217 16216 17018 16217 17016 17018 17052 16217 17018 17053 17052 17019 16218 16186 17021 17016 16219 17021 16219 17055 16219 17016 16216 17024 17056 17022 17019 16188 16218 17058 17057 16221 17056 17058 16221 17056 16221 16190 17056 16190 17022 17057 16192 16221 17057 17059 16192 17059 17026 16192 17027 16222 16194 17060 16222 17027 17060 17061 16222 16222 17061 16223 16195 17062 17029 16195 16223 17062 16223 17061 17062 17029 17062 17031 16197 17030 17064 16197 17064 16224 17064 17030 17063 17063 17065 17067 17063 16226 17065 17063 17030 16226 16199 16226 17030 17033 17066 17032 17034 17032 17066 17068 17069 16226 17068 16226 16228 16226 17069 17065 16228 17070 17068 16230 17070 16228 17071 16203 17037 16232 16203 17071 17073 17074 17072 17039 16233 17071 17039 17071 17037 17071 16233 16234 17041 16236 17040 17041 16237 16236 17041 17073 16237 17072 16237 17073 17039 16207 16233 17042 17040 16236 16238 17042 16236 17045 17076 17043 17077 17078 17075 17078 16239 17075 17078 16240 16239 17043 17076 17047 17075 16239 16242 17080 17081 17079 17083 17080 17079 17082 16245 16244 17050 17084 17048 17082 16244 16247 17051 17048 17084 17086 17087 17085 17086 17052 17054 17086 17085 17052 17085 17088 17052 16250 16217 17052 16250 17052 17089 17089 17052 17088 17091 17055 16219 17091 16219 17089 17091 17089 17090 16250 17089 16219 17091 17090 17092 17058 17093 17057 17094 16256 16255 17094 17095 16256 17093 17059 17057 16255 17096 17094 16257 17096 16255 16259 17097 16260 17097 17098 17099 17097 16259 17098 16259 16261 17098 17064 17100 16224 16224 17100 16262 17101 17098 16261 17101 16261 16263 17067 17065 17102 17067 17102 16262 17067 16262 17100 16264 16262 17102 17069 17103 16265 17069 16265 17102 17069 17102 17065 17102 16265 16266 17103 16230 16265 17103 17070 16230 17105 17106 17104 17105 17107 17108 17104 17107 17105 17109 17108 17107 17109 17110 17108 17071 16270 16232 17074 16272 17072 17074 16273 16272 17074 17110 16273 17109 16273 17110 17071 16234 16270 17072 16272 16237 17112 17111 17113 17112 17115 17114 17111 17112 17114 17077 17075 17116 17077 17116 16276 17077 16276 17117 16275 16276 17116 17075 16278 17116 17075 16242 16278 17079 17081 17118 17079 17118 17083 16245 17082 16279 16281 17119 17120 16281 16280 17119 16247 16279 17082 17087 17121 17085 17087 16280 17121 17087 17119 16280 16283 17121 16280 16284 17122 16285 17123 17088 17124 17088 17121 17124 17088 17085 17121 17088 17125 17089 17088 17123 17125 17122 16284 16286 17127 17089 17125 17127 17126 17089 17126 17090 17089 17092 17126 17128 17090 17126 17092 17131 17129 17130 17095 16290 16256 17095 17132 16290 17133 17130 17129 16257 17132 17096 16257 16290 17132 16293 16292 17134 16260 17134 16292 16260 17097 17134 17097 17135 17134 17099 17136 17135 17097 17099 17135 17101 16263 17137 17137 16263 16296 17138 16264 17102 17138 17139 16264 17139 16297 16264 17102 16266 16299 17102 16299 17141 17102 17141 17138 17141 16299 17140 17141 17140 17143 17106 17142 17104 17142 17144 16301 17142 16301 17107 17142 17107 17104 16300 17107 16301 17109 17107 17147 17109 17147 17146 17107 16300 17147 17145 17147 16302 16300 16302 17147 17146 17149 16273 17146 16273 17109 17149 17148 16273 16302 16273 17145 17148 17145 16273 17111 16303 16304 17113 17111 16304 17113 16304 17148 17113 17148 17149 17114 16303 17111 17114 16306 16303 17150 17151 17152 17154 17155 17153 17116 16308 16275 17116 16278 16308 17154 17153 17156 17120 17157 16281 17157 16312 16281 16313 17158 17160 16313 17160 16283 17159 17121 17160 17121 16283 17160 17159 17124 17121 17158 16313 17122 17158 17122 17161 17122 16313 16285 17122 16315 17161 16286 16315 17122 17126 17127 17163 16317 17162 16318 17162 16319 17164 17162 16317 16319 17126 17163 17128 17164 17131 17165 17164 16320 17131 17164 16319 16320 16320 17129 17131 17133 17129 16320 17133 16320 17166 17166 16320 16321 16321 17167 17166 16321 16323 17167 16322 16293 17134 17135 16322 17134 17135 16325 16322 17168 17169 17170 17135 16326 16325 17135 17171 16326 17135 17136 17171 17172 17171 17136 17169 17168 17173 17172 16327 17171 17172 17137 16327 17137 16296 16327 17174 17139 17175 17174 16328 17139 16328 16297 17139 17175 17176 17174 16299 16329 17140 17140 16329 16331 17140 16331 17178 17140 17178 17143 17177 17178 16331 17177 16331 16301 17177 16301 17179 17179 16301 17144 17147 17145 17180 17180 16335 17181 17180 17148 16335 17180 17145 17148 16334 16335 17148 16334 17148 16304 16338 16337 17182 17182 17152 17183 17182 16339 17152 17182 16337 16339 16339 17150 17152 17155 17184 17153 17185 16341 16340 17153 17184 17156 16343 17186 17187 16342 17186 16343 17186 16342 17188 17186 17188 17190 16342 16312 17188 17189 17188 17157 16312 17157 17188 17191 17192 17188 17191 17188 17158 17189 17160 17188 17160 17158 17188 17191 16348 17193 17191 17161 16348 17191 17158 17161 16347 16348 17161 16351 17194 17195 16351 16350 17194 16315 16347 17161 16318 17162 17196 16318 17196 16350 16350 17196 17194 17198 17196 17162 17198 17162 17197 17197 17162 17164 17197 17164 16353 17197 16353 16354 17164 17165 16353 17199 16353 17200 17165 17200 16353 17201 16355 16353 17201 16353 17202 17199 17203 16353 17203 17202 16353 17167 16323 17201 17167 17201 17202 16323 16357 17201 17205 17201 17204 16357 17204 17201 17170 17206 17168 17170 16357 17206 17170 17204 16357 16359 17206 16357 17171 16360 16326 17171 17207 16360 17168 17206 17173 17206 17208 17173 16361 17171 16327 16361 17209 17171 17209 17207 17171 17209 17210 17211 16361 17210 17209 16361 17174 17210 16361 16328 17174 17174 17176 17210 16363 17212 16362 17178 17177 17213 17212 16365 16362 17177 17179 17213 17216 17215 17214 17181 16335 17214 17181 17214 17215 16335 16367 17214 17218 17214 17217 16367 17217 17214 16338 17217 16367 16338 17219 17217 16338 17182 17219 17219 17220 17217 17219 17182 16369 17219 16369 16370 17182 17183 16369 17221 16369 17222 17183 17222 16369 17185 16340 16371 17185 16371 17224 17185 17224 17225 17224 16371 17223 17227 17224 17223 17226 16375 16374 17229 16343 17187 17229 17226 16343 17229 17228 17226 16374 16343 17226 17188 16378 16379 17190 17188 16379 17190 16379 17228 17190 17228 17229 16378 17188 17192 16378 17192 16380 16380 17192 17230 16381 17231 17232 16381 17232 16348 16348 17232 17193 16382 17195 17233 16382 16351 17195 16381 16383 17231 17234 16384 16382 17234 16382 17235 17235 16382 17233 17198 17234 17235 17198 16386 17234 17198 17197 16386 16385 16386 17197 17237 17238 17236 16385 17197 16354 17237 17236 17240 17199 17200 17239 17199 17239 17203 16355 17201 17242 16355 17242 16388 17242 17201 17241 17245 17241 17201 17245 17201 17243 17205 17244 17201 17244 17243 17201 17244 17246 17243 16359 16389 17206 16360 17207 17247 16360 17247 16389 17208 17206 17247 17206 16389 17247 17249 17247 16393 17249 16393 17248 17247 17207 16393 16392 16393 17209 17207 17209 16393 17209 16394 16392 17209 17250 16394 17209 17211 17250 17251 17250 17211 17249 17248 17252 17253 17250 16363 17253 16363 16396 17250 17251 16363 17212 16363 17254 17251 17254 16363 17254 17256 16365 17254 16365 17212 17256 17255 16365 16396 16365 17253 17255 17253 16365 17256 17257 17255 17258 17259 17216 17258 17216 16400 17214 16399 17216 16399 16400 17216 17258 17260 17218 17258 17218 17259 17260 16402 17218 17214 17218 16399 16402 16399 17218 17220 17219 17261 17260 16403 16402 17221 17222 17262 17219 16370 17261 16370 17263 17261 16370 16405 17263 17265 17264 17266 16371 16407 17223 17223 17268 17227 17223 17267 17268 17223 16407 17267 16410 17267 16407 16375 17226 16409 17268 17267 17270 16409 17226 16412 17226 17269 16412 17226 17228 17269 16413 17228 16379 16413 17269 17228 17273 17271 17272 17230 16415 16380 17230 17274 16415 17275 17272 17271 17232 17231 17276 17232 17276 16415 17232 16415 17274 16416 16415 17276 16383 17276 17231 16383 17277 17276 16383 16418 17277 17278 17276 17277 16384 17234 16420 16418 16421 17280 16418 17280 17277 17280 16421 17279 16420 17234 16386 17280 17279 17238 17279 17236 17238 17279 17281 17236 17281 17240 17236 17281 17283 17240 17282 16425 16424 16426 17242 17284 16426 16388 17242 16424 16427 17282 17243 17284 17245 17243 16428 17284 16428 16426 17284 16428 17243 17246 16428 17246 16430 16430 17246 17285 17288 17287 17286 17287 17289 17286 16393 16432 17248 17250 16434 16394 17252 17248 16435 17252 16435 17290 16435 17248 16432 17291 17250 17253 17291 16436 17250 17291 17292 16436 16436 16434 17250 17291 16439 17293 17291 17255 16439 17291 17253 17255 16438 16439 17255 16438 17255 17257 16438 17257 16440 16440 17257 17294 17258 16400 16442 16442 16444 17295 16442 17295 17258 17258 17295 17260 16403 17260 17295 16403 17295 17296 16403 17296 16445 17297 17296 17295 17296 16405 16445 17296 17263 16405 17299 17300 17298 17264 17302 17301 17264 17301 17266 17266 17301 17303 17302 17304 17301 16410 16449 17267 17269 17305 16449 17269 16449 16412 17305 17306 16449 17267 16449 17270 17306 17270 16449 17273 17308 17271 17269 16413 17307 17269 17307 17305 17307 16413 16450 17275 17271 17308 17309 17310 16450 17309 16450 16452 16450 17310 17307 16452 17311 17309 16452 16454 17311 16453 16416 17276 16453 17276 17278 16453 17278 16456 16456 17278 17312 17313 17279 16421 17313 16421 17314 17314 16421 16458 17316 17279 17313 17316 17315 17279 17315 17281 17279 17281 17315 17317 17281 17317 17283 17315 16461 17317 17282 17317 16425 16461 16425 17317 17282 16427 16463 17282 16463 17317 17317 16463 17318 17319 16463 16465 17319 17320 16463 17320 17318 16463 17320 17319 17323 17285 17322 16467 17285 16467 16430 16467 17322 17321 17288 17321 17322 17288 16470 17321 17288 17286 16470 16469 16470 17286 17325 17326 17324 17324 17327 17289 17324 17289 17325 17327 16471 17289 17286 17289 16469 16471 16469 17289 17329 17290 16435 17329 16435 17327 17329 17327 17328 16471 17327 16435 17329 17328 17330 17329 17330 16436 17329 16436 17292 16436 17330 16474 17330 16439 16474 17330 17331 16439 17331 17293 16439 17332 17294 17333 17332 16476 17294 16476 16440 17294 16478 17332 17333 16478 17333 16477 16477 17333 17334 16444 17335 17295 16444 16477 17335 16477 17334 17335 17295 17335 17297 16481 16480 17336 17300 17337 17298 17336 16480 16483 16486 17338 16485 16486 17303 17338 17303 17301 17338 17304 17339 17338 17301 17304 17338 17340 17341 17306 17340 17306 16489 17305 16488 17306 16488 16489 17306 16488 17307 16490 16488 17305 17307 17341 17340 17342 16490 17343 16492 17307 17343 16490 17307 17344 17343 17307 17310 17344 17344 16493 17343 17344 17311 16493 17311 16454 16493 17312 16495 16456 17345 16495 17312 17347 16496 17346 17347 16497 16496 17314 16458 17345 16458 16495 17345 17349 16496 16499 17349 17346 16496 17316 17348 17315 17315 17348 17350 17315 17350 16461 16461 17350 16501 17353 17352 17351 17354 17351 16465 17354 16465 16503 17351 17352 16465 17319 16465 17355 17352 17355 16465 17323 17319 17355 16467 17321 16504 17354 16503 16505 17324 17357 17356 17324 17326 17357 17321 16470 16504 16506 17358 16507 17359 17327 17360 17327 17356 17360 17327 17324 17356 16506 16508 17361 16506 17361 17358 16508 17328 17361 17359 17361 17327 17328 17327 17361 17330 17328 16508 16510 17330 16508 16510 16512 17362 17330 16510 17362 17330 17362 17363 17330 17363 17331 17364 17363 17362 17364 17365 17363 17332 16513 16476 17332 16478 16513 17365 17364 17366 17367 16481 17336 16516 16481 17367 16483 17367 17336 16483 17368 17367 16483 16517 17368 17369 17367 17368 17370 16485 17338 17370 16518 16485 17373 17371 17372 17339 17374 17370 17338 17339 17370 16519 17375 17377 16519 17377 16489 17376 17340 17377 17340 16489 17377 17376 17342 17340 17375 16519 16521 17378 16492 17343 16522 16492 17378 16493 17378 17343 16493 17379 17378 16493 16524 17379 17380 17378 17379 17381 16524 16525 17381 17382 16524 17382 17379 16524 17382 17381 17385 17347 17384 16527 17347 16527 16497 16527 17384 17383 17384 17386 17383 17384 16499 17386 17384 17349 16499 16499 16528 17386 17388 16501 17350 17388 17386 16501 17388 17387 17386 16528 16501 17386 17388 17353 17351 17388 17351 17387 17387 17351 17389 17391 17392 17390 17354 16529 17389 17354 17389 17351 17389 16529 16530 17354 16505 16529 17391 17390 16531 17391 16531 17393 16531 17390 16532 17356 17357 17393 17356 17393 16533 16533 17393 16531 17358 16534 16507 17360 17356 16535 17360 16535 17394 16535 17356 16533 16534 17358 17361 16534 17361 16536 16536 17361 17395 17398 17397 17396 17399 17362 17397 17399 17397 17400 17362 16512 17397 17396 17397 16538 16512 16538 17397 17362 17399 17364 17364 17399 17401 17366 16539 17402 17366 17401 16539 17366 17364 17401 17401 16540 16539 16539 17403 17402 16541 17403 16539 17367 16543 16516 16543 17404 16544 17367 17404 16543 17367 17405 17404 17367 17369 17405 16518 17370 16545 17371 17373 17407 17373 17406 17407 17373 17408 17406 17410 17407 17406 17374 17409 17370 17409 16545 17370 17409 16548 16545 17413 17411 17412 17409 17377 16549 17409 16549 16548 16549 17377 17375 17375 16521 16549 17412 17411 16551 17412 16551 17414 16551 17411 16552 16522 17378 16553 16551 16554 17416 16551 17416 17414 17416 16554 17415 17418 17416 17415 17380 17417 17378 17417 16553 17378 17417 16555 16553 16525 17419 17381 16525 16555 17419 16555 17417 17419 17419 17385 17381 17421 17422 17420 16527 17383 16557 16557 17386 16558 16557 17383 17386 17421 17420 17423 16558 17424 16560 16558 17386 17424 17386 17387 17424 17426 17427 17425 17389 16562 17424 17389 17424 17387 17424 16562 16563 16562 17389 16530 17426 17425 17429 17390 17392 17428 17431 17430 16565 17428 17431 16565 17428 16565 16532 17428 16532 17390 16566 16565 17430 17432 16566 17430 16567 17433 17432 16567 17432 16568 17433 17394 17432 16566 17432 16535 17394 16535 17432 17433 16567 16536 17395 17433 16536 17396 16569 16570 17396 16570 17398 17398 16570 17434 17399 17436 17435 17399 17400 17436 17396 16538 16569 16574 16573 17401 16574 17401 17435 17435 17401 17399 16577 17438 17401 16577 17401 16573 17438 17437 17401 16540 17401 16576 17437 16576 17401 16541 17437 17403 16541 16576 17437 16579 16578 17439 16578 16581 17439 17440 16544 17404 17440 17441 16544 17441 16582 16544 16584 17442 16585 17442 16584 16587 17445 17443 17444 17444 17443 17447 17449 17446 17448 17448 17450 17451 17446 17450 17448 17453 17451 17450 17453 17452 17451 17452 17454 17451 16593 16592 17455 16593 17455 17452 17452 17455 17454 17456 17455 16592 16594 17456 16592 17458 16595 16598 17459 17456 16596 17459 16596 17457 16596 17456 16594 17460 17458 17462 17460 16599 17458 17460 17461 16599 16599 16595 17458 17463 16601 17462 17463 17462 17465 16601 16602 17462 17460 17462 17464 16602 17464 17462 16606 16605 17466 16607 16601 17468 16601 17467 17468 16601 17463 17467 17466 16605 16610 17468 17467 16611 17467 16609 16611 17467 17469 16609 16616 17469 17471 16616 16609 17469 16614 16613 17470 16617 17470 16613 16617 17473 17470 17473 17472 17470 17472 17473 16619 17472 16619 16620 17473 17476 16619 17474 16619 17475 17476 17475 16619 16621 16619 17474 17477 16621 17474 17478 16624 16621 17478 16621 17479 17477 17480 16621 17480 17479 16621 17485 17478 17479 17485 16626 17478 17485 17484 16626 16625 16626 17484 17482 17483 17481 17487 17482 17481 17488 17486 17484 17486 16625 17484 17486 16629 16625 16633 16632 17489 16635 16629 17491 16629 17490 17491 16629 17486 17490 17490 16639 17491 17490 16636 16639 17490 17493 16636 17492 16636 17493 17489 16632 16637 17492 17495 17494 16636 17492 17494 16636 17494 17496 16636 17496 16642 17496 17494 17497 17498 16585 17442 16646 16585 17498 17445 17499 16649 17445 16649 17443 17499 17498 16649 16587 16649 17442 17498 17442 16649 16649 17447 17443 16649 16650 17447 16650 17500 17447 17503 17501 17502 17453 17505 17452 17506 17502 17501 16652 17504 16653 17505 16593 17452 17505 16655 16593 17505 17508 16655 17507 16655 17508 17504 16652 16656 17507 17510 17509 17507 17509 16655 16655 17509 16657 16596 17509 17457 16596 16657 17509 16659 16658 17511 17511 16658 16661 17513 17512 16599 17513 16599 17461 16599 17512 16660 17515 17464 16602 17515 16602 17512 17515 17512 17514 16660 17512 16602 17514 17516 17515 17514 16606 17516 17514 16664 16606 17466 17516 16606 17466 17517 17516 17466 16610 17517 16610 16665 17517 17519 17520 17518 17470 16666 16614 17519 17518 17522 17522 17518 17521 16666 17470 17472 16666 17472 16667 16667 17472 16620 17522 17521 17475 17521 17474 17475 17521 17523 17474 16669 17524 16670 17525 17477 17526 17477 17523 17526 17477 17474 17523 17477 17525 17480 17478 16672 16624 17524 16669 16673 17528 17529 17527 17530 16676 16675 17528 17527 17532 17478 16626 16672 17481 17483 17531 17530 16677 17533 17530 16675 16677 17481 17531 17487 16633 17489 16679 16677 16680 17533 17489 16637 16679 17492 17493 17535 16682 16681 17534 17535 17495 17492 17534 16681 16683 16686 17536 17537 16685 17536 16686 17540 17538 17539 17540 16646 17538 17540 16688 16646 17498 17538 16646 17498 17499 17538 16690 17541 16689 17542 16693 16692 17541 17543 16689 17543 16650 16689 17543 17500 16650 17542 17503 17544 17542 16695 17503 17542 16692 16695 16695 17501 17503 17504 17545 16695 17504 16695 16653 17545 17546 16695 17501 16695 17506 17546 17506 16695 17504 16697 17545 17504 16656 16697 17507 17508 17547 17510 17507 17547 17549 17550 17548 17549 17548 17551 16659 17511 16698 17511 16661 16698 17512 17513 17553 16701 16700 17552 17512 17554 17514 17512 17553 17554 17552 16700 16703 17556 17555 16705 17554 17556 16705 17554 16705 16664 17554 16664 17514 17555 16665 16705 17555 17557 16665 17557 17517 16665 17559 17518 17520 17558 17518 17559 16707 17560 16708 17561 17521 17562 17521 17558 17562 17521 17518 17558 16707 17563 17560 16707 16709 17563 17561 17564 17521 17564 17523 17521 17526 17523 17564 16670 17524 16711 17563 16709 16712 17524 16673 16711 17527 17529 17566 16714 16713 17565 17527 17566 17532 17530 16715 16676 17565 16713 16716 17568 17569 17567 16715 17533 16718 16715 17530 17533 17568 17567 17570 17533 16680 16718 17571 16682 17534 17571 17572 16682 17572 16720 16682 17534 17573 17571 17534 16683 17573 16683 16721 17573 17537 17574 16686 17574 16723 16686 17577 16688 17540 17577 16724 16688 17577 17576 16724 17575 16724 17576 17578 16726 16725 16730 16729 17541 16730 17541 17575 16690 16724 17541 16724 17575 17541 16693 17542 17579 16693 17579 16729 17543 17541 17579 17541 16729 17579 17542 17544 17579 17545 16734 16735 17545 16735 17546 17546 16735 17580 17545 16697 16734 17550 17581 17548 17551 17548 17581 17583 17584 17582 17585 17583 17582 17585 17586 17583 17552 16738 16701 17552 16703 16738 17586 17585 16739 17586 16739 17587 16739 17585 16740 17589 16739 16742 17589 17587 16739 17556 17588 17555 17590 16744 16743 17590 17591 16744 17588 17557 17555 17593 16743 16745 17593 17590 16743 17559 17592 17558 17592 17562 17558 17595 17596 17594 16708 17560 16747 17560 17563 16748 17560 16748 16747 17563 17597 16748 17594 16748 17595 17597 17595 16748 17563 16712 16750 17563 16750 17599 17563 17599 17597 17599 16750 17598 17598 17600 17599 17598 16714 17600 17598 16751 16714 17565 17600 16714 17567 17569 17601 17565 16716 17600 16716 17602 17600 16716 16753 17602 17570 17567 17601 17604 17605 17603 17604 17606 17607 17603 17606 17604 17572 16755 16720 17572 17608 16755 17609 17607 17606 16721 17608 17573 16721 16755 17608 16757 16756 17610 17610 16756 16759 17612 17611 16723 17612 16723 17574 16723 17611 16758 17576 17613 16761 17576 16761 17575 17613 17614 16761 16725 16761 17578 17614 17578 16761 17575 16761 16730 17615 17616 17580 17615 17580 16765 16765 17580 16735 17616 17615 17617 16766 17618 16767 16768 17618 16766 16768 17619 17618 17620 17582 17584 16768 16770 17619 17582 17620 17621 17582 17621 17585 17621 17620 17622 16740 17585 17621 16740 17621 17623 16740 17623 16772 17624 17623 17621 17623 16742 16772 17623 17589 16742 17626 17627 17625 17626 17625 16774 17626 16774 17591 17591 16774 16744 17628 17629 17593 17628 17593 16776 16776 17593 16745 17596 17631 17594 17632 17629 17628 16778 17630 16779 17630 16778 16748 17630 16748 17633 17594 17631 16748 17631 17633 16748 16780 17634 17636 16780 17636 16750 17635 17598 17636 17598 16750 17636 17634 16780 16783 17598 17635 16751 17635 16782 16751 17635 17637 16782 16753 17637 17602 16753 16782 17637 16785 16784 17638 17640 17603 17605 17640 17639 17603 16786 17638 16784 16787 17641 16788 17642 17606 17643 17606 17639 17643 17606 17603 17639 17606 17642 17609 17641 16787 16790 17645 17646 17644 17645 17644 17647 16757 17610 16791 17610 16759 16791 17611 17612 17649 16793 16792 17648 17613 17651 17650 17613 17650 17614 17614 17650 17652 16796 17650 17651 16796 17651 16795 17654 17653 17651 17653 16795 17651 17653 17656 17655 17653 17655 16795 16795 17655 16798 17655 17657 16798 16798 17657 16800 16800 17657 17615 16800 17615 16765 17657 17658 17615 16801 17615 16802 17658 16802 17615 17615 16801 16804 17615 16804 17660 17615 17660 17617 17659 17660 16804 16767 17659 16804 16767 17618 17659 17618 17661 17659 16806 17619 16805 16806 17661 17619 17661 17618 17619 17621 17663 17662 17621 17622 17663 17619 16770 16805 17624 17662 17664 17621 17662 17624 17625 17627 17666 16809 17665 16810 17666 16774 17625 17666 16811 16774 17666 17668 16811 17667 16811 17668 17665 16809 16812 16811 17628 16776 16811 17670 17628 16811 17667 17670 17671 17670 17667 16815 16814 17669 17628 17670 17632 17630 16817 16779 17669 16814 16818 17673 17674 17672 17672 17675 17633 17672 17633 17673 17675 16819 17633 17630 17633 16817 16819 16817 17633 17675 17676 17636 17675 17636 16820 17675 16820 16819 16820 17636 17634 16822 17677 17678 16822 16821 17677 16783 16820 17634 16821 17679 17677 16821 16825 17679 16824 16785 17638 17639 17681 17680 17639 17640 17681 17638 16786 16824 16788 17641 16826 17643 17639 17683 17639 17682 17683 17639 17680 17682 17646 16827 17644 17646 16828 16827 17646 17683 16828 17682 16828 17683 17641 16790 16826 17647 17644 16827 17647 16827 17684 17684 16827 16830 16830 17685 17684 16830 16833 17685 16832 16793 17648 17687 17688 16836 17687 16836 17686 17688 17652 16836 16835 16836 17650 17652 17650 16836 16835 17650 16796 17687 17686 17654 17686 17653 17654 17686 17689 17653 17656 17690 17691 17656 17653 17690 17653 17689 17690 16838 17691 17690 16838 16837 17691 16837 17692 17691 17692 16837 16802 17658 17692 16802 17693 17694 17660 17693 17660 16842 17659 16841 17660 16841 16842 17660 17694 17693 17696 17696 17693 17695 16841 17659 17661 16841 17661 16843 17661 16806 16843 17696 17695 16844 17696 16844 17697 16844 17695 16845 17663 17699 17662 17700 17697 17698 17697 16846 17698 17697 16844 16846 17698 16847 17701 17698 16846 16847 17662 17699 17664 17701 17702 17703 16847 17702 17701 16847 17665 17702 16847 16810 17665 17702 17704 17706 17702 16848 17704 17702 17665 16848 16812 16848 17665 17668 17705 17667 17705 17671 17667 17704 16848 17669 17704 17669 17707 17669 16848 16815 17669 16818 17707 17707 16818 16849 17672 17674 17709 17672 17709 17708 17710 17708 17711 17710 17675 17708 17675 17672 17708 17676 17675 17710 17713 17714 17712 17713 17712 17715 17713 17715 16822 17713 16822 17678 16822 17715 16852 16853 17716 17715 16853 17715 16854 17716 17679 17715 16852 17715 16825 17679 16825 17715 17681 17718 17680 17719 17716 17717 17716 16856 17717 17716 16853 16856 17680 17720 17682 17680 17718 17720 17717 16856 16858 17682 16860 16828 17682 17720 16860 17720 17721 16860 17723 17722 16862 17723 16862 17721 17721 16862 16860 17725 17685 16833 17725 16833 17722 17725 17722 17724 16862 17722 16833 17726 17686 16836 16864 17726 16836 16866 17727 16867 17728 17689 17729 17689 17726 17729 17689 17686 17726 17689 17730 17690 17689 17728 17730 17727 16866 16868 17690 16870 16838 17690 17730 16870 17730 17731 16870 17731 17732 16870 16870 17732 16872 16874 16873 17733 16842 16872 17693 16872 17734 17693 16872 17732 17734 16873 16876 17733 17693 17734 17735 17693 17735 17695 17735 17734 17736 16845 17695 17735 16845 17735 17737 16845 17737 16878 17738 17737 17735 17741 17739 17740 17737 17700 16879 17737 16879 16878 16879 17700 17698 17698 17701 16880 17698 16880 16879 17701 17742 16880 17739 16880 17740 17742 17740 16880 17701 17703 17742 16883 17743 16882 17743 17744 17706 17743 17706 16884 17743 16884 16882 16884 17706 17704 16884 17745 16886 16884 17704 17745 17704 17707 17745 17707 16849 17745 17745 16849 16888 17708 17709 17747 17708 17747 17746 17711 17748 17749 17711 17708 17748 17708 17746 17748 17749 17712 17714 17749 17748 17712 17748 17750 17712 17712 17750 17715 17715 17750 17751 16890 16854 17753 16890 17753 17752 16854 17715 17753 17754 17753 17751 17715 17751 17753 17719 17752 17753 17719 16893 17752 17719 17717 16893 16892 16893 17717 17756 17757 17755 17717 16858 16892 17756 17755 16894 17756 16894 17758 16894 17755 16895 17758 16894 17759 16894 16896 17759 17723 17760 17722 17723 16896 17760 17723 17759 16896 16898 17760 16896 17722 17760 17724 17724 17760 17761 17762 17726 16864 17762 16864 17763 17763 16864 16899 17762 17729 17726 17765 17766 17764 16867 17727 16901 17765 17764 17768 16901 17727 16868 17767 16903 16902 16902 16904 17767 16907 17769 17770 16906 17769 16907 16874 17769 16906 16874 17771 17769 16874 17733 17771 17771 17772 17769 17736 17774 17735 17733 16876 17773 17733 17773 17771 17773 16876 16910 17735 17774 17738 17773 16910 16912 17776 17777 17775 17741 17779 17739 17780 17776 17775 16914 17778 16915 17779 17782 16880 17779 16880 17739 17782 17781 16880 16914 16880 17778 17781 17778 16880 17782 17783 17781 16883 16917 17743 16917 16918 17784 17743 16917 17784 17743 17784 17785 17743 17785 17744 17785 17784 17786 16886 17745 16919 17745 16888 16919 17746 17747 16920 17747 16921 16920 17747 17787 16921 17748 17746 16920 16923 17748 16920 16923 16925 17788 16923 17788 17748 17748 17788 17750 16926 17789 16927 17790 17751 17791 17751 17788 17791 17751 17750 17788 17754 17751 17790 16890 17752 16928 17789 16926 16929 17752 16893 16928 17755 17757 17793 16932 16931 17792 17792 16931 16895 17792 16895 17794 17755 17793 16895 17793 17794 16895 16935 16936 17795 16935 17760 16898 16935 17797 17760 16935 17795 17797 17798 17797 17795 16938 16937 17796 16937 17799 17796 16937 16939 17799 17797 17800 17760 17800 17761 17760 17801 16940 17802 17801 17763 16940 17763 16899 16940 17804 17764 17766 17803 17764 17804 17764 17803 17805 17764 17805 17768 17803 16942 17805 17767 17805 16903 16942 16903 17805 17767 16904 16944 17767 16944 17807 17767 17807 17805 17807 16944 17806 17770 16946 16907 17770 17808 16946 17809 17807 17806 17811 16948 17771 17811 17771 17810 16948 16946 17771 17772 17771 17808 16946 17808 17771 17810 16951 17812 17810 17773 16951 17810 17771 17773 16950 16951 17773 17777 17813 17775 17773 16912 16950 17813 17780 17775 17815 17816 17814 16915 17778 16953 17815 17814 17818 17818 17814 17817 16953 17778 17781 16953 17781 16954 17820 17818 17817 17783 17819 17781 17819 16954 17781 17819 16955 16954 16918 17821 17784 16918 16955 17821 16955 17819 17821 17822 16958 16957 17822 17823 16958 17821 17786 17784 16921 17787 17824 16921 17824 16959 17787 17822 17824 16960 17824 16957 17822 16957 17824 17825 16962 16959 17825 16959 17826 17824 17827 16959 17827 17826 16959 17825 17826 17828 17825 17828 16925 17825 16925 16963 17788 16925 17828 17788 17828 17791 16927 17789 16965 17789 16929 16965 17829 16932 17792 16967 16932 17829 17794 17831 17830 17794 17830 17792 17792 17830 17829 17831 17832 17830 16936 16969 17795 17796 17833 16969 17796 16969 16938 17833 17834 16969 17795 16969 17798 17834 17798 16969 17836 17837 17835 17799 16971 17833 17799 17833 17796 17833 16971 16972 17802 16940 16974 17839 17803 17804 17838 17803 17839 16976 16942 17803 16976 17803 17840 17840 17803 17838 16976 17806 16944 16976 17842 17806 16976 17840 17842 17843 17842 17840 16979 16978 17841 17842 17809 17806 17841 16978 16981 17811 16983 16948 17844 16983 17811 17844 16951 16983 17812 16951 17844 16985 17845 16986 17816 17846 17814 17845 16985 16987 17814 17847 17817 17846 17847 17814 17820 17817 17847 17849 17850 17848 16991 17849 17848 16991 16990 17849 16990 17851 17849 16958 17823 17852 16958 17852 16993 17823 17851 17852 16994 17852 16990 17851 16990 17852 16993 17824 16960 16993 17854 17824 16993 17852 17854 17855 17854 17852 16997 16996 17853 17824 17854 17827 17825 16998 16962 17853 16996 16999 17857 17858 17856 17825 16963 16998 17857 17856 17001 17857 17001 17859 17001 17856 17002 17860 17001 17003 17860 17861 17001 17861 17859 17001 17005 17861 17860 17005 17004 17861 17004 17862 17861 16967 17829 17863 16967 17863 17004 17004 17863 17862 17865 17863 17829 17865 17829 17864 17864 17829 17830 17864 17830 17007 17864 17007 17008 17830 17832 17007 17866 17007 17867 17832 17867 17007 17869 17834 17007 17869 17007 17866 17834 17833 17007 17009 17007 17868 17833 17868 17007 17837 17871 17835 17833 16972 17870 17833 17870 17868 17870 16972 17010 17012 17011 17872 17839 17873 17838 17838 17874 17840 17873 17874 17838 17840 17874 17843 16979 17841 17015 17841 16981 17015 17876 17877 17875 17876 17875 17878 17018 17879 17880 17017 17879 17018 17017 17881 17879 17017 17021 17881 17020 16986 17845 17024 17882 17883 17024 17023 17882 16987 17020 17845 17885 17025 17884 17885 17882 17025 17882 17023 17025 17850 17886 17848 17884 17025 17026 17848 17027 16991 17848 17888 17027 17848 17886 17888 17888 17887 17027 17889 17887 16994 17889 16994 17028 17887 17888 16994 17852 16994 17890 17888 17890 16994 17890 17855 17852 17889 17028 17853 17889 17853 17891 17853 17028 16997 17853 17031 17891 17853 16999 17031 17856 17858 17892 17856 17033 17002 17856 17894 17033 17856 17892 17894 17894 17893 17033 17893 17894 17895 17893 17895 17003 17893 17003 17034 17860 17003 17895 17860 17035 17005 17860 17895 17035 17895 17896 17035 17896 17897 17035 17035 17897 17036 17864 17897 17865 17864 17038 17897 17038 17036 17897 17867 17898 17866 17864 17008 17038 17009 17899 17041 17009 17868 17899 17869 17866 17898 17900 17901 17899 17900 17899 17870 17870 17899 17868 17904 17905 17903 17046 17872 17011 17902 17045 17044 17902 17044 17047 17908 17906 17907 17907 17909 17910 17906 17909 17907 17912 17910 17909 17911 17050 17049 17877 17913 17875 17911 17049 17051 17914 17054 17053 17914 17915 17054 17913 17878 17875 17914 17053 17916 17914 17916 17918 17053 17018 17916 17917 17916 17880 17018 17880 17916 17920 17921 17919 17917 17881 17916 17881 17055 17916 17881 17021 17055 17920 17919 17922 17920 17922 17024 17920 17024 17883 17024 17922 17056 17885 17884 17923 17922 17058 17056 17884 17026 17059 17884 17059 17925 17884 17925 17923 17925 17059 17924 17926 17925 17924 17926 17927 17925 17887 17060 17027 17927 17926 17929 17929 17926 17928 17060 17887 17889 17060 17889 17061 17061 17891 17062 17061 17889 17891 17929 17928 17930 17062 17891 17031 17064 17063 17931 17063 17067 17931 17066 17033 17893 17934 17932 17933 17893 17034 17066 17933 17932 17068 17933 17068 17935 17068 17932 17069 17068 17936 17935 17070 17936 17068 17939 17937 17938 17941 17938 17937 17940 17074 17073 17041 17940 17073 17041 17899 17940 17899 17942 17940 17901 17943 17942 17899 17901 17942 17905 17945 17903 17905 17944 17945 17905 17078 17944 17077 17944 17078 17045 17902 17076 17908 17080 17906 17908 17081 17080 17908 17945 17081 17944 17081 17945 17902 17047 17076 17946 17909 17906 17946 17906 17083 17946 17083 17947 17083 17906 17080 17946 17912 17909 17949 17950 17948 17050 17911 17084 17911 17051 17084 17949 17948 17086 17949 17086 17951 17086 17948 17087 17951 17086 17054 17915 17951 17054 17953 17918 17916 17952 17953 17916 17921 17955 17919 17916 17055 17954 17916 17954 17952 17954 17055 17091 17091 17092 17954 17919 17955 17956 17919 17956 17922 17956 17955 17957 17058 17922 17956 17058 17956 17958 17058 17958 17093 17959 17958 17956 17093 17958 17924 17093 17924 17059 17958 17960 17924 17094 17924 17095 17960 17095 17924 17094 17096 17961 17094 17961 17924 17924 17961 17926 17926 17961 17928 17928 17961 17962 17962 17930 17928 17962 17964 17930 17963 17099 17098 17064 17931 17100 17098 17101 17963 17934 17965 17932 17931 17067 17100 17967 17966 17103 17965 17967 17103 17965 17103 17069 17965 17069 17932 17968 17106 17105 17966 17969 17103 17969 17070 17103 17969 17936 17070 17108 17968 17105 17970 17968 17108 17970 17939 17971 17970 17110 17939 17970 17108 17110 17110 17937 17939 17074 17940 17972 17074 17972 17110 17941 17937 17972 17937 17110 17972 17974 17972 17113 17974 17113 17973 17972 17940 17113 17112 17113 17942 17940 17942 17113 17976 17974 17973 17943 17975 17942 17975 17112 17942 17975 17115 17112 17979 17978 17977 17117 17979 17977 17117 17977 17944 17117 17944 17077 17944 17118 17081 17944 17977 17118 17977 17980 17118 17980 17083 17118 17980 17947 17083 17982 17983 17981 17950 17985 17948 17986 17982 17981 17119 17984 17120 17984 17119 17087 17984 17087 17987 17948 17985 17087 17985 17987 17087 17123 17124 17988 17125 17123 17953 17125 17953 17952 17123 17988 17953 17990 17953 17989 17988 17989 17953 17952 17954 17127 17952 17127 17125 17954 17991 17127 17989 17127 17990 17991 17990 17127 17092 17128 17991 17092 17991 17954 17128 17992 17991 17957 17991 17956 17992 17956 17991 17959 17130 17993 17959 17992 17130 17959 17956 17992 17992 17131 17130 17960 17994 17095 17095 17994 17132 17995 17993 17130 17995 17130 17133 17096 17996 17961 17096 17132 17996 17132 17994 17996 17998 17961 17996 17998 17997 17961 17997 17962 17961 17962 17997 17999 17962 17999 17964 17997 17136 17999 17963 17999 17099 17136 17099 17999 17963 17101 17137 17963 17137 18001 17963 18001 17999 18001 17137 18000 18003 18001 18000 18002 17139 17138 18002 17967 18004 18002 17141 17967 18002 17138 17141 17141 17966 17967 17968 17142 17106 17969 17966 17143 17969 17143 18005 17143 17966 17141 18006 17968 17970 18006 17144 17968 18006 18007 17144 17144 17142 17968 17970 17971 18006 17147 18008 17146 18008 18010 18009 18008 18009 17146 17146 18009 17149 17113 18011 17973 17113 17149 18011 17149 18009 18011 18012 17152 17151 18012 18013 17152 18011 17976 17973 17978 17154 18014 17978 18015 17154 17978 17979 18015 18015 17155 17154 17154 18016 18014 17156 18016 17154 17983 18017 17981 17981 18017 17986 17120 17984 18019 17120 18019 17157 18019 17984 18018 17984 17987 18018 17160 18020 17159 18020 18022 18021 17159 18020 18021 17159 18021 17988 17159 17988 17124 17988 18023 17989 18021 18023 17988 18025 18024 17163 18023 18025 17163 18023 17163 17127 18023 17127 17989 17128 17163 18024 17128 18024 17992 17992 18024 18026 17992 18026 17165 17131 17992 17165 17166 18027 18028 17166 18028 17133 17133 18028 17995 17166 17167 18027 17997 17170 17169 17997 17998 17170 17998 18029 17170 17172 17136 17997 17172 17997 18030 17169 17173 17997 17173 18030 17997 18030 18032 18031 17172 18030 18031 17172 18031 18000 17172 18000 17137 18000 18031 18003 17139 18002 17175 17175 18033 17176 18002 18033 17175 18002 18034 18033 18002 18004 18034 18036 18037 18035 18034 18005 18033 18005 17178 18033 18005 17143 17178 18036 18035 18040 18007 18039 17179 18007 17179 17144 17179 18039 18038 18041 18038 17147 18041 17147 17180 18038 18039 17147 18008 17147 18042 18039 18042 17147 18042 18010 18008 18041 17180 17181 18045 18043 18044 18044 18043 18048 18013 18047 17183 18013 17183 17152 17183 18047 18046 18015 17184 17155 18015 18050 17184 18050 18049 17184 18049 17156 17184 18049 18016 17156 18052 18053 18051 17187 18052 18051 17187 17186 18052 17186 18054 18052 18019 18055 17157 17157 18055 17189 18056 18054 17186 18056 17186 17190 17189 18055 18020 17189 18020 17160 18055 18057 18020 17191 18020 17192 18057 17192 18020 17191 17193 18058 18020 17191 18058 18020 18058 18059 18020 18059 18022 17195 18059 18058 17195 17194 18059 17194 18060 18059 18024 18025 18060 18024 18060 17196 17196 18060 17194 18061 18026 18024 18061 18024 17198 18061 17198 18062 17198 18024 17196 18026 18061 18063 18026 18063 17165 17165 18063 17200 18064 18065 18028 18064 18028 17203 18027 17202 18028 17202 17203 18028 18065 18064 18067 17202 18027 17167 18066 17205 17204 18066 17204 17170 18066 17170 18068 18068 17170 18029 18069 18030 17173 18069 17173 18070 18070 17173 17208 18032 18030 18069 18072 18073 18071 17211 18072 18071 17211 17210 18072 17210 18074 18072 17176 18033 18075 17176 18075 17210 17210 18075 18074 18035 18037 18075 18035 18075 17213 18033 17178 18075 17178 17213 18075 17179 18038 18076 17179 18076 17213 18040 18035 18076 18035 17213 18076 18076 17216 18077 18076 18041 17216 18076 18038 18041 17215 17216 18041 17215 18041 17181 17218 17217 18078 18045 18079 18043 18078 17217 17220 18043 18079 18048 17183 18046 18081 17183 18081 17222 18081 18046 18080 17224 18083 17225 18082 18083 17224 18053 18084 18051 18082 17224 17227 18051 17229 17187 18051 18084 17229 18084 18085 17229 18085 17190 17229 18085 18056 17190 18087 18088 18086 18087 18086 17230 18087 17230 18057 18057 17230 17192 18089 18058 17193 17232 18089 17193 17233 17195 18058 17233 18058 18090 18090 18058 18089 18090 18092 18091 18090 18091 17233 17233 18091 17235 17198 18091 18062 17198 17235 18091 17238 17237 18093 18093 17237 17240 18095 18094 17200 18095 17200 18063 17200 18094 17239 17242 17241 18064 17242 18064 18094 17203 17239 18064 17239 18094 18064 18066 17244 17205 18067 18064 17245 18067 17245 18096 17245 18064 17241 17244 18066 18068 17244 18068 17246 17246 18068 18097 17247 18098 18099 17247 18099 17208 17208 18099 18070 17249 18098 17247 17249 18100 18098 18101 18071 18073 18101 17211 18071 18101 17251 17211 18101 18103 17251 18102 17251 18103 18100 17249 17252 17254 17251 18102 18104 17254 18102 18104 18106 18105 18104 18105 17254 17254 18105 17256 17256 18105 18107 17257 17256 18107 18077 17216 17259 18108 18077 17259 17218 18078 18109 17218 18109 17259 17259 18109 18108 18111 17261 18110 18109 17261 18111 18109 17220 17261 18109 18078 17220 18110 17261 17263 18113 18112 17222 18113 17222 18081 17222 18112 17262 18114 18083 18082 18114 17264 18083 18114 18115 17264 17264 17265 18083 18117 17268 18116 18114 17268 18117 18114 17227 17268 18114 18082 17227 17268 17270 18116 18086 18088 18119 17272 18118 17273 18119 17230 18086 18119 17274 17230 18119 18121 17274 18120 17274 18121 18118 17272 17275 18120 18123 18122 17274 18120 18122 17274 18122 18089 17274 18089 17232 18122 18124 17278 18122 17278 18090 18122 18090 18089 17277 18090 17278 18090 17277 17280 18090 17280 18126 18090 18126 18092 18125 18126 17280 18125 18127 18128 17280 18127 18125 17280 18093 18127 17280 17238 18093 17240 17283 18127 17240 18127 18093 17283 18129 18127 18095 18127 18094 18129 18094 18127 17284 17242 18094 17284 18094 18130 18130 18094 18129 18132 18096 17245 18132 17245 18130 18132 18130 18131 17284 18130 17245 18132 18131 18135 18097 18134 17285 18097 17285 17246 17285 18134 18133 18098 17287 17288 18099 18098 17288 18099 17288 18133 18099 18133 18134 17287 18136 17289 17287 18098 18136 18098 18100 18136 18100 17252 18136 18136 17252 17290 18102 18103 18138 18102 18138 18137 17292 17291 18104 17292 18104 18137 18137 18104 18102 17291 17293 18139 18104 17291 18139 18104 18139 18140 18104 18140 18106 18140 18139 18143 18107 18142 17294 18107 17294 17257 17294 18142 18141 18142 18145 18144 18141 18142 18144 18145 18146 18144 18147 18148 18111 18147 18111 17297 18110 17296 18111 17296 17297 18111 18113 17299 18112 18113 17300 17299 18113 18148 17300 18147 17300 18148 18110 17263 17296 17302 18150 18149 17302 17264 18150 17264 18115 18150 18117 18116 18151 18149 17304 17302 18116 17270 17306 18116 17306 18153 18116 18153 18151 18153 17306 18152 18153 18152 18154 17273 18118 17308 18118 17275 17308 18120 18121 18156 17310 17309 18155 18120 18156 18123 18155 17309 17311 18158 18159 18157 18158 18157 17312 18158 17312 18124 18124 17312 17278 18160 18161 18126 18160 18126 17314 18125 17313 18126 17313 17314 18126 18125 17316 17313 18125 18162 17316 18125 18128 18162 18163 18162 18128 18161 18160 18164 18165 18162 17283 18165 17283 17317 18162 18163 17283 18129 17283 18166 18163 18166 17283 17317 17318 18167 17317 18167 18165 17318 18130 18167 18166 18167 18129 18130 18129 18167 18131 18130 17318 17320 18131 17318 18131 18169 18135 18131 18168 18169 18131 17320 18168 17323 18168 17320 17285 18133 17322 18133 17288 17322 18169 18168 17325 18169 17325 18170 17325 18168 17326 17289 18170 17325 17289 18171 18170 17289 18136 18171 18171 18172 18170 18138 18173 17329 18138 17329 18137 18173 18171 17329 17290 17329 18136 18171 18136 17329 18137 17329 17292 18174 18139 17293 17331 18174 17293 18143 18174 18175 18143 18139 18174 17294 18141 17333 18144 17333 18141 18144 17334 17333 18176 18177 18178 18180 18177 18176 18146 18179 18144 18179 17334 18144 18179 17335 17334 17297 17335 18179 17297 18179 18181 17297 18181 18147 18181 18179 18182 17300 18147 18181 17300 18181 18183 17300 18183 17337 18184 18183 18181 18187 18188 18186 18150 18185 18149 18149 17339 17304 18149 18190 17339 18149 18185 18190 18190 18189 17339 18191 18189 17306 18191 17306 17341 18189 18190 17306 18152 17306 18192 18190 18192 17306 18192 18154 18152 18191 17341 17342 18194 18195 18193 18155 17344 17310 17344 18155 17311 18194 18193 18197 18157 18159 18196 18157 17345 17312 18157 18196 17345 18196 18198 17345 17345 18198 18160 17345 18160 17314 18198 18199 18160 17346 18160 17347 18199 17347 18160 18160 18201 18164 18160 18200 18201 18160 17346 18200 17349 18200 17346 17316 18162 17348 18162 18165 17350 18162 17350 17348 18165 18202 17350 18200 17350 18201 18202 18201 17350 18203 17352 18165 18203 18165 18167 17352 17353 18165 18202 18165 18204 17353 18204 18165 18203 18205 17352 17352 18205 17355 17323 17355 18205 17323 18205 18206 17323 18206 18168 18206 18205 18207 17357 17326 18209 17357 18209 18208 17326 18168 18209 18210 18209 18206 18168 18206 18209 18172 18208 18209 18172 17360 18208 18172 18171 17360 17359 17360 18171 18212 18213 18211 17359 18171 18173 17359 18173 17361 18212 18211 18173 18211 17361 18173 18174 17331 17363 18175 18174 17363 18175 17363 18214 18214 17363 17365 18216 17365 17366 18216 18214 17365 18178 18215 18176 18180 18176 18215 18218 18219 18217 18218 18181 18182 18218 18217 18181 18217 18220 18181 18220 18184 18181 18220 18222 18184 18221 17369 17368 18188 18226 18186 18227 17372 17371 18224 18225 18223 18228 17339 18189 18228 17374 17339 18223 18229 18224 17377 18191 17376 17377 18228 18191 18228 18189 18191 18191 17342 17376 18231 18232 18230 18231 18230 18234 18195 18233 18193 18193 18233 18197 17380 17379 18235 18235 18236 18237 18235 17379 18236 17379 17382 18236 17347 18199 18238 17347 18238 17384 18199 18236 18238 17385 18238 17382 18236 17382 18238 18238 18240 18239 17384 18238 18239 17384 18239 18200 17384 18200 17349 18200 17388 17350 18200 18239 17388 18239 18241 17388 18241 17353 17388 18204 17353 18241 17391 18242 17392 17393 18242 17391 17393 18243 18242 18244 18206 18207 18244 18210 18206 18243 17393 18208 18243 18208 18245 18208 17393 17357 18208 17360 18245 18245 17360 17394 18211 18213 18247 18211 18247 18246 18211 18246 17395 17361 18211 17395 17398 18249 18248 17397 17398 18248 18250 17400 17397 18250 17397 18251 18251 17397 18248 18251 18252 18250 17402 18253 18254 17402 18254 17366 17366 18254 18216 18219 18255 18217 18253 17402 17403 18257 18217 18255 18257 18256 18217 18256 18220 18217 18222 18256 18258 18222 18220 18256 17369 18221 17405 18225 18260 18223 18227 17371 18259 18227 18259 18261 18259 17371 17407 18223 18260 18229 18228 17409 17374 18259 17407 17410 18263 18264 18262 18228 17377 17409 18263 18262 17412 18263 17412 18265 17412 18262 17413 18232 18267 18230 18268 18265 18266 18265 17414 18266 18265 17412 17414 18266 17416 18269 18266 17414 17416 18230 18267 18234 17380 18235 17417 17416 17418 18269 18237 17417 18235 18237 18270 17417 18270 17419 17417 17422 17421 18271 17385 17419 18238 17419 18272 18238 17419 18270 18272 18272 18240 18238 18271 17421 17423 17426 18273 17427 17426 17429 18273 17428 17392 18242 18276 18274 18275 18275 18274 18278 17428 18242 17431 18242 18277 17431 18242 18243 18277 18243 18245 18277 18245 18279 18277 18247 18280 17433 18247 17433 18246 18280 18279 17433 17394 17433 18245 18279 18245 17433 18246 17433 17395 18281 18282 18249 18281 18249 17434 17434 18249 17398 18281 18283 18282 18281 17400 18283 18281 17436 17400 18250 18283 17400 18250 18252 18283 18284 18285 18254 18284 18254 17438 18253 17437 18254 17437 17438 18254 18285 18286 18287 18285 18284 18286 17437 18253 17403 18287 18286 18289 18257 18288 18256 18290 17441 17440 18290 18291 17441 18288 18258 18256 18297 18295 18296 18293 18294 18292 18302 18299 18301 18300 18293 18292 17444 18298 17445 18299 17449 18301 18299 17446 17449 18299 18304 17446 18303 17446 18304 18298 17444 17447 18303 18306 18305 18303 18305 17446 17446 18305 17450 18309 18308 18307 18309 18307 17450 18309 17450 18305 17453 17450 18307 18312 18311 18310 18312 18310 18308 18308 18310 18307 18311 18313 18310 18315 17459 18314 18314 17459 17457 18317 17461 17460 18317 18318 17461 18318 18316 17461 17463 17465 18317 17463 18317 18319 17460 17464 18317 17464 18319 18317 18319 18321 18320 18319 18320 17463 17463 18320 17467 18320 18322 17467 17467 18322 17469 18322 17471 17469 18322 18326 17471 18324 18325 18323 18324 18327 18328 18323 18327 18324 18329 17476 18331 18329 17475 17476 18327 18330 18328 18331 18333 18329 18333 18332 18329 18332 18333 17479 18332 17479 17480 18333 18336 17479 18334 17479 18335 18336 18335 17479 17479 18340 17485 17479 18338 18340 17479 18334 18338 18339 18338 18334 17483 17482 18337 18338 17488 18340 18338 17486 17488 18338 18342 17486 18341 17486 18342 18337 17482 17487 18341 18344 18343 18341 18343 17486 17486 18343 17490 17490 18343 18345 17493 17490 18345 18346 18347 18349 18346 18349 17495 18348 17494 18349 17494 17495 18349 17494 18348 17497 18347 18346 18351 18352 18353 18350 18356 18357 18355 18294 18354 18292 18292 18354 18300 17445 18298 18359 17445 18359 17499 18359 18298 18358 18303 18304 18360 18298 17447 18358 17447 18361 18358 17447 17500 18361 18303 18360 18306 17503 17502 18362 17502 17506 18362 17505 17453 18307 18365 18363 18364 18307 18310 17508 18307 17508 17505 18310 18366 17508 18363 17508 18364 18366 18364 17508 18367 17509 18310 18367 18310 18313 17509 17510 18310 18366 18310 18368 17510 18368 18310 18367 17457 17509 18367 18314 17457 18370 18371 18369 18370 18369 18374 18316 18373 17513 18316 17513 17461 17513 18373 18372 18375 18372 17464 18375 17464 17515 18372 18373 17464 18319 17464 18376 18373 18376 17464 18375 17516 18377 18375 17515 17516 18319 18376 18321 18377 17516 17517 18380 18378 18379 18325 18382 18323 18383 18379 18378 17519 18381 17520 17519 17522 18384 17519 18384 18381 17522 18327 18384 18382 18384 18323 18327 18323 18384 17475 18329 18385 17475 18385 17522 18330 18327 18385 18327 17522 18385 18385 17526 18386 18385 18332 17526 18385 18329 18332 17525 17526 18332 18332 17480 17525 18334 18335 18388 17529 17528 18387 18339 18334 18388 17483 18337 17531 18387 17528 17532 18342 18389 18341 18337 17487 17531 18344 18341 18389 18391 18392 18390 18345 17535 17493 18345 18393 17535 18394 18391 18390 17495 18395 18346 17495 17535 18395 17535 18393 18395 18396 17537 17536 18396 18397 17537 18395 18351 18346 18355 18357 17539 18355 17539 18398 18398 17539 17538 18398 17538 18399 18398 18399 18401 17538 17499 18399 18400 18399 18359 17499 18359 18399 18403 18404 18402 18400 18361 18399 18361 17543 18399 18361 17500 17543 18402 18405 18403 18402 17503 18405 18402 17544 17503 18362 18405 17503 17506 17546 18405 17506 18405 18362 17546 18406 18405 18365 18405 18363 18406 18363 18405 17508 18363 18406 17508 18406 18407 17508 18407 17547 18408 18407 18406 18410 17549 18409 18410 17550 17549 18368 17510 18407 17510 17547 18407 18412 17549 17551 18412 18409 17549 18371 18411 18369 18369 18411 18374 17513 18372 17553 18375 17553 18372 18375 17554 17553 18413 18414 18415 18414 18413 18417 17554 18375 17556 18375 18416 17556 18375 18377 18416 18377 17557 18416 18377 17517 17557 18378 18380 18418 17520 18419 17559 17520 18381 18419 18383 18378 18418 18419 18381 17561 18419 17561 17562 18381 18384 17561 18420 17561 18421 18384 18421 17561 18420 18423 18422 18420 18422 17561 17561 18422 17564 18422 17526 17564 18386 17526 18422 18425 18426 18424 18387 17566 17529 18387 17532 17566 18425 18424 17568 18425 17568 18427 17568 18424 17569 18428 17568 17570 18428 18429 17568 18429 18427 17568 18429 18390 18392 18429 18428 18390 18428 18430 18390 18394 17571 18431 18394 18430 17571 18394 18390 18430 18430 17572 17571 18432 17571 17573 18432 18433 17571 18433 18431 17571 18433 18432 17574 18433 17574 18397 18397 17574 17537 17577 18434 17576 18436 18401 18399 18435 18436 18399 18404 18437 17579 18404 17579 18402 18437 18435 17579 17543 17579 18399 18435 18399 17579 18402 17579 17544 18439 18438 18440 18438 18439 18441 18438 18441 17546 18438 17546 17580 18406 17546 18441 18406 18441 18408 18410 17581 17550 18442 17581 18410 17551 18442 18412 17551 17581 18442 17584 17583 18443 18443 18444 18445 18443 17583 18444 17583 17586 18444 18415 18447 18413 18448 18444 18446 18444 17587 18446 18444 17586 17587 18417 18413 18447 17556 18416 17588 18446 17587 17589 17591 18449 18450 17591 17590 18449 17557 17588 18416 17590 18451 18449 17590 17593 18451 17592 17559 18419 18419 17562 17592 18420 18421 17595 18421 17596 17595 18421 18452 17596 18420 17595 17597 18420 17597 18454 18420 18454 18423 18453 18454 17597 18453 18455 18456 18453 17597 18455 17597 17599 18455 18424 18426 18455 18424 18455 17600 17600 18455 17599 17601 17569 18424 17601 18424 18457 17600 17602 18424 17602 18457 18424 17605 17604 18428 17605 18428 18457 17570 17601 18428 17601 18457 18428 18430 18428 18460 18430 18460 18459 18428 17604 18460 18458 18460 17607 17604 17607 18460 18458 17607 17609 18430 18459 17572 18459 17608 17572 18459 18461 17608 17573 18462 18432 17573 17608 18462 17608 18461 18462 18432 17612 17574 18432 18464 17612 18432 18462 18464 18464 18463 17612 18434 18466 18465 18434 18465 17576 17576 18465 17613 18468 18436 18435 18467 18468 18435 18437 18469 18467 18435 18437 18467 18471 18440 18438 18470 18471 18438 17616 18438 17580 17616 18472 18438 18472 18470 18438 17616 17617 18472 18475 18473 18474 18476 18474 18473 18476 18477 18474 18443 17620 17584 18443 17622 17620 18443 18478 17622 18443 18445 18478 18479 18478 18445 18477 18476 18480 18446 17623 17624 18448 18446 17624 18448 17624 18478 18448 18478 18479 17623 18446 17589 17627 17626 18481 18483 17591 18450 18483 18481 17591 18483 18482 18481 17626 17591 18481 18451 17593 18482 18451 18482 18483 17593 17629 18482 18485 18482 18484 17629 18484 18482 18452 18486 17596 17596 18486 17631 18487 18484 17629 18487 17629 17632 18454 18453 18488 18454 18488 17631 18454 17631 18486 17633 17631 18488 18488 18453 17635 18488 17635 17636 18453 18456 17635 18489 17635 18490 18456 18490 17635 17637 17635 18489 18491 17637 18489 18491 18493 18492 17637 18491 18492 17637 18492 18457 17637 18457 17602 18457 18492 18494 18457 18494 17605 17605 18494 17640 18458 17642 17643 18458 17643 18460 18460 17643 18495 17642 18458 17609 17646 17645 18496 18496 17645 17647 18499 18497 18498 18498 18497 18500 17612 18463 17649 18465 17651 17613 18501 17651 18465 18468 18467 18502 18468 18502 17651 18468 17651 18501 17654 17651 18502 18469 18503 17655 18469 17655 18502 18469 18502 18467 18502 17655 17656 18470 18503 18471 18470 17657 18503 17657 17655 18503 17657 18504 17658 17657 18470 18504 18470 18472 18504 17660 18472 17617 17660 18504 18472 18507 18505 18506 18506 18505 18509 18475 18508 18473 18511 18473 18508 18511 18510 18473 18510 18476 18473 18478 17663 17622 18478 18512 17663 18476 18510 18480 18510 18513 18480 17664 18478 17624 17664 18512 18478 18516 18514 18515 18515 18514 18517 17627 18481 17666 18518 18481 18482 18518 17668 18481 18518 18519 17668 17668 17666 18481 18482 18485 18518 17671 18520 17670 17673 18521 18520 17673 18520 17674 18521 18487 18520 17670 18520 17632 18487 17632 18520 17633 18521 17673 17633 18522 18521 17633 18488 18522 18522 18523 18521 18488 17676 18522 18488 17636 17676 18489 18490 18524 18526 18489 18524 18526 18491 18489 17677 18525 17678 18526 18493 18491 18525 17677 17679 18527 18494 18528 18527 17681 18494 17681 17640 18494 18528 18529 18527 18528 17643 18529 18528 18495 17643 17643 17683 18529 17646 18529 17683 17646 18496 18529 18496 18530 18529 18499 18532 18497 18496 17647 18531 18496 18531 18530 18531 17647 17684 18497 18532 18500 18531 17684 17685 18534 18535 18533 18537 17688 18536 17688 17687 18536 17654 18502 18538 17654 18538 17687 17687 18538 18536 18540 17691 18539 18538 17691 18540 18538 17656 17691 18538 18502 17656 18539 18541 18542 18539 17691 18541 17691 17692 18541 17658 18541 17692 17658 18543 18541 17658 18504 18543 18543 18544 18541 18507 18546 18505 18504 17660 18545 18504 18545 18543 18545 17660 17694 18545 17696 18547 18545 17694 17696 18505 18546 18509 17697 18547 17696 17697 18548 18547 18549 18510 18511 18513 18510 18549 17663 18512 17699 18548 17697 17700 18516 18550 18514 18512 17664 17699 18514 18550 18517 17703 17702 18551 18551 17702 17706 18553 18552 17668 18553 17668 18519 17668 18552 17705 18552 18555 18554 17705 18552 18554 17705 18554 18520 17705 18520 17671 18520 17709 17674 18520 18557 17709 18520 18554 18557 18557 18556 17709 18523 18556 18557 18523 17711 18556 18523 18522 17711 17710 17711 18522 18559 18560 18558 18559 18558 18562 17710 18522 17676 18561 17714 17713 18561 18563 18564 17713 18563 18561 17713 18525 18563 17713 17678 18525 18525 17679 17716 18525 17716 18563 18563 17716 18565 17681 18527 17718 17716 17719 18567 17716 18567 18565 18567 17719 18566 17718 18529 17720 17718 18527 18529 18567 18566 18568 18530 17720 18529 17721 17720 18530 18569 18530 18531 18569 17723 18530 18569 18570 17723 17723 17721 18530 18533 18535 18569 18533 18569 17725 18531 17685 18569 17685 17725 18569 18573 18572 18571 17729 18571 18572 17729 18572 17728 18575 18574 18572 18574 17728 18572 17730 17728 18540 17730 18540 18539 17728 18574 18540 18577 18540 18576 18574 18576 18540 18579 18577 18576 18542 18578 18539 18578 17730 18539 18578 17731 17730 18582 18580 18581 18578 18544 17732 18578 17732 17731 17732 18544 18543 18581 18580 18584 18584 18580 18583 17732 18543 18545 17732 18545 17734 18584 18583 18586 17734 18545 17736 18545 18585 17736 18545 18547 18585 18588 18589 18587 18548 17737 18585 18548 18585 18547 18585 17737 17738 18548 17700 17737 18588 18587 17740 18588 17740 18590 17740 18587 17741 18590 17740 18591 17740 17742 18591 17703 18551 18592 17703 18592 17742 17742 18592 18591 17706 17744 18592 17706 18592 18551 17744 18593 18592 18553 18592 18552 18593 18552 18592 18555 18594 18595 18555 18552 18594 18552 18593 18594 18596 17709 18556 18596 17747 17709 18594 18597 18595 18560 18598 17749 18560 17749 18558 18598 18596 17749 17711 17749 18556 18596 18556 17749 18561 18599 17749 18561 17749 17714 18599 18600 17749 18558 17749 18562 18600 18562 17749 18564 18602 18601 18564 18601 18561 18561 18601 18599 17754 18601 18602 17754 18602 17753 17753 18602 18603 17757 17756 18604 17719 17753 18566 17753 18605 18566 17753 18603 18605 18604 17758 18606 18604 17756 17758 18566 18605 18568 17759 18606 17758 18607 18606 17759 18609 17723 18570 18609 18607 17723 18609 18608 18607 17759 17723 18607 18609 18610 18608 18611 18612 18573 18611 18573 17763 18571 17762 18573 17762 17763 18573 18575 17765 18574 18575 17766 17765 18575 18612 17766 18611 17766 18612 18571 17729 17762 17765 17768 18613 17765 18613 18574 18574 18613 18576 18579 18614 18615 18579 18576 18614 18576 18613 18614 18582 18617 18580 18618 18615 18614 17769 18616 17770 18580 18619 18583 18580 18617 18619 18616 17769 17772 18619 18586 18583 18621 18622 18620 17736 18585 17774 18623 17777 17776 18621 18620 18625 18585 17738 17774 18587 18589 18624 18624 17741 18587 18624 17779 17741 18624 18627 17779 18626 17779 18627 18623 17776 17780 18626 18629 18628 18626 18628 17779 17779 18628 17782 18630 17783 17782 18630 17782 18631 18631 17782 18628 18632 18630 17744 18632 17744 17785 18630 18631 17744 18593 17744 18633 18631 18633 17744 17785 17786 18632 18593 18633 18634 18593 18634 18594 18634 18633 18635 18594 18634 18636 18594 18636 18597 18634 17787 18636 18596 18636 17747 17787 17747 18636 18639 18636 18596 18639 18596 18637 18598 18638 18596 18638 18637 18596 18640 18641 18637 18640 18637 18599 18638 18600 18637 18600 18599 18637 18640 17791 18642 18640 18601 17791 18640 18599 18601 17790 17791 18601 18601 17754 17790 18644 18645 18643 18646 18644 18643 18646 18647 18644 18604 17793 17757 18604 18606 17794 18604 17794 17793 18606 18648 17794 18646 17794 18647 18648 18647 17794 18606 18607 18649 18648 18606 18649 18651 18649 17798 18651 17798 18650 18649 18607 17798 17797 17798 18608 18607 18608 17798 18653 18651 18650 18610 18652 18608 18652 17797 18608 18652 17800 17797 17763 17801 18655 17763 18655 18611 18611 18655 18654 17804 17766 18657 17804 18657 18656 17766 18611 18657 18658 18657 18654 18611 18654 18657 18657 18659 18656 17768 17805 18613 18614 18613 18662 18614 18662 18661 18613 17805 18662 18660 18662 17807 17805 17807 18662 18618 18614 18661 17770 18616 17808 18660 17807 17809 17811 18663 18664 17811 17810 18663 17772 17808 18616 18622 18665 18620 18622 17810 18665 18622 18663 17810 17812 18665 17810 17777 18623 17813 18625 18620 18667 18620 18666 18667 18620 18665 18666 18627 17815 18626 18627 17816 17815 18627 18667 17816 18666 17816 18667 18623 17780 17813 18629 18626 17815 18629 17815 18668 18668 17815 17818 17818 18669 18668 17818 17820 18669 17819 17783 18630 18632 17819 18630 17821 17819 18632 18632 17786 17821 18634 18635 17822 18635 17823 17822 18635 18670 17823 18634 17822 17787 18672 18671 18673 18639 18671 18672 18639 17827 18671 18639 18637 17827 17826 17827 18637 18675 18676 18674 18678 18675 18674 18641 18677 18637 18677 17826 18637 18677 17828 17826 18677 17791 17828 18677 18642 17791 18680 18681 18679 18680 18679 18683 18645 18682 18643 18685 18643 18682 18685 18684 18643 18684 18646 18643 17831 17794 18646 17831 18646 18686 18686 18646 18684 17831 18686 17832 18687 18650 17798 17834 18687 17798 18687 18653 18650 18687 18689 18653 18688 17837 17836 18655 18690 18654 18691 18690 18655 17804 18692 17839 17804 18656 18692 18658 18654 18690 18659 18693 18692 18656 18659 18692 18660 17842 17843 18660 17843 18662 18662 17843 18694 18660 17809 17842 18696 18697 18695 18696 18695 18698 18696 18698 17811 18696 17811 18664 17811 18698 17844 17812 17844 18698 17812 18698 18665 18665 18698 18699 18665 18699 18666 18666 18699 18700 17816 18666 18700 17816 18700 18701 17816 18701 17846 18702 18701 18700 18701 18703 17846 17846 18703 17847 17820 18703 18669 17820 17847 18703 17850 17849 18704 18704 18705 18706 18704 17849 18705 17849 17851 18705 18705 17851 17823 18670 18705 17823 18671 17854 17855 18671 17855 18673 18673 17855 18707 18671 17827 17854 18674 18676 17857 18676 17858 17857 18676 18708 17858 18674 17857 17859 18674 17859 18710 18674 18710 18678 18709 18710 17859 17861 18709 17859 17861 18711 18709 18712 18679 18681 18711 17862 18713 18711 17861 17862 18679 18712 18683 17863 18713 17862 17863 18714 18713 18715 18684 18685 17863 17865 18714 18684 18715 18716 18684 18716 18686 18716 18715 18717 17867 17832 18719 17867 18719 18718 17832 18686 18719 18720 18719 18716 18686 18716 18719 18718 18719 18721 18718 18721 17834 18718 17834 17869 18687 17834 18721 18687 18721 18689 17837 18688 17871 18723 18724 18722 18726 18727 18725 18692 17873 17839 18729 18726 18725 18693 18728 18692 18728 17873 18692 18728 17874 17873 18728 17843 17874 18728 18694 17843 18731 18732 18730 18697 18734 18695 18735 18731 18730 17876 18733 17877 18695 18736 18698 18695 18734 18736 18733 17876 17878 18736 18737 17880 18736 17880 18699 18736 18699 18698 17879 18699 17880 18738 18700 18699 18738 18699 17881 18738 17881 18739 17881 18699 17879 18740 17883 17882 18740 18741 17883 18738 18702 18700 17882 18742 18740 17885 18742 17882 18704 17886 17850 18704 17888 17886 18704 18744 17888 18704 18706 18744 18743 17888 18744 17890 17888 18743 18745 17890 18743 18745 17855 17890 18745 18746 17855 18746 18707 17855 18708 17892 17858 18747 17892 18708 18709 18747 18710 18709 17894 18747 17894 17892 18747 18711 17894 18709 17895 17894 18711 18713 17895 18711 18713 17896 17895 18748 18749 18750 17896 18714 17897 17896 18713 18714 18749 18748 18751 18716 18753 18752 18716 18717 18753 18714 17865 17897 18720 18752 18754 18720 18716 18752 17867 18718 17898 18718 17869 17898 18756 18757 18755 17901 18756 18755 17901 17900 18756 17900 18758 18756 18724 18762 18722 18763 17904 17903 18760 18761 18759 18727 18765 18725 18766 18760 18759 17907 18764 17908 18764 17910 18767 18764 17907 17910 18725 18765 18729 18769 18730 18732 18769 18768 18730 17912 18767 17910 17877 18733 17913 18735 18730 18771 18730 18770 18771 18730 18768 18770 18771 18770 18773 17913 18733 17878 18772 17915 17914 18772 17914 17918 18775 18774 17880 18775 17880 18737 17880 18774 17917 17920 18776 18774 17920 18774 17921 18776 18739 18774 17917 18774 17881 18739 17881 18774 18776 17920 18777 18776 18777 18779 17920 17883 18777 18778 18777 18741 17883 18741 18777 18778 18780 18777 18778 17885 18780 18778 18742 17885 17885 17923 18780 18780 18781 18782 18780 17923 18781 17923 17925 18781 18744 18784 18743 18785 18781 18783 18781 17927 18783 18781 17925 17927 17927 17929 18786 17927 18786 18783 17929 18745 18786 18784 18786 18743 18745 18743 18786 17929 17930 18787 18745 17929 18787 18745 18787 18788 18745 18788 18746 18788 18787 18789 17933 18790 17934 17935 18790 17933 18791 18790 17935 18750 18792 18748 18791 17935 17936 18748 18792 18751 18752 18753 18794 17938 18793 17939 18794 18754 18752 18793 17938 17941 18796 18755 18757 18795 18755 18796 17943 17901 18798 17943 18798 18797 17901 18755 18798 18799 18798 18795 18755 18795 18798 18803 18800 18802 18803 17945 18800 18803 18763 17945 17903 17945 18763 18761 18801 18759 18801 18766 18759 18800 17945 18764 18800 18764 18804 18764 17945 17908 18806 18807 18805 18767 17946 18804 18767 18804 18764 18804 17946 17947 18769 17949 18768 18769 17950 17949 18769 18806 17950 18805 17950 18806 18767 17912 17946 18770 18768 18810 18770 18810 18809 18768 17949 18810 18808 18810 17951 17949 17951 18810 17951 18812 18808 17951 18811 18812 17951 17915 18811 18772 18811 17915 18770 18809 18773 18774 18775 18813 18772 17918 18811 17918 18814 18811 17918 17953 18814 18774 17955 17921 18774 18813 17955 18813 18815 17955 18817 17957 18777 18817 18777 18816 17957 17955 18777 18779 18777 18815 17955 18815 18777 18819 18816 17959 18819 17959 18818 18816 18777 17959 17958 17959 18780 18777 18780 17959 17958 18780 18782 17958 18782 17960 18819 18818 18782 18818 17960 18782 18785 18783 18820 18823 18820 18783 18823 18783 18821 18786 18822 18783 18822 18821 18783 18821 18822 18824 18821 18824 17930 18821 17930 17964 18787 17930 18824 18787 18824 18789 18826 18827 18825 18790 17965 17934 18790 18791 17967 18790 17967 17965 18791 18828 17967 18825 17967 18826 18828 18826 17967 18791 18829 18828 18791 17936 18829 17936 17969 18829 18830 17939 18793 17971 17939 18830 17972 18793 17941 17972 18831 18793 18831 18830 18793 17974 18831 17972 17974 18832 18831 18833 18795 18796 18795 18833 18799 18797 17975 17943 18832 17974 17976 18835 18836 18834 18802 18841 18840 18802 17978 18841 18802 18800 17978 17977 17978 18800 18838 18839 18837 18838 18837 18843 18843 18837 18842 17977 18800 18804 17977 18804 17980 18844 17983 17982 18843 18842 18846 18804 17947 17980 18805 18807 18845 18844 17982 17986 18805 18845 17950 18845 17985 17950 18845 18847 17985 18849 17987 18808 18849 18808 18848 17987 17985 18808 18810 18808 18847 17985 18847 18808 18852 18848 18808 18852 18808 18850 18812 18851 18808 18851 18850 18808 18814 17953 18850 18814 18850 18851 17953 17990 18850 18854 18850 18853 17990 18853 18850 18853 17990 18855 17990 17991 18855 18855 17991 17957 18817 18855 17957 18818 17959 17993 17994 17960 18818 17994 18818 18856 17993 17995 18818 17995 18856 18818 18856 18858 18857 18856 18857 17994 17994 18857 17996 18860 17998 18821 18860 18821 18859 17998 17996 18821 18823 18821 18857 17996 18857 18821 18862 17999 18861 18859 17999 18862 18859 17964 17999 18859 18821 17964 18001 18861 17999 18863 18861 18001 18865 18825 18827 18865 18864 18825 18003 18863 18001 18004 17967 18867 18004 18867 18866 17967 18825 18867 18868 18867 18864 18825 18864 18867 18867 18005 18866 18867 18829 18005 18829 17969 18005 18007 18869 18870 18006 18869 18007 17971 18830 18871 17971 18871 18006 18006 18871 18869 18873 18871 18010 18873 18010 18872 18871 18830 18010 18009 18010 18831 18830 18831 18010 18873 18872 18875 18875 18872 18874 18009 18831 18832 18009 18832 18011 18876 18013 18012 18875 18874 18878 18832 17976 18011 18834 18836 18877 18839 18879 18014 18839 18014 18837 18879 18880 18014 17978 18014 18841 18880 18841 18014 18014 18016 18881 18014 18881 18837 18837 18881 18842 17983 18844 18017 18846 18842 18883 18842 18882 18883 18842 18881 18882 18844 17986 18017 18883 18882 18018 18883 18018 18884 18018 18882 18019 18884 18018 17987 18849 18884 17987 18885 18886 18852 18885 18852 18022 18850 18021 18852 18021 18022 18852 18885 18887 18854 18885 18854 18886 18887 18023 18854 18850 18854 18021 18023 18021 18854 18023 18887 18025 18890 18889 18888 18891 18856 18889 18891 18889 18892 18856 17995 18889 18888 18889 18028 17995 18028 18889 18858 18893 18894 18858 18856 18893 18856 18891 18893 18894 18893 18029 18894 18029 18860 18860 18029 17998 18862 18861 18895 18895 18032 18896 18895 18863 18032 18895 18861 18863 18031 18032 18863 18865 18897 18864 18863 18003 18031 18897 18868 18864 18899 18900 18898 18004 18866 18034 18899 18898 18902 18034 18866 18005 18901 18037 18036 18901 18036 18040 18904 18903 18007 18904 18007 18870 18007 18903 18039 18042 18039 18903 18905 18042 18903 18010 18042 18905 18010 18905 18872 18872 18905 18906 18044 18907 18045 18908 18874 18909 18874 18906 18909 18874 18872 18906 18874 18908 18878 18876 18047 18013 18907 18044 18048 18911 18912 18910 18915 18913 18879 18915 18879 18914 18913 18049 18879 18880 18879 18050 18049 18050 18879 18049 18881 18016 18049 18917 18881 18049 18913 18917 18918 18917 18913 18053 18052 18916 18052 18919 18916 18052 18054 18919 18917 18920 18881 18920 18882 18881 18919 18054 18056 18882 18920 18019 18920 18055 18019 18920 18921 18055 18055 18921 18922 18057 18055 18922 18885 18022 18059 18887 18885 18925 18887 18925 18924 18885 18059 18925 18923 18925 18060 18059 18060 18925 18923 18060 18025 18923 18025 18926 18887 18924 18025 18924 18926 18025 18062 18928 18927 18061 18062 18927 18890 18888 18929 18890 18929 18061 18890 18061 18927 18063 18061 18929 18892 18930 18065 18892 18065 18891 18930 18929 18065 18028 18065 18888 18929 18888 18065 18065 18067 18931 18065 18931 18891 18891 18931 18893 18068 18029 18933 18068 18933 18932 18029 18893 18933 18934 18933 18931 18893 18931 18933 18070 18932 18933 18070 18933 18069 18069 18933 18935 18032 18935 18896 18032 18069 18935 18073 18072 18936 18074 18936 18072 18937 18936 18074 18075 18937 18074 18075 18938 18937 18939 18898 18900 18939 18902 18898 18938 18075 18901 18938 18901 18940 18901 18075 18037 18904 18941 18076 18904 18076 18903 18941 18940 18076 18040 18076 18901 18940 18901 18076 18076 18077 18942 18076 18942 18903 18903 18942 18905 18943 18942 18944 18943 18906 18942 18906 18905 18942 18906 18943 18909 18045 18907 18079 18907 18048 18079 18910 18912 18946 18081 18080 18945 18948 18915 18949 18948 18947 18915 18947 18913 18915 18918 18947 18950 18918 18913 18947 18053 18916 18084 18919 18084 18916 18085 18084 18919 18085 18919 18056 18088 18087 18951 18953 18057 18922 18953 18951 18057 18953 18952 18951 18087 18057 18951 18953 18954 18952 18925 18923 18955 18923 18926 18955 18092 18956 18091 18956 18062 18091 18956 18957 18062 18957 18928 18062 18958 18063 18929 18958 18959 18063 18959 18095 18063 18962 18958 18929 18962 18929 18960 18930 18961 18929 18961 18960 18929 18963 18931 18961 18963 18961 18964 18931 18067 18961 18960 18961 18096 18067 18096 18961 18931 18963 18965 18931 18965 18934 18963 18097 18965 18932 18965 18068 18097 18068 18965 18932 18966 18965 18932 18070 18966 18070 18099 18966 18936 18101 18073 18101 18967 18103 18101 18936 18967 18936 18937 18967 18968 18969 18967 18968 18967 18938 18938 18967 18937 18968 18106 18970 18968 18940 18106 18968 18938 18940 18105 18106 18940 18105 18971 18107 18940 18971 18105 18940 18972 18971 18940 18941 18972 18973 18971 18077 18973 18077 18108 18971 18972 18077 18942 18077 18974 18972 18974 18077 18944 18942 18974 18975 18976 18108 18975 18108 18109 18108 18976 18973 18109 18977 18975 18111 18977 18109 18978 18081 18945 18978 18979 18081 18979 18113 18081 18947 18115 18114 18948 18115 18947 18948 18981 18115 18948 18980 18981 18114 18117 18982 18947 18114 18982 18947 18982 18983 18947 18983 18950 18983 18982 18984 18951 18119 18088 18985 18951 18952 18985 18121 18951 18985 18986 18121 18121 18119 18951 18987 18122 18952 18987 18952 18954 18122 18123 18952 18985 18952 18988 18123 18988 18952 18122 18987 18989 18124 18122 18989 18990 18956 18092 18990 18092 18991 18991 18092 18126 18956 18990 18957 18128 18127 18992 18994 18095 18959 18994 18992 18095 18994 18993 18992 18127 18095 18992 18994 18962 18960 18994 18960 18993 18993 18960 18995 18964 18996 18132 18964 18132 18963 18996 18995 18132 18096 18132 18960 18995 18960 18132 18134 18097 18963 18134 18963 18997 18132 18135 18963 18135 18997 18963 18997 18099 18134 18997 18998 18099 18998 18966 18099 18999 18103 18967 18138 18103 18999 18969 19001 19000 18969 19000 18967 18967 19000 18999 19001 19002 19000 19001 18106 19002 19001 18970 18106 18106 18140 19002 18140 18143 19002 18142 18107 18971 19005 19003 19004 18142 18973 18145 18142 18971 18973 19004 19003 19006 18145 19007 18146 18973 19007 18145 18973 19008 19007 18973 18976 19008 19008 19009 19007 19008 18111 19009 19008 18977 18111 18111 18148 19009 19011 18113 18979 19011 19009 18113 19011 19010 19009 18148 18113 19009 18981 19013 19012 18981 19012 18115 18115 19012 18150 18982 18117 18151 18982 18151 18153 18982 18153 19015 18982 19015 18984 19014 19015 18153 19014 18153 18154 19018 19016 19017 18986 18156 18121 18986 19019 18156 19020 19017 19016 19022 18158 19021 19022 18159 18158 18988 18123 19019 18123 18156 19019 19021 18158 19023 19021 19023 19025 18158 18124 19023 19024 19023 18989 18124 18989 19023 19024 19026 19023 19024 18126 19026 19024 18991 18126 18126 18161 19026 18128 18992 18163 18161 18164 19026 18993 18163 18992 18993 18166 18163 19027 19028 19029 19028 19027 19031 18166 18993 18167 18993 19030 18167 18993 18995 19030 18996 19032 19030 18995 18996 19030 18169 19033 19035 18169 19035 18135 19034 18997 19035 18997 18135 19035 18998 18997 19034 19036 19037 18169 19036 18169 18170 18169 19037 19033 18170 19038 19036 18172 19038 18170 19039 18138 18999 18173 18138 19039 19040 19041 19039 19040 19039 19000 19000 19039 18999 19043 19040 19000 19043 19000 19042 19042 19000 19002 19002 18175 19042 19002 18143 18175 19003 19005 19044 19003 19044 19006 18178 18177 19045 18177 18180 19045 18179 18146 19007 19048 19046 19047 19007 19009 18182 19007 18182 18179 19009 19049 18182 19046 18182 19047 19049 19047 18182 19051 19049 18184 19051 18184 19050 19049 19009 18184 18183 18184 19010 19009 19010 18184 18150 19012 19052 18150 19052 18185 19012 19053 19052 18186 19052 18187 19053 18187 19052 19052 19055 19054 19052 19054 18185 18185 19054 18190 19058 19056 19057 19054 19015 18192 19054 18192 18190 18192 19015 19014 18192 19014 18154 19057 19056 19060 19016 19018 19059 19061 18195 18194 19061 19062 18195 19059 19020 19016 18159 19022 19063 18159 19063 18196 19022 19061 19063 18197 19063 18194 19061 18194 19063 18198 18196 19025 18198 19025 19023 18196 19063 19025 19065 19025 19064 19063 19064 19025 19065 19064 19067 18198 19023 18199 19023 19066 18199 19023 19026 19066 18164 19066 19026 18164 19068 19066 18164 18201 19068 19069 19066 19068 19029 19071 19027 19072 19068 19070 19068 18202 19070 19068 18201 18202 19031 19027 19071 18167 19030 18203 19070 18202 18204 19030 18205 18203 19030 19074 18205 19030 19032 19074 19073 18205 19074 19076 19035 18205 19076 18205 19073 19035 19033 18205 18207 18205 19075 19033 19075 18205 19037 19077 18209 19037 18209 19075 19037 19075 19033 19075 18209 18210 18172 19077 19038 18172 18209 19077 18213 18212 19078 18173 19078 18212 18173 19039 19078 19039 19079 19078 19041 19080 19079 19039 19041 19079 19043 19042 19081 19042 18175 18214 19042 18214 19081 19081 18214 19082 18214 19083 19082 18214 18216 19083 18215 18178 19045 19045 18180 18215 19046 19048 19085 18219 18218 19084 19084 18218 18182 19084 18182 19086 19046 19085 18182 19085 19086 18182 19087 19050 18184 18222 19087 18184 18225 18224 19088 18186 18226 19052 18226 19089 19052 18226 19090 19089 19052 19089 19055 19088 18224 18229 19092 19093 19091 19092 19091 19095 19058 19094 19056 19056 19094 19060 18232 18231 19096 19096 18231 18234 19098 19097 18195 19098 18195 19062 18195 19097 18233 18197 18233 19097 18197 19097 19063 19063 19097 19099 18237 18236 19064 18237 19064 19099 19099 19064 19063 19066 19100 18236 19066 18236 18199 19100 19101 18236 19064 18236 19067 19101 19067 18236 19069 19102 18239 19069 18239 19100 19069 19100 19066 19100 18239 18240 19105 19103 19104 19102 19072 18241 19102 18241 18239 18241 19072 19070 19104 19106 19107 19104 19103 19106 18241 19070 18204 19107 19073 19074 19107 19106 19073 19106 19108 19073 19076 19108 19109 19076 19073 19108 18207 19075 18244 19075 18210 18244 19111 19112 19110 19110 19113 19111 19110 18213 19113 19110 18247 18213 19078 19113 18213 19078 19079 19114 19113 19078 19114 19079 19080 19114 18249 19115 18248 18251 18248 19115 19116 18251 19115 19117 18252 18251 19117 18251 19118 19116 19119 18251 19119 19118 18251 19121 19122 19120 19118 19083 19117 19083 18254 19117 19083 18216 18254 19121 19120 19123 18219 19084 18255 18255 19124 18257 19084 19124 18255 19084 19125 19124 19084 19086 19125 19124 19125 19126 19124 19126 18222 19124 18222 18258 19087 18222 19126 19128 19129 19127 18225 19088 18260 19088 18229 18260 19091 19093 18263 19093 18264 18263 19093 19130 18264 19095 19091 18263 19095 18263 19131 19131 18263 18265 18265 19132 19131 18265 18268 19132 18267 18232 19096 19098 19133 19097 19096 18234 18267 19135 19097 19133 19135 19134 19097 19134 19099 19097 18270 18237 19099 18270 19099 19136 19136 19099 19134 19136 19137 19101 19136 19101 18272 19136 18272 18270 18272 19101 19100 19100 18240 18272 19139 19140 19138 19139 19103 19105 19139 19138 19103 19138 19141 19103 19142 19141 19143 19142 19106 19141 19106 19103 19141 19145 19106 19142 19145 19108 19106 18275 19144 18276 19145 19109 19108 19144 18275 18278 19112 19146 19110 19110 18280 18247 19110 19148 18280 19110 19146 19148 19148 19147 18280 19148 19150 19149 19147 19148 19149 19151 19149 18249 19151 18249 18282 19149 19150 18249 19115 18249 19152 19150 19152 18249 18282 19153 19151 18282 18283 19153 19152 19154 19115 19154 19116 19115 18283 19156 19153 18283 19155 19156 18283 18252 19155 19117 19155 18252 19116 19154 19119 19155 19157 19159 19155 18285 19157 19155 19117 18285 18254 18285 19117 19122 19158 19120 19157 18287 19160 19157 18285 18287 19120 19158 19123 18287 18289 19160 18288 18257 19124 19163 19161 19162 19124 18258 18288 19162 19161 18290 19162 18290 19164 18290 19161 18291 18296 19166 19167 18296 19167 18297 19166 19165 19167 18293 19167 18294 19165 18294 19167 19169 18299 18302 19170 19167 18300 19170 18300 19168 18300 19167 18293 19171 19169 19173 19171 18304 19169 19171 19172 18304 18304 18299 19169 19171 18306 19174 19171 19175 18306 19171 19173 19175 18305 18306 19175 19175 18309 18305 19177 19178 19176 19181 18311 18312 19181 19179 18311 19180 19177 19176 19183 18313 19184 19183 19184 19182 18313 18311 19184 19185 19184 19179 18311 19179 19184 19184 18315 18314 19184 18314 19187 19184 19187 19182 19187 18314 19186 19188 18318 19190 19188 18316 18318 19186 19189 19187 19190 19192 19188 19192 19191 19188 19194 19195 19193 19196 18320 19191 19196 19191 19192 19191 18320 18321 18320 19198 18322 18320 19196 19198 19194 19193 19197 19198 18326 18322 19200 19201 18324 19201 18325 18324 19201 19199 18325 19200 18324 18328 19200 18328 19203 19200 19203 19204 19202 19203 18328 18328 18330 19202 19205 19207 19206 19205 18335 19207 18335 18336 19207 18339 19205 19206 18339 19206 18338 19209 19208 19206 19208 18338 19206 19212 19211 19210 19208 18342 18338 19210 18344 19213 19210 19214 18344 19210 19211 19214 18343 18344 19214 19215 19214 19217 19215 18345 19214 19215 19216 18345 18345 18343 19214 19215 19218 19220 19215 18347 19218 19215 19217 18347 18349 18347 19217 19222 19219 19221 19221 19219 19227 19226 18350 18353 19218 18347 18351 19224 19225 19223 18354 19165 19228 18354 18294 19165 18356 18355 19229 18300 19228 19168 18300 18354 19228 18359 18358 19230 19230 18358 18361 19232 19231 18304 19232 18304 19172 18304 19231 18360 19234 19174 18306 19234 18306 19231 19234 19231 19233 18360 19231 18306 19178 19236 19176 19237 19234 19233 18364 19235 18365 19180 19176 19236 19238 19239 18364 19238 18364 18366 18364 19239 19235 18313 19183 19240 18313 19240 18367 19183 19238 19240 18368 19240 18366 19238 18366 19240 18371 18370 19186 18371 19186 19240 18314 18367 19186 18367 19240 19186 19188 18373 18316 19189 19186 18374 19189 18374 19241 18374 19186 18370 19191 18373 19188 18376 18373 19191 19195 19242 19193 19191 18321 18376 19193 19242 19197 18380 18379 19243 18382 19199 19244 18382 18325 19199 18379 18383 19243 19203 19202 19245 19203 19245 18382 19203 18382 19244 18384 18382 19245 18330 19245 19202 18330 19246 19245 18330 18385 19246 19247 19245 19246 18385 19248 19246 18386 19248 18385 19250 19251 19249 19205 18388 18335 18388 19205 18339 19250 19249 19253 19208 19209 19252 19208 18389 18342 19208 19252 18389 19252 19254 18389 18344 19254 19213 18344 18389 19254 18392 18391 19255 19255 18391 18394 19257 19256 18345 19257 18345 19216 18345 19256 18393 18395 18393 19220 18395 19220 19218 18393 19256 19220 19259 19220 19258 19256 19258 19220 19260 18397 18396 19259 19258 19262 19218 18351 18395 19223 19225 19261 19264 18398 19263 19265 18398 19264 19265 18355 18398 19265 19229 18355 18359 19230 18400 18398 18401 19263 19230 18361 18400 19231 19232 19267 18404 18403 19266 18403 19268 19266 18403 18405 19268 19267 19269 19231 19269 19233 19231 19269 19237 19233 19268 18405 19235 19268 19235 19270 19235 18405 18365 19239 19271 18407 19239 18407 19270 19239 19270 19235 19270 18407 18408 18407 19271 19240 18407 19240 18368 19271 19272 19240 18409 19240 18410 19272 18410 19240 18411 18371 19240 18411 19240 19273 18409 18412 19240 18412 19273 19240 19273 18374 18411 19273 19274 18374 19274 19241 18374 18415 19275 19276 18414 19275 18415 18414 19277 19275 18417 19277 18414 19243 18418 18380 19243 18383 18418 19278 18384 19245 18421 18384 19278 19247 19279 18422 19247 18422 19278 19247 19278 19245 19278 18422 18423 19279 18386 18422 19248 18386 19279 19249 18426 18425 19249 19251 18426 19251 19280 18426 19253 19249 18425 19253 18425 19281 19281 18425 18427 19281 18427 19282 18427 18429 19282 18392 19282 18429 18392 19283 19282 18392 19255 19283 19283 19284 19282 19257 19285 18431 19257 18431 19256 19285 19283 18431 18394 18431 19255 19283 19255 18431 19258 19256 19288 19258 19288 19287 19256 18431 19288 19286 19288 18433 18431 18433 19288 19287 19262 19258 19286 18433 19260 19286 19260 19289 19260 18433 18397 19264 19263 19290 19263 18401 18436 19263 18436 19292 19263 19292 19290 19292 18436 19291 19293 18404 19266 19293 18437 18404 19291 19294 19292 18440 19268 18439 18440 19293 19268 19293 19266 19268 19270 18439 19268 18441 18439 19270 19270 18408 18441 19296 19297 19295 19296 19295 19298 19296 19298 18410 19296 18410 19272 18410 19298 18442 18412 18442 19298 18412 19298 19273 19273 19298 19299 19274 18444 19300 19274 19299 18444 19274 19273 19299 19299 18445 18444 18415 19276 19301 18415 19301 18447 19276 19300 19301 18448 19301 18444 19300 18444 19301 19303 19277 18417 19303 18417 19301 19303 19301 19302 18447 19301 18417 18450 19303 19302 18450 18449 19303 18449 19304 19303 18449 19305 19304 18451 19305 18449 19306 18421 19278 19306 19307 18421 19307 18452 18421 19278 18423 18454 19278 18454 19309 19278 19309 19306 19309 18454 19308 19311 19309 19308 19310 18456 18455 19313 18426 19280 19313 19310 18426 19313 19312 19310 18455 18426 19310 19313 19314 19312 19315 19316 19284 19315 19284 18460 19283 18459 19284 18459 18460 19284 19315 19317 19285 19315 19285 19316 19317 18461 19285 19283 19285 18459 18461 18459 19285 19317 19318 19288 19317 19288 18462 19317 18462 18461 18462 19288 19286 19289 18462 19286 19289 18464 18462 19319 19320 19321 18466 19323 19322 18465 18466 19322 19324 19291 18436 18468 19324 18436 19293 18469 18437 19293 19325 18469 19291 19324 19294 19324 19326 19294 18471 19293 18440 18471 19325 19293 19329 19327 19328 19328 19327 19330 19332 19295 19297 19331 19295 19332 18475 18474 19298 18475 19298 19331 19331 19298 19295 19299 19298 19335 19299 19335 19334 19298 18474 19335 19333 19335 18477 18474 18477 19335 19333 18477 18480 19299 19334 18445 19334 18479 18445 19334 19336 18479 18448 19337 19301 18448 18479 19337 18479 19336 19337 19339 19301 19337 19339 19338 19301 19338 19302 19301 18483 18450 19302 18483 19302 19340 19340 19302 19338 18484 19341 19340 18484 19340 18485 19341 19305 19340 18483 19340 18451 19305 18451 19340 18452 19307 19342 18452 19342 18486 19307 19341 19342 18487 19342 18484 19341 18484 19342 18454 18486 19342 18454 19342 19308 19308 19342 19343 19308 19343 19344 19308 19344 19311 19343 18490 19344 19310 19344 18456 18490 18456 19344 19346 19344 19310 19346 19310 19345 19345 19310 19312 19345 19312 18492 19345 18492 18493 19312 19314 18492 19347 18492 19348 19314 19348 18492 18492 19347 18494 19349 19315 18460 19349 18460 19350 19350 18460 18495 19315 19351 19317 19349 19351 19315 19352 18499 18498 19352 19353 18499 19351 19318 19317 19321 19354 19319 19321 18498 19354 19321 19352 18498 18500 19354 18498 19322 18501 18465 19355 18501 19322 18468 18501 19355 18468 19355 19356 18468 19356 19324 19356 19355 19357 18469 19325 18503 19326 19324 19359 19324 19358 19359 19324 19356 19358 18503 19325 18471 19359 19358 19329 19358 19327 19329 19358 19360 19327 19330 19361 19362 19330 19327 19361 19327 19360 19361 19331 18507 18506 19332 18507 19331 19332 19361 18507 19332 19362 19361 18509 19364 19331 18509 19331 18506 19364 19363 19331 18475 19331 18508 19363 18508 19331 19366 18511 19333 19366 19333 19365 18511 18508 19333 19335 19333 19363 18508 19363 19333 19333 18480 18513 19333 18513 19368 19333 19368 19365 19368 18513 19367 19370 19368 19367 19369 18516 18515 19339 19371 19338 19369 18515 18517 19373 19338 19371 19373 19340 19338 18518 19372 18519 19372 18518 18485 19372 18485 19374 19340 19373 18485 19373 19374 18485 19342 18487 18521 18521 18523 19375 18521 19375 19342 19342 19375 19343 18490 19343 19375 18490 19375 19376 18490 19376 18524 19377 19376 19375 19380 19378 19379 19376 19346 18526 19376 18526 18524 18526 19346 19345 18526 19345 18493 19379 19378 19348 19378 19347 19348 19378 19381 19347 18528 18494 19347 18528 19347 19382 19382 19347 19381 19384 19350 18495 19384 18495 19382 19384 19382 19383 18528 19382 18495 19384 19385 19386 19383 19385 19384 19353 18532 18499 19353 19387 18532 19388 19386 19385 18532 19387 19354 18532 19354 18500 19387 19389 19354 18534 19354 18535 19389 18535 19354 18536 19391 18537 19390 19391 18536 19390 19357 19392 19390 18538 19357 19390 18536 18538 18538 19356 19357 18538 18540 19393 18538 19393 19356 19356 19393 19358 18541 19394 18542 19395 19360 19396 19360 19393 19396 19360 19358 19393 18541 18544 19394 19360 19395 19397 19360 19397 19361 19397 19395 19398 18507 19361 19397 18507 19397 19399 18507 19399 18546 19400 19399 19397 19399 18509 18546 19364 18509 19399 19366 18549 18511 19401 18549 19366 18513 18549 19401 18513 19401 19402 18513 19402 19367 19402 19401 19403 19370 19402 19404 19370 19367 19402 18516 19369 18550 19369 18517 18550 19405 18519 19372 19405 19406 18519 19406 18553 18519 19407 18554 19372 19407 19372 19374 18554 18555 19372 19405 19372 19408 18555 19408 19372 19407 19409 18554 18554 19409 18557 18557 19409 19375 18557 19375 18523 19409 19410 19375 18559 19375 18560 19410 18560 19375 18559 19377 19375 18559 18562 19377 18562 19411 19377 19378 19380 19413 18563 19412 18564 18563 18565 19414 18563 19414 19412 18565 19381 19414 19413 19414 19378 19381 19378 19414 19382 19381 19417 19382 19417 19416 19381 18565 19417 19415 19417 18567 18565 18567 19417 19382 19418 19383 19382 19416 19418 19415 18567 18568 19383 19419 19385 19418 19419 19383 19420 18570 18569 19420 19421 18570 19419 19388 19385 19420 18569 19422 19420 19422 19424 18569 18535 19422 19423 19422 19389 18535 19389 19422 19426 18573 19425 19426 19390 18573 19426 19391 19390 18572 18573 19390 18572 19390 19392 18572 19392 18575 18575 19392 19427 18577 19428 19430 18577 19430 18540 19429 19393 19430 19393 18540 19430 19396 19393 19429 18542 19394 18578 19428 18577 18579 19394 18544 18578 19397 19398 18581 19398 18582 18581 19398 19431 18582 19400 19397 18581 19400 18581 19432 19432 18581 18584 19433 18584 18586 19433 19434 18584 19434 19432 18584 18589 19434 19433 18589 18588 19434 18588 19435 19434 19402 19403 19435 19402 19435 18590 18590 19435 18588 19404 19402 18590 19404 18590 19436 19436 18590 18591 19438 18592 19437 19438 19436 18592 19436 18591 18592 19440 18553 19406 19440 19437 18553 19440 19439 19437 18592 18553 19437 19408 18555 19439 19408 19439 19440 18555 18595 19439 19442 19439 19441 18595 19441 19439 19443 18595 18597 19443 19444 18595 19444 19441 18595 19444 19443 19447 19410 19446 18598 19410 18598 18560 18598 19446 19445 19449 19450 19448 19446 19411 19445 19411 18600 19445 19411 18562 18600 19449 19448 19451 18564 19412 18602 19414 18602 19412 19414 19452 18602 19452 18603 18602 19415 19452 19417 19415 18605 19452 18605 18603 19452 19415 18568 18605 19421 18609 18570 19453 18609 19421 19424 19422 19454 19424 19454 18609 19424 18609 19453 18610 18609 19454 19425 18573 19458 19425 19458 19457 18573 18612 19458 19456 19458 19455 18612 19455 19458 19455 18612 19459 19455 19459 19461 18612 18575 19459 19460 19459 19427 18575 19427 19459 19462 19463 19459 19462 19459 19428 19460 19430 19459 19430 19428 19459 19465 18615 19464 19462 18615 19465 19462 18579 18615 19462 19428 18579 19464 18615 18618 19467 19466 18582 19467 18582 19431 18582 19466 18617 18619 18617 19466 19468 18619 19466 18622 18621 19433 18622 19433 19468 18586 18619 19433 18619 19468 19433 18624 18589 19433 18624 19433 19469 18621 18625 19433 18625 19469 19433 18624 19469 18627 18628 18629 19470 19470 19471 19438 19470 19438 18631 19470 18631 18628 18631 19438 19437 19439 18631 19437 19439 18633 18631 19472 19473 19474 19439 18635 18633 19439 19475 18635 19439 19442 19475 19476 19475 19442 19473 19472 19477 19476 19478 19475 18597 18636 19443 19445 18638 18598 19447 19443 18639 19447 18639 19479 18639 19443 18636 19445 18600 18638 19448 19450 19481 18641 18640 19480 19481 19451 19448 19480 18640 18642 18645 19482 19483 18644 19482 18645 19482 18644 19484 18644 18647 19484 19486 18648 19485 19486 19484 18648 19484 18647 18648 19485 19487 19488 19485 18648 19487 18648 18649 19487 19490 18651 19489 19490 19487 18651 19487 18649 18651 18610 19454 18652 18651 18653 19489 19493 19494 19458 19493 19458 19491 19456 19492 19458 19492 19491 19458 19461 19491 19492 19461 18658 19491 19461 19459 18658 18657 18658 19459 19496 19497 19495 18657 19459 19463 18657 19463 18659 19496 19495 19463 19495 18659 19463 19498 19499 19465 19498 19465 18662 19464 18661 19465 18661 18662 19465 18661 19464 18618 19499 19498 19501 19466 19467 19500 19500 19502 18664 19500 18664 19468 19500 19468 19466 18663 19468 18664 19468 18663 18622 19469 18625 18667 19469 18667 18627 19470 18629 18668 18668 19471 19470 18668 18669 19471 18669 19503 19471 19505 19472 19474 19504 19472 19505 19475 18670 18635 19475 19506 18670 19472 19504 19477 19504 19507 19477 19506 19475 18672 19506 18672 18673 19475 19478 18672 19508 18672 19509 19478 19509 18672 19510 18676 18675 19508 19511 18672 19511 18639 18672 19511 19479 18639 18675 18678 19510 18677 18641 19480 19514 19512 19513 19480 18642 18677 19513 19512 18680 19513 18680 19515 18680 19512 18681 19483 19516 18645 18645 19516 18682 19517 19515 18680 19517 18680 18683 19518 18685 18682 19518 18682 19519 19519 18682 19516 19520 19521 19518 19520 19518 19485 19519 19486 19518 19486 19485 19518 19524 19520 19485 19524 19485 19522 19488 19523 19485 19523 19522 19485 19525 19526 19522 19525 19522 19489 19523 19490 19522 19490 19489 19522 19489 18653 18689 19489 18689 19528 19489 19528 19525 19528 18689 19527 19491 19529 19493 19491 18690 19529 18690 18691 19529 19495 19531 19530 19495 19497 19531 19491 18658 18690 19495 19530 18693 18659 19495 18693 19532 19498 18662 19532 18662 19533 19533 18662 18694 19534 18697 18696 19534 19535 18697 19532 19501 19498 19534 18696 18664 19502 19534 18664 19538 19537 19536 18702 19536 19537 18702 19537 18701 19540 19539 19537 19539 18701 19537 19539 19542 19541 19539 19541 18701 18701 19541 18703 19541 18669 18703 19503 18669 19541 19504 19505 19544 18705 19543 18706 19544 19507 19504 19543 18705 19506 19543 19506 19545 19506 18705 18670 19506 18707 19545 19506 18673 18707 19508 19509 19546 18676 19547 18708 18676 19510 19547 19511 19508 19546 19510 18678 19547 19547 18678 18710 19512 19514 19549 19512 19549 19548 18681 19512 19548 18681 19548 19550 18681 19550 18712 19551 19550 19548 19550 18683 18712 19550 19517 18683 19553 19554 19552 19555 19553 19552 19555 19556 19553 19518 18715 18685 19518 18717 18715 19518 19557 18717 19518 19521 19557 19558 19557 19521 19556 19555 19559 19522 18719 18720 19524 19522 18720 19524 18720 19557 19524 19557 19558 19522 18721 18719 19522 19561 18721 19522 19526 19561 19560 18721 19561 19560 19563 19562 18721 19560 19562 18721 19562 19527 18721 19527 18689 19564 18723 18722 19564 19565 18723 19565 19566 18723 19531 19568 19530 19569 19565 19564 18726 19567 18727 19568 18693 19530 19568 18728 18693 19568 19571 18728 19570 18728 19571 19567 18726 18729 19572 18732 18731 19570 19573 18728 19573 18694 18728 19573 19533 18694 19572 18731 18735 19575 19574 18697 19575 18697 19535 18697 19574 18734 19574 19577 19576 19574 19576 18734 18734 19576 18736 18736 19576 19578 18737 18736 19578 19536 18738 18739 19536 18739 19538 19538 18739 19579 19536 18702 18738 19539 19540 19581 18741 18740 19580 19539 19581 19542 19580 18740 18742 19583 19584 19582 19583 19585 19586 19582 19585 19583 19585 19587 19586 19585 18706 19587 19585 18744 18706 19543 19587 18706 19543 19545 19588 19587 19543 19588 19545 19589 19588 19545 18707 19589 18707 18746 19589 19547 18747 18708 19549 19590 19548 19547 18710 18747 19548 19590 19551 19552 19554 19592 18749 19591 18750 19552 19593 19555 19552 19592 19593 19591 18749 18751 18717 19594 18753 18717 19557 19594 19559 19555 19593 19557 18754 19594 18720 18754 19557 19560 19561 19596 18756 19595 18757 19563 19560 19596 19597 19598 18756 19597 18756 18758 18756 19598 19595 18761 18760 19564 18761 19564 19599 18722 18762 19564 18762 19599 19564 19564 19601 19569 19564 19600 19601 19564 18760 19600 18766 19600 18760 18727 19567 18765 18765 19567 18729 19601 19600 19603 19570 19571 19602 18732 19604 18769 18732 19572 19604 19573 19570 19602 19575 19606 19574 19572 18735 19605 19572 19605 19604 19605 18735 18771 19574 19606 19577 19605 18771 18773 19608 19609 19607 19608 19607 19612 19578 19611 18775 19578 18775 18737 18775 19611 19610 19611 19613 19610 19611 18739 19613 19611 19579 18739 18739 18776 19613 18776 18779 19613 18778 18741 19580 19616 19614 19615 18778 19580 18742 19615 19614 19618 19582 19584 19617 19620 19582 19617 19620 19585 19582 18781 19619 18782 19620 18744 19585 19620 18784 18744 19620 19622 18784 19621 18784 19622 19619 18781 18785 19623 18786 18784 19623 18784 19624 19621 19625 18784 19625 19624 18784 19624 19626 19623 19624 18746 19626 19624 19589 18746 18746 18788 19626 19626 18788 18789 19629 19627 19628 19628 19630 19631 19627 19630 19628 19631 19630 19632 19591 18792 18750 19591 18751 18792 19634 19635 19633 19634 19633 19636 18753 19594 18794 19594 18754 18794 19637 18757 19595 19637 19638 18757 19638 18796 18757 19639 18798 19595 19639 19595 19598 18798 18799 19595 19637 19595 19640 18799 19640 19595 19643 18803 18802 19599 19642 18761 19642 18801 18761 19642 19641 18801 18766 19644 19600 18766 18801 19644 18801 19641 19644 19645 18807 18806 19645 19646 18807 19644 19603 19600 18769 19604 19647 18769 19647 18806 18806 19647 19645 19649 19647 18810 19649 18810 19648 19647 19604 18810 18809 18810 19605 19604 19605 18810 19650 18812 18811 19649 19648 19652 19605 18773 18809 19607 19609 19651 19612 19607 19651 18775 19610 18813 19650 18811 18814 19613 18813 19610 19613 18815 18813 19653 19654 19655 19656 18817 18816 19654 19653 19658 19613 18779 18815 19614 19616 19657 19656 18819 19659 19656 18816 18819 19614 19657 19618 19659 19660 19661 18819 19660 19659 18819 19619 19660 18819 18782 19619 19660 19662 19664 19660 18820 19662 19660 19619 18820 18785 18820 19619 19622 19663 19621 19621 19663 19625 19623 18822 18786 19662 18820 18823 19666 19667 19665 18822 19626 18824 18822 19623 19626 19666 19665 19668 19627 19670 19669 19627 19629 19670 19626 18789 18824 18827 18826 19630 18827 19630 19669 19669 19630 19627 19630 18826 18828 19630 18828 19672 19630 19672 19632 19671 19672 18828 18828 18829 19671 19635 19673 19633 19636 19633 19673 19675 19676 19674 19675 19677 19678 19674 19677 19675 19678 19677 19679 19678 19679 18796 19678 18796 19638 18796 19679 18833 18835 19680 19679 18835 19679 18836 19680 19640 19679 18833 19679 18799 19640 18799 19679 18840 19643 18802 18839 18838 19681 18843 19681 18838 19682 19681 18843 19682 18843 18846 19684 19683 18807 19684 18807 19646 18807 19683 18845 19683 19686 19685 19683 19685 18845 18845 19685 18847 18849 18848 19687 18810 18847 19648 18847 19688 19648 18847 19685 19688 19652 19648 19688 18812 19650 18851 19687 18848 18852 18851 19650 18814 18854 18853 19689 19689 19655 19690 19689 18855 19655 19689 18853 18855 18855 19653 19655 19656 19691 18855 19656 18855 18817 19691 19692 18855 19653 18855 19658 19692 19658 18855 19656 19659 19691 19659 19693 19691 19661 19694 19693 19659 19661 19693 19662 18857 18858 19662 18858 19664 19664 18858 19695 19662 18823 18857 19665 19667 18859 19667 18860 18859 19667 19696 18860 18859 19668 19665 18859 18862 19668 18862 19697 19668 19670 19698 19669 19669 18865 18827 19669 19700 18865 19669 19698 19700 19700 19699 18865 19672 19699 19700 19672 18868 19699 19672 19671 18868 18867 18868 19671 19702 19703 19701 19671 18829 18867 19702 19701 19704 18869 19705 18870 19705 19676 19706 19705 18871 19676 19705 18869 18871 18871 19674 19676 19677 19674 19709 19677 19709 19708 19674 18871 19709 19707 19709 18873 18871 18873 19709 18873 19710 19707 18873 18875 19710 19708 19711 19677 19711 19679 19677 19711 18836 19679 19711 18877 18836 19711 19713 18877 19712 18877 19713 19710 18875 18878 19714 18839 19681 19714 19715 18839 19715 18879 18839 19717 19714 19681 19717 19681 19716 19716 19681 19682 19684 19718 18883 19684 18883 19683 19718 19716 18883 18846 18883 19682 19716 19682 18883 19686 19683 18883 19686 18883 19719 19719 18883 18884 18849 19687 19720 18849 19720 18884 18884 19720 19719 19687 18852 18886 19687 18886 19720 19720 18886 19721 18854 19721 18886 18854 19722 19721 18854 19689 19722 19722 19723 19721 19690 19725 19724 19690 19724 19689 19689 19724 19722 19725 19692 19691 19725 19691 19724 19724 19691 19726 19728 19729 19727 19693 18889 19726 19693 19726 19691 19726 18889 18890 18889 19693 19694 18889 19694 18892 19728 19727 19694 19727 18892 19694 19695 18858 18894 19730 19695 18894 19730 18894 19731 19730 19731 19733 18894 18860 19731 19732 19731 19696 18860 19696 19731 19732 19734 19731 19732 18862 19734 19732 19697 18862 18862 18895 19734 18895 18896 19734 19736 19737 19735 19699 18897 18865 19703 18899 19701 19703 18900 18899 19703 19736 18900 19735 18900 19736 19699 18868 18897 18899 19704 19701 18899 18902 19704 18902 19738 19704 19739 18870 19705 19739 19740 18870 19740 18904 18870 19705 19706 19739 19709 19707 19741 19743 19741 18909 19743 18909 19742 19741 19707 18909 18908 18909 19710 19707 19710 18909 19744 18912 18911 19743 19742 19746 19710 18878 18908 19712 19713 19745 19748 18914 18879 19748 18879 19747 19747 18879 19715 19749 19750 19717 19749 19717 18918 19716 18917 19717 18917 18918 19717 19752 19750 19749 19718 19751 19716 19751 18917 19716 19751 18920 18917 19754 19753 18921 19754 18921 19751 19751 18921 18920 18921 19753 18922 19757 19756 19755 19722 18924 18925 19723 19722 18925 19723 18925 19755 19723 19755 19756 19758 19722 19724 19758 18926 19722 19758 19759 18926 18926 18924 19722 19761 19758 18928 19761 18928 19760 19758 19724 18928 18927 18928 19726 19724 19726 18928 18927 19726 18890 19761 19760 19763 19727 19729 19762 19727 19762 19764 19727 19764 18892 18892 19764 18930 19767 19766 19765 19733 19765 19766 19733 18934 19765 19733 19731 18934 18933 18934 19731 19769 19770 19768 19769 19768 19772 19772 19768 19771 18933 19731 19734 18933 19734 18935 19772 19773 19774 19772 19771 19773 18935 19734 18896 19774 19735 19737 19774 19773 19735 19773 19775 19735 18900 19735 19775 18900 19775 19776 18900 19776 18939 19777 19776 19775 19776 18902 18939 19738 18902 19776 19740 19778 18904 19778 18941 18904 18944 19780 19779 18943 18944 19779 18909 18943 19779 18909 19779 19781 18909 19781 19742 19781 19779 19782 18912 19744 18946 19746 19742 19784 19742 19783 19784 19742 19781 19783 18949 19748 19747 18949 19747 18948 18948 19747 19785 19786 19749 18918 19786 18918 19787 19787 18918 18950 19752 19749 19786 19789 19790 19788 19789 19753 19754 19789 19788 19753 19788 19791 19753 18922 19753 19791 18922 19791 19792 18922 19792 18953 19793 19792 19791 19795 18954 19755 19795 19755 19794 18954 18953 19755 19757 19755 19792 18953 19792 19755 19755 18925 18955 19755 18955 19794 19794 18955 19796 19796 18955 19797 19796 19797 19799 18955 18926 19797 19798 19797 19759 18926 19759 19797 19800 19760 19798 19800 19798 19801 19760 18928 19798 19797 19798 18957 18928 18957 19798 19800 19763 19760 19800 19803 19763 19802 18959 18958 18961 19764 19804 18961 18930 19764 18958 18962 19802 19806 18964 19765 19806 19765 19805 18964 18961 19765 19767 19765 19804 18961 19804 19765 19805 19807 19809 19805 18965 19807 19805 19765 18965 18934 18965 19765 19770 19808 19768 19768 19810 19771 19768 19808 19810 19807 18965 18966 19771 19811 19773 19810 19811 19771 19813 19773 19811 19813 19812 19773 19812 19775 19773 19777 18968 19814 19777 19812 18968 19777 19775 19812 19812 18969 18968 18968 19815 19814 18970 19815 18968 18972 19817 19816 18972 18941 19817 18941 19778 19817 18974 18972 19816 19818 18974 19816 19819 18976 18975 19818 19820 18974 19820 18944 18974 19820 19780 18944 19782 19821 19781 19819 18975 18977 19823 19781 19821 19823 19783 19781 18978 19822 18979 19825 18980 18948 19825 18948 19824 19824 18948 19785 19787 18950 18983 19826 19787 18983 19790 19827 19788 19790 18983 19827 19790 19826 18983 18984 19827 18983 19828 19827 19829 19828 19791 19827 19791 19788 19827 19791 19828 19793 18986 18985 19830 19830 18985 18988 19832 19831 18954 19832 18954 19795 18954 19831 18987 18987 19831 18989 19833 19834 19799 19833 19799 18991 19797 18990 19799 18990 18991 19799 18990 19797 18957 19834 19833 19801 19833 19800 19801 19833 19835 19800 19803 19835 19836 19803 19800 19835 18959 19802 18994 19802 18962 18994 19837 19806 19838 19837 18996 19806 18996 18964 19806 19838 19809 19807 19838 19807 19837 19837 19807 19839 19807 18998 19839 18966 18998 19807 19842 19840 19841 19841 19812 19813 19841 19840 19812 19840 19843 19812 19001 18969 19812 19001 19812 19844 19844 19812 19843 19844 18970 19001 19844 19845 18970 19845 19815 18970 19816 19005 19004 19816 19817 19005 19817 19846 19005 19004 19006 19847 19004 19847 19816 19816 19847 19818 18976 19819 19008 19820 19818 19849 19818 19848 19849 19818 19847 19848 19819 18977 19008 19849 19848 19850 19852 19853 19851 19822 19011 18979 19013 19854 19012 19825 19854 19013 19825 19855 19854 19825 19824 19855 19855 19856 19854 19857 19827 18984 19857 18984 19858 19858 18984 19015 19859 19018 19017 19859 19860 19018 19857 19829 19827 19017 19861 19859 19017 19020 19861 19019 18986 19830 19830 18988 19019 19831 19832 19021 19832 19022 19021 19832 19862 19022 19025 19864 19831 19025 19831 19021 19864 19863 19831 18989 19831 19024 19863 19024 19831 18991 19865 19833 18991 19024 19865 19024 19863 19865 19833 19866 19835 19865 19866 19833 19835 19866 19836 19029 19028 19867 19867 19028 19031 19870 19868 19869 19871 18996 19837 19871 19032 18996 19868 19872 19869 19874 19875 19873 19839 19034 19871 19839 19871 19837 19871 19034 19035 19874 19873 19877 19034 19839 18998 19876 19037 19036 19879 19840 19842 19879 19878 19840 19038 19876 19036 19840 19878 19843 19843 19878 19880 19041 19040 19844 19041 19844 19880 19880 19844 19843 19040 19043 19881 19844 19040 19881 19844 19881 19882 19844 19882 19845 19846 19044 19005 19846 19883 19044 19884 19882 19881 19006 19885 19847 19006 19044 19885 19044 19883 19885 19885 19886 19048 19885 19048 19848 19885 19848 19847 19047 19848 19048 19848 19047 19049 19848 19049 19888 19848 19888 19850 19887 19888 19049 19887 19853 19889 19887 19051 19853 19887 19049 19051 19051 19851 19853 19012 19854 19890 19012 19890 19053 19053 19890 19891 19892 19054 19854 19892 19854 19856 19054 19055 19854 19890 19854 19893 19055 19893 19854 19895 19057 19894 19895 19058 19057 19858 19015 19892 19015 19054 19892 19860 19896 19018 19018 19896 19059 19897 19894 19057 19897 19057 19060 19899 19061 19898 19899 19062 19061 19861 19020 19896 19020 19059 19896 19898 19061 19022 19862 19898 19022 19864 19025 19065 19900 19864 19065 19065 19901 19900 19067 19901 19065 19069 19902 19903 19068 19902 19069 19029 19867 19071 19068 19072 19905 19068 19905 19902 19905 19072 19904 19071 19867 19031 19905 19904 19870 19904 19868 19870 19904 19906 19868 19868 19906 19907 19868 19907 19872 19906 19074 19907 19871 19907 19032 19074 19032 19907 19035 19076 19907 19035 19907 19871 19076 19908 19907 19875 19907 19873 19908 19873 19907 19037 19876 19077 19877 19873 19910 19873 19909 19910 19873 19908 19909 19077 19876 19038 19910 19909 19912 19878 19879 19911 19878 19913 19880 19911 19913 19878 19880 19913 19914 19880 19914 19041 19041 19914 19080 19881 19043 19081 19881 19081 19082 19881 19082 19916 19881 19916 19884 19915 19916 19082 19915 19082 19083 19919 19917 19918 19886 19085 19048 19886 19920 19085 19921 19918 19917 19923 19086 19887 19923 19887 19922 19086 19085 19887 19888 19887 19920 19085 19920 19887 19926 19922 19887 19926 19887 19924 19889 19925 19887 19925 19924 19887 19089 19090 19928 19927 19089 19928 19092 19929 19927 19092 19927 19093 19929 19893 19927 19089 19927 19055 19893 19055 19927 19895 19930 19058 19058 19930 19094 19931 19929 19092 19931 19092 19095 19930 19060 19094 19930 19897 19060 19933 19934 19932 19933 19932 19098 19933 19098 19899 19899 19098 19062 19937 19936 19935 19936 19939 19938 19935 19936 19938 19941 19942 19940 19939 19901 19938 19901 19101 19938 19901 19067 19101 19941 19940 19943 19941 19943 19069 19941 19069 19903 19069 19943 19102 19105 19104 19904 19105 19904 19943 19072 19102 19904 19102 19943 19904 19906 19904 19946 19906 19946 19945 19904 19104 19946 19944 19946 19107 19104 19107 19946 19944 19107 19074 19944 19074 19947 19906 19945 19074 19945 19947 19074 19948 19908 19076 19109 19948 19076 19111 19949 19112 19950 19909 19951 19909 19948 19951 19909 19908 19948 19912 19909 19950 19952 19953 19111 19952 19111 19113 19111 19953 19949 19952 19113 19954 19113 19114 19954 19954 19114 19080 19914 19954 19080 19955 19956 19916 19955 19916 19119 19915 19118 19916 19118 19119 19916 19919 19121 19917 19919 19122 19121 19919 19956 19122 19955 19122 19956 19915 19083 19118 19121 19921 19917 19121 19123 19921 19123 19957 19921 19923 19125 19086 19958 19125 19923 19961 19959 19960 19958 19926 19126 19958 19126 19125 19126 19926 19924 19962 19927 19928 19962 19928 19127 19962 19127 19963 19127 19928 19128 19927 19130 19093 19927 19965 19130 19927 19962 19965 19965 19964 19130 19931 19095 19964 19931 19964 19965 19095 19131 19964 19967 19964 19966 19131 19966 19964 19969 19131 19132 19969 19966 19131 19934 19968 19932 19932 19133 19098 19932 19968 19133 19968 19970 19133 19972 19135 19935 19972 19935 19971 19135 19133 19935 19937 19935 19970 19133 19970 19935 19935 19938 19973 19971 19935 19973 19940 19942 19974 19938 19101 19973 19101 19975 19973 19101 19137 19975 19977 19940 19974 19977 19943 19940 19139 19976 19140 19977 19979 19105 19977 19105 19943 19979 19978 19105 19139 19105 19976 19978 19976 19105 19946 19978 19979 19946 19143 19978 19946 19944 19143 19142 19143 19944 19981 19982 19980 19984 19981 19980 19947 19983 19944 19983 19142 19944 19983 19145 19142 19109 19145 19983 19109 19983 19985 19109 19985 19948 19985 19983 19986 19951 19985 19987 19951 19948 19985 19112 19949 19146 19953 19146 19949 19953 19988 19146 19988 19148 19146 19988 19989 19148 19148 19989 19150 19991 19990 19152 19991 19152 19989 19989 19152 19150 19154 19152 19990 19992 19154 19990 19156 19155 19955 19156 19955 19992 19119 19154 19955 19154 19992 19955 19158 19122 19955 19158 19955 19993 19155 19159 19955 19159 19993 19955 19995 19957 19123 19995 19123 19993 19995 19993 19994 19158 19993 19123 19997 19995 19994 19996 19163 19162 19164 19996 19162 19164 19998 19996 19999 19959 19961</p>
        </triangles>
      </mesh>
    </geometry>
  </library_geometries>
  <library_visual_scenes>
    <visual_scene id="mcubes_scene">
      <node id="SModel" name="SModel">
        <instance_geometry url="#geometry0" />
      </node>
    </visual_scene>
  </library_visual_scenes>
  <scene>
    <instance_visual_scene url="#mcubes_scene" />
  </scene>
</COLLADA>
